INSERT INTO "public"."client" ("id", "created_at", "name", "avatar_url") VALUES
	(1, '2024-12-29 17:24:41.561413+00', 'eKoszt', 'data:image/jpeg;base64,iVBORw0KGgoAAAANSUhEUgAAAZgAAAFSCAYAAADPSMmHAAAMPmlDQ1BJQ0MgUHJvZmlsZQAASImVVwdYU8kWnluSkEAIEEBASuhNEJESQEoILYD0biMkAUKJMRBU7MiigmtBxQI2dFVEsdPsiJ1FsffFgoKyLhbsypsU0HVf+d7km5k//5z5z5lz55YBgHaCKxbnoBoA5IryJTHB/oyk5BQGqRsQAQ3+CECLy8sTs6KiwgEsg/3fy7sbAJH1Vx1kWv8c/69Fky/I4wGAREGcxs/j5UJ8EAC8iieW5ANAlPHmU/PFMgwr0JbAACFeKMMZClwlw2kKvFduExfDhrgVABU1LleSAYD6ZcgzCngZUEO9D2InEV8oAoDGgNgnN3cyH+JUiG2gjRhimT4z7QedjL9ppg1pcrkZQ1ixFnlRCRDmiXO40//PdPzvkpsjHfRhBatapiQkRrZmmLdb2ZPDZFgN4l5RWkQkxFoQfxDy5fYQo5RMaUi8wh415OWxYc6ALsROfG5AGMSGEAeJciLClXxaujCIAzHcIeg0YT4nDmI9iBcK8gJjlTabJJNjlL7Q+nQJm6Xkz3Elcr8yXw+k2fEspf7rTAFHqY+pF2bGJUJMgdiiQJgQAbE6xI552bFhSpsxhZnsiEEbiTRGFr8FxDECUbC/Qh8rSJcExSjtS3PzBteLbcoUciKUeH9+ZlyIIj9YK48rjx+uBbssELHiB3UEeUnhg2vhCwICFWvHugWi+Filzgdxvn+MYi5OEedEKe1xM0FOsIw3g9glryBWORdPyIcbUqGPp4vzo+IUceKFWdzQKEU8+DIQDtggADCAFNY0MBlkAWF7b0Mv/KcYCQJcIAEZQAAclMzgjET5iAi2saAQ/AmRAOQNzfOXjwpAAeS/DrGK1gGky0cL5DOywVOIc0EYyIH/pfJZoiFvCeAJZIT/8M6FlQfjzYFVNv7v+UH2O8OCTLiSkQ56ZNAGLYmBxABiCDGIaIsb4D64Fx4OWz9YnXEm7jG4ju/2hKeEDsIjwnVCJ+H2JGGR5Kcox4JOqB+kzEXaj7nAraCmK+6Pe0N1qIzr4gbAAXeBfli4L/TsClm2Mm5ZVhg/af9tBT9cDaUd2YmMkoeR/cg2P89Ut1N3HVKR5frH/ChiTRvKN3to5Gf/7B+yz4d92M+W2ELsAHYWO4mdx45gDYCBHccasTbsqAwP7a4n8t016C1GHk821BH+w9/glZVlMs+p1qnH6YtiLF8wTfaMBuzJ4ukSYUZmPoMF3wgCBkfEcxzBcHZydgFA9n5RPL7eRMvfG4hu23du/h8AeB8fGBg4/J0LPQ7APnd4+zd952yY8NWhCsC5Jp5UUqDgcFlDgE8JGrzT9IExMAc2cD3OwA14AT8QCEJBJIgDyWAijD4T7nMJmApmgnmgBJSBZWAVWAc2gi1gB9gN9oMGcAScBGfARXAZXAd34e7pAi9AH3gHPiMIQkKoCB3RR0wQS8QecUaYiA8SiIQjMUgykopkICJEisxE5iNlSDmyDtmM1CD7kCbkJHIe6UBuIw+RHuQ18gnFUDVUGzVCrdCRKBNloWFoHDoBzUCnoIVoMboEXYNWo7vQevQkehG9jnaiL9B+DGCqmC5mijlgTIyNRWIpWDomwWZjpVgFVo3VYc3wOl/FOrFe7CNOxOk4A3eAOzgEj8d5+BR8Nr4YX4fvwOvxVvwq/hDvw78RqARDgj3Bk8AhJBEyCFMJJYQKwjbCIcJpeC91Ed4RiURdojXRHd6LycQs4gziYuJ64h7iCWIH8TGxn0Qi6ZPsSd6kSBKXlE8qIa0l7SIdJ10hdZE+qKiqmKg4qwSppKiIVIpUKlR2qhxTuaLyTOUzWYNsSfYkR5L55OnkpeSt5GbyJXIX+TNFk2JN8abEUbIo8yhrKHWU05R7lDeqqqpmqh6q0apC1bmqa1T3qp5Tfaj6UU1LzU6NrTZeTaq2RG272gm122pvqFSqFdWPmkLNpy6h1lBPUR9QP6jT1R3VOep89Tnqler16lfUX9LINEsaizaRVkiroB2gXaL1apA1rDTYGlyN2RqVGk0aNzX6NemaozQjNXM1F2vu1Dyv2a1F0rLSCtTiaxVrbdE6pfWYjtHN6Ww6jz6fvpV+mt6lTdS21uZoZ2mXae/Wbtfu09HScdFJ0JmmU6lzVKdTF9O10uXo5ugu1d2ve0P30zCjYaxhgmGLhtUNuzLsvd5wPT89gV6p3h6963qf9Bn6gfrZ+sv1G/TvG+AGdgbRBlMNNhicNugdrj3cazhveOnw/cPvGKKGdoYxhjMMtxi2GfYbGRsFG4mN1hqdMuo11jX2M84yXml8zLjHhG7iYyI0WWly3OQ5Q4fBYuQw1jBaGX2mhqYhplLTzabtpp/NrM3izYrM9pjdN6eYM83TzVeat5j3WZhYjLWYaVFrcceSbMm0zLRcbXnW8r2VtVWi1QKrBqtuaz1rjnWhda31PRuqja/NFJtqm2u2RFumbbbtetvLdqidq12mXaXdJXvU3s1eaL/evmMEYYTHCNGI6hE3HdQcWA4FDrUODx11HcMdixwbHF+OtBiZMnL5yLMjvzm5OuU4bXW6O0prVOioolHNo1472znznCudr42mjg4aPWd04+hXLvYuApcNLrdc6a5jXRe4trh+dXN3k7jVufW4W7inule532RqM6OYi5nnPAge/h5zPI54fPR088z33O/5l5eDV7bXTq/uMdZjBGO2jnnsbebN9d7s3enD8En12eTT6Wvqy/Wt9n3kZ+7H99vm94xly8pi7WK99Hfyl/gf8n/P9mTPYp8IwAKCA0oD2gO1AuMD1wU+CDILygiqDeoLdg2eEXwihBASFrI85CbHiMPj1HD6Qt1DZ4W2hqmFxYatC3sUbhcuCW8ei44NHbti7L0IywhRREMkiOREroi8H2UdNSXqcDQxOiq6MvppzKiYmTFnY+mxk2J3xr6L849bGnc33iZeGt+SQEsYn1CT8D4xILE8sTNpZNKspIvJBsnC5MYUUkpCyraU/nGB41aN6xrvOr5k/I0J1hOmTTg/0WBizsSjk2iTuJMOpBJSE1N3pn7hRnKruf1pnLSqtD4em7ea94Lvx1/J7xF4C8oFz9K908vTuzO8M1Zk9GT6ZlZk9grZwnXCV1khWRuz3mdHZm/PHshJzNmTq5Kbmtsk0hJli1onG0+eNrlDbC8uEXdO8ZyyakqfJEyyLQ/Jm5DXmK8NP+TbpDbSX6QPC3wKKgs+TE2YemCa5jTRtLbpdtMXTX9WGFT42wx8Bm9Gy0zTmfNmPpzFmrV5NjI7bXbLHPM5xXO65gbP3TGPMi973u9FTkXlRW/nJ85vLjYqnlv8+JfgX2pL1EskJTcXeC3YuBBfKFzYvmj0orWLvpXySy+UOZVVlH1ZzFt84ddRv675dWBJ+pL2pW5LNywjLhMtu7Hcd/mOcs3ywvLHK8auqF/JWFm68u2qSavOV7hUbFxNWS1d3bkmfE3jWou1y9Z+WZe57nqlf+WeKsOqRVXv1/PXX9ngt6Fuo9HGso2fNgk33docvLm+2qq6YgtxS8GWp1sTtp79jflbzTaDbWXbvm4Xbe/cEbOjtca9pman4c6ltWittLZn1/hdl3cH7G6sc6jbvEd3T9lesFe69/m+1H039oftbznAPFB30PJg1SH6odJ6pH56fV9DZkNnY3JjR1NoU0uzV/Ohw46Htx8xPVJ5VOfo0mOUY8XHBo4XHu8/IT7RezLj5OOWSS13TyWdutYa3dp+Ouz0uTNBZ06dZZ09fs773JHznuebLjAvNFx0u1jf5tp26HfX3w+1u7XXX3K/1HjZ43Jzx5iOY1d8r5y8GnD1zDXOtYvXI6533Ii/cevm+Judt/i3um/n3H51p+DO57tz7xHuld7XuF/xwPBB9R+2f+zpdOs8+jDgYduj2Ed3H/Mev3iS9+RLV/FT6tOKZybParqdu4/0BPVcfj7uedcL8YvPvSV/av5Z9dLm5cG//P5q60vq63oleTXwevEb/Tfb37q8bemP6n/wLvfd5/elH/Q/7PjI/Hj2U+KnZ5+nfiF9WfPV9mvzt7Bv9wZyBwbEXAlX/imAwYqmpwPwejsA1GQA6PB8RhmnOP/JC6I4s8oR+E9YcUaUFzcA6uD3e3Qv/Lq5CcDerfD4BfVp4wGIogIQ5wHQ0aOH6uBZTX6ulBUiPAdsivqalpsG/k1RnDl/iPvnHshUXcDP/b8AJt98Rzqd4XcAAACKZVhJZk1NACoAAAAIAAQBGgAFAAAAAQAAAD4BGwAFAAAAAQAAAEYBKAADAAAAAQACAACHaQAEAAAAAQAAAE4AAAAAAAAAkAAAAAEAAACQAAAAAQADkoYABwAAABIAAAB4oAIABAAAAAEAAAGYoAMABAAAAAEAAAFSAAAAAEFTQ0lJAAAAU2NyZWVuc2hvdLfr6EAAAAAJcEhZcwAAFiUAABYlAUlSJPAAAAHWaVRYdFhNTDpjb20uYWRvYmUueG1wAAAAAAA8eDp4bXBtZXRhIHhtbG5zOng9ImFkb2JlOm5zOm1ldGEvIiB4OnhtcHRrPSJYTVAgQ29yZSA2LjAuMCI+CiAgIDxyZGY6UkRGIHhtbG5zOnJkZj0iaHR0cDovL3d3dy53My5vcmcvMTk5OS8wMi8yMi1yZGYtc3ludGF4LW5zIyI+CiAgICAgIDxyZGY6RGVzY3JpcHRpb24gcmRmOmFib3V0PSIiCiAgICAgICAgICAgIHhtbG5zOmV4aWY9Imh0dHA6Ly9ucy5hZG9iZS5jb20vZXhpZi8xLjAvIj4KICAgICAgICAgPGV4aWY6UGl4ZWxZRGltZW5zaW9uPjMzODwvZXhpZjpQaXhlbFlEaW1lbnNpb24+CiAgICAgICAgIDxleGlmOlBpeGVsWERpbWVuc2lvbj40MDg8L2V4aWY6UGl4ZWxYRGltZW5zaW9uPgogICAgICAgICA8ZXhpZjpVc2VyQ29tbWVudD5TY3JlZW5zaG90PC9leGlmOlVzZXJDb21tZW50PgogICAgICA8L3JkZjpEZXNjcmlwdGlvbj4KICAgPC9yZGY6UkRGPgo8L3g6eG1wbWV0YT4KJY+EYwAAABxpRE9UAAAAAgAAAAAAAACpAAAAKAAAAKkAAACpAAANZ53ciTwAAA0zSURBVHgB7N09j2RHFQbg9h+wUzvYmJWMBGskkJxBBollgQgBWTggJXKGyByREhghQ2ghIRLICJEIsEHCknMHkMIfgKnZqXH3qKe3p+ecW1/PSKs7/VW37lOn7zu3anrnpa9/87v/2/kiQIAAAQLBAi8JmGBRzREgQIDAtYCAUQgECBAgkCIgYFJYNUqAAAECAkYNECBAgECKgIBJYdUoAQIECAgYNUCAAAECKQICJoVVowQIECAgYNQAAQIECKQICJgUVo0SIECAgIBRAwQIECCQIiBgUlg1SoAAAQICRg0QIECAQIqAgElh1SgBAgQICBg1QIAAAQIpAgImhVWjBAgQICBg1AABAgQIpAgImBRWjRIgQICAgFEDBAgQIJAiIGBSWDVKgAABAgJGDRAgQIBAioCASWHVKAECBAgIGDVAgAABAikCAiaFVaMECBAgIGDUAAECBAikCAiYFFaNEiBAgICAUQMECBAgkCIgYFJYNUqAAAECAkYNECBAgECKgIBJYdUoAQIECAgYNUCAAAECKQICJoVVowQIECAgYNQAAQIECKQICJgUVo0SIECAgIBRAwQIECCQIiBgUlg1SoAAAQICRg0QIECAQIqAgElh1SgBAgQICBg1QIAAAQIpAgImhVWjBAgQICBg1AABAgQIpAgImBRWjRIgQICAgFEDBAgQIJAiIGBSWDVKgAABAgJGDRAgQIBAioCASWHVKAECBAgIGDVAgAABAikCAiaFVaMECBAgIGDUAAECBAikCAiYFFaNEiBAgICAUQMECBAgkCIgYFJYNUqAAAECAkYNECBAgECKgIBJYdUoAQIECAgYNUCAAAECKQICJoVVowQIECAgYNQAAQIECKQICJgUVo0SIECAgIBRAwQIECCQIiBgUlg1SoAAAQICRg0QIECAQIqAgElh1SgBAgQICBg1QIAAAQIpAgImhVWjBAgQICBg1AABAgQIpAgImBRWjRIgQICAgFEDBAgQIJAiIGBSWDVKgAABAgJGDRAgQIBAioCASWHVKAECBAgIGDVAgAABAikCAiaFVaMECBAgIGDUAAECBAikCAiYFFaNEiBAgICAUQMECBAgkCIgYFJYNUqAAAECAkYNECBAgECKgIBJYdUoAQIECAgYNUCAAAECKQICJoVVowQIECAgYNQAAQIECKQICJgUVo0SeC7w5e+8t3v51adhHJ/+6f3df/71WVh7ozb05NnbuyfP3grv/uef/GH3+Se/D2931QYFzKoj77g3ERAw8cyvvPZ09/q33wtv+L///mz3zz++H97uyg0KmJVH37GnCwiYeOI33/kwvtGrFl0dxrMKmHhTLRK4FRAwtxQh30R71k6ZGqsSsVsBE+upNQIHAtEnxJV/ys5adzE1dlCyoTcETCinxggcCgiYQ49Lb2Wtu5T+rBzal47Hua8TMOdKeR6BCwQEzAVoR14S7Vh3YWqsSuRsBUyOq1YJXAtEnxhX/Gnb1Ni4byYBM+7Y6fkAAgLmcYOUOTX2l1//6HGd8+oXCgiYFxJ5AoHLBQTM5XbllX4l+XF+rV8tYFqPgP1PLSBgLh/eaLvaE+suVSJ/K2Dyje1hYYHok+QqazDWXeZ40wiYOcbRUXQqIGAePjCZ6y6rBPTD1XNeIWByXLVK4FpAwDy8EKLNag9MjVWJ7bYCZjtre1pQIPpkOftP4KbG5nqTCJi5xtPRdCYgYM4fEFNj51uN8kwBM8pI6eeQAgLm/GGLtqp7NjVWJbbfCpjtze1xIYHok+asU2TRTrXE/EeWVaLNVsC0cbfXRQSiT5wzBkzm1JhP67d9owmYtv72PrmAgDk9wJnhMmMYn9bs71EB09+Y6NFEAgLm9GBG+9S9WXepEm23Aqatv71PLhB9Ap3pp3K/kjx58V8dnoCZf4wdYUMBAXMc39TYcZfZ7hUws42o4+lKQMAcH45ol7oXU2NVoo+tgOljHPRiUoHoE+kMU2SmxiYt9iOHJWCOoLiLQJSAgDmUNDV26DH7LQEz+wg7vqYCAuaQP+sPiJkaO3Tu5ZaA6WUk9GNKAQHzxbBGW9SWfVq/SvS3FTD9jYkeTSQQfVIddQ0ma92llIpP6/f7hhEw/Y6Nnk0gIGB2O+suExTyhYcgYC6E8zIC5wgImN0u2qC6W3epEv1uBUy/Y6NnEwhEn1xHmyLLmhqz7jLGm0PAjDFOejmowMoBY2ps0KIN7LaACcTUFIG7AisHTPSxV1tTY1Wi/62A6X+M9HBggeiT7ChTZNHHXUvA1FiVGGMrYMYYJ70cVCD6RDtCwGStu5QSGOH4By3VlG4LmBRWjRJ4LrBawGSuu5gaG+9dJWDGGzM9HkhgtYCJPt461KbGqsRYWwEz1njp7WAC0SfcnqeIMqfGfFp/sMK/6a6AGXPc9HoQgVUCJnNqrOdQHaQMm3VTwDSjt+MVBFYJmOjjrLVh3aVKjLkVMGOOm14PIhB94u3xp/msqTHrLoMU+YluCpgTOB4i8FiB2QPG1NhjK2Tu1wuYucfX0TUWmDlgMsPF1Fjjwg3avYAJgtQMgWMCMwdM9LFVP1NjVWL8rYAZfwwdQccC0SfhXtZgstZdylD2cowdl9UwXRMwwwyVjo4oMGPAmBobsRLb9FnAtHHvaq9vfPX16/587SvPt2/cbO/r5Mf/+PT2ob/dfP/x37+47/ZB34T/sa0efrqPDs1aJqbGqsQ8WwEzz1iedSQlTEqQ1BCp4XLWi8940q9+89H1sz642Z7xkqmfEn0ybh0wmVNjPq0/31tBwMw3pgdHVALk3R98//q+6DA52NGRG+WqplztlKucVa9wZgqYzKmx1sF5pHzdFSAgYAIQe2qihkgJlfp9L/0rVzerXdnMFDBvvvNhSin5leQU1i4aFTBdDMPjO1GvVHoLlWNHttI02iwBE30ctS6su1SJObcCZvBxffeHV1cqZU3lZqF+tMOZ/aom+sTcYp0ic93F1Nho79iH9VfAPMyri2ePdLVyLtisQTN6wGSuu5gaO/fdMe7zBMxAYzdjsOzzzzh1NnrARPe/jrepsSox91bADDK+ZSrsx1f/Vvia6Wom+gS95RSZqbEV3m25xyhgcn0f3frsVy2ngGYImlEDxtTYqcr02LkCAuZcqY2ft3Kw7FOPHjKRAbPltFJkv/fHc8tj2N+v79sICJg27if3WsLll7/4+cnnrPTgyCETeaLe6uQc2ee7dbrlFN/dfbu9vYCA2d785B5XWms5CXHkwZ/89GfD/Y8AkSfrLQLGusuRwnPXxQIC5mK6+BeWq5Zy9eLrfoHRrmZGChjrLvfXnUcuExAwl7mFvsp6y8M4RwqZkQImsq/7I7rFldf+/nzfj4CAaTwW1lsuG4BRQibypJ35wURTY5fVoVedFhAwp31SHxUuj+MdIWRGCBhTY4+rQ6++X0DA3G+T+ohwieHtfeE/MmCy/t+uyD7uj6qpsX2NNb8XMA3GXbjEovccMpEn74yAMTUWW4taOxQQMIcem9z6659/t8l+VtlJ+WNmJWR6/Oo5YEyN9Vgxc/VJwGw8nr39KvL+X5qsf32ykOzfX6646lf5c8vlq7c/EdDrekxkwER/SNEfEKtVbZslIGCyZI+028uHKEt4fPDbj657uB8kR7r8wrtK+JTQ6eE/4uwxZCIDpvwWWdTXK699affyq0+jmrttx7rLLYVvrgQEzEZl0Dpcaqg8NlBOcZVjLF8tw6a39ZjIgDll38tjGetEvRybfjxcQMA83OyiV7Rad9kiWO6CtLyqKcfb03rMSgEjXO6+E9wWMBvUQIt1lxbBcpey1VVbT1NlqwRM5odA79aV2+MICJjksWpxku1tmmhlgxUCRrgkn0QGbl7AJA/ellNjvU0P7dNuHTK9WMweMMJlv8p9f1dAwNwVCby95Um1p2mh+wi3/oBpD1dyMweM3xi7r9LdXwUETJUI3m4ZLj2cSM/l2zJkeriKmTVghMu5Fb/28wRM0vhvFTAjhUul3sqm7K+1z4wBI1xqJdu+SEDAvEjogse3OoG2PnleQHP7kq2MWl/FzBgwZRD9SvJtKfvmhICAOYFz6UNbnDxHDpfquoVT2VdLq1kDprgKmaLg65SAgDmlc8FjW5w0R1jQP5dui9+ya3kVM3PAlDEWMudW+prPEzDB454dMDOFS6HfatH/G9/6XvBIn9fc7AFTFITMebWw4rMETPCoZ/5E3vIn8WCmg+a2+J8OWk2TrRAwZTCFzEFJu3EjIGACSyH76qXVSTKQ6GhTW1zFtArnVQKmDKyQOVreS98pYAKHP/Mn8dmmxu6yZ9rVfbUI6JUCpjhH/82aOna2YwoImMBxy5wea7WGEMhzsqktrmIEzMkhCHnQfx0TwjhNIwImaCgzp8dmv3qpQ5AZ0GUfLabJIq9goq8O/EXLWnm2WQICJkg28+Q4+9VLHYItpsm2tuw5YJ48e3v35NlblT9060omlHPYxgRM0NBlBcwqVy9lGGacJus5YIp5ZshY9C/Ca3/9HwAA//9W65QqAAAPVElEQVTtnb+P5dQVx80/AG0o6FeaSBtmJZDShY40EQJRAkJQ0KbaLkq3VdoUg1CWchQJ0ZAuJVIKdkFipe23gBb+geSdmdwZj5+ffW3f8/W1z8fS6PnZvr73fI73ffYevx8vvfGHd//bsCwicP67s+bvf/vronOcavz548vm4vAXZTGOxtNrefL9s+azP//F6/RH5/3tHx82L//m3tH2ORue/etR88tPz+c0HWzz+4//Mbh/7s5ff37e/PjNo7nNabcDAi8hmOVZ/PTD95tPDn8ey5tvvedx2urOaVJ5cP/MjWMKeMuCefH06+bF069SKMUeX3v9nea11/9U7HztE3mNud0H6/USQDAFcuMlGPWLYQEUWadIM5RPP7iWcnqe1bjAQUppl5zBeL5Ye0rGa+ZV4FLgFM4EEEwBwP/59z8LnOX4FHsojyV5rCWTY6rNVYnM5K1YtiIYY+FVKrNzf/vFR/bAEowAgimQcARzCzGVus4P5a4kl9u9dazZPRgEc5wLz1mM5+zrOBK21EIAwSzMhFd5zIalfCGcgyEJpKbZSU4cyplhyRmM4qY5ksm5gjgmlwCCySV14jhPwSjvFZwI72bzVmVyE0BrRXlvq6RgLARFqYlSWetiYXURAQSzCF/TeAlG+SLYRZBkYu/qqrnU1R137nMl2y0KhllM7pXEcWMEEMwYoZH9exCMCSXJxMJNghkJfdO7VbPDLQrGEotkNn15VzN4BLMwFV4fDPT6X3aSx9bumyxM01Fz1f2trQrGgFEqO7ps2DCRAIKZCKx7eM2CSTJJs5P0vBtDxOcIZjzrzGLGGXHEMAEEM8xndG9NgjGBJJnYwBHK6fSp3klWegaj/tAikjl9DbFnnACCGWc0eITXZ2DGSmRJHtFLXYPJ6dlpXG25+PJS8lmYrQvGWFEqMwoscwggmDnUWm0UgkEmLeATVtsysWbp+YRTLD50D4JhFrP4Mgh7AgSzMPWegrGhJbksHGaI5iaQJz88a747/K0hkz7IexCMxYVk+rLLtjECCGaM0Mh+L8GMdBt+dxKIlbpsSc9rA7MXwRhXSmW1XV31jwfBLMyR103+hcPaVfMkj9pl0gd9T4JhFtOXYbYNEUAwQ3Qy9iGYDEgTDzGh1FbqmhjCzeF7EowFhWRuUstKBgEEkwFp6BAEM0RnfF9bJnZ0mq2Mt9zGEXsTjFGnVLaNa6+GUSKYhVlAMPkAkzy2WOrKj/LukXsUDLOYuznm2WkCCOY0m6w9CKYfU5LJXkpd/VGOb92jYCxqJDOee45oGgSz8CpAMNcA917qmnuZ7FUwxoNS2dyrIk47BLMw117fprxwWK7N0+wkUqlrLtA9C4ZZzNyrIk47BLMw1/ZBSJvF7HVJMole6pqb3z0LxpggmblXRox2CGZhnvcmGEpdCy+ITvO9C8bCpVTWSTpPbwggmBsU81e2+mn+NDuh1DU/92MtIwjmlVfvNWdvPxxDMWv/i6dfNy+efjWrLY3WJ4BgCuRgCzf6kUmBRM84RQTBGBZKZTMujgBNEEyBJNcomHapK8mlQKicYiKBKIIxLKVjbaP+9ouP2k9Z3wgBBFMgUWu/kywJhFJXfjLTt1Qndvktpx1Z+kVX/YNjU6KlVDaFVoxjEUyBPCtv9KcXRGSSn7gkk+6Ps7351nv5J5l5ZCTBGCJKZTMvlJ02QzAFEqsQjOo35AvgWPUUp2TSNygE00dl+bbSUm2PiFJZm0b96wimUI6830mGYPoTZUJ5cP+sObe/w3ruYjNBY+q9lH6xrblEllhSKkskeEQwha4B7xv9COb21z27pa45Kfz88WVzcfjzXiIKxphSKvO+srZxfgRTKE/eZTLV/7gL4Sh2mvQtCVNmJzmdI5gcSsuOKS3X9mgolbVp1LuOYArlxlswNsxosxjPd+epWJZ+kd1CiSz9k6JUlkjEfUQwBXPvXSaLNotBMMcX55YEY6OnVHacw0hbEEzBbHsLxoaqeOdTQSSLTuX5xgkVx8gzmJR8T8lQKkuU63xEMAXzQpmsHExPlqr7L0YDwVxfE15fiPnrz8+bH795VO7C40xFCSCYojibxvN/3TbUKGUyz/IYgil80WecznMWwxdiZiRgpUMQTGHwijKZ6gZ1YTSTTucpalV5zAJmBnObdk/JbO3e1C2Vfa8hmML59SzttIeqfJFs96tY95y9qGeACObuFUOp7C6PvT9DMA4ZVsxilGUeB0SDp/Scvai5IZi7qfacxVAqu8u6hmcIxiELqlnMHktlnrMXS7V65odgjv+BeUqGUtkx7zW3IBgn+p7/C09DVpd7Ur+ej57c1uCFYPqvFkpl/Vz2thXBOGVUUSazoatLPk64rk7rPXtZgxWC6b9iPGcxlMr6ma+xFcE4UVeVyWz4a7xwlsbmLRcbr7o8Zn0iGKPQv3hKhlJZP3P1VgTjSFw1i7EQtnw/RiGXtSSMYIb/gVEqG+az9b0IxjGDylmMhbFFyagYrTF7sZwgGKNwevGcxVAqO81dtQfBOJNWzmLWuIm9BJ9KLmvNXowNghm/QpDMOKOtHoFgnDOnehFth7HmC2p7HEPrSi5rzV4sfgQzdBXc7vMqlVkPfCHmLWf1GoIREFfcY+iGUbNklDzW5oBguldm/3NmMf1ctr4VwYgy6Pn5jlMhrP3i2h2XzVrs547tUbHUUDJEMPmZRjL5rLZyJIIRZUpZEuqGVINolLOWFH8Nb3pAMCkbeY+UyvI4beUoBCPMlPKGf19YatGYVB/cP2s++fD9vuG4blPHeioYBHOKTP92ZjH9XLa6FcGIM7e2ZCxc7xdfdSmsm0Lv+Lr9DT1HMEN0+vchmX4uW9yKYMRZW7NU1g3V7lE8+eHZ1eaLx5fd3dnPLSZblPdXhga35rvGuuNCMF0iec8pleVxqv0oBLNChta4H5ETZls4dvx3/5dPt62Vvc4Pf7YkuXSPWet5TbMXY4Bg5l0JzGLmcautFYJZKSM1lMpWCt2t29rkYoEimPnpRjLz2dXSEsGsmAkkUw5+DW9J7osGwfRRyd9GqSyfVY1HIpiVs4JkliegVrlYZAhmWX6ZxSzjt3ZrBLN2Bg79I5n5SahZLhYVgpmf29QSySQS23tEMJXkDMlMT0TtcrGIEMz0vPa1oFTWR6X+bQimkhzV9PblSpAMDmMLcrEAEMxgGrN3MovJRlXVgQimonQgmbxkbEUuFg2CyctpzlFIJodSXccgmLrycTWaWj8nUwOqLcnFeCGYsldNaZ7t0fG1/m0aZdYRTBmOxc+CZI6R1vDllcejGt5S+gUx+m/Nv/Lqvebs7YfD0Gfu5RcwZ4IbaIZgBuCsvQvJXGfAZi0XX1429ri1BcGUzxilsvJMvc6IYLzIFjqv3Zep5Tu+CoU06TQ1fjp/SgAIZgqt/GNLc233TKmsTWPZOoJZxk/WOtpsZsuzlvZFUfqFMHqJLLGlVJZI1P2IYOrOz9Ho9i6avYglJQ7BJBLlHymVlWda+owIpjRRwfn2KJm9iSVdBggmkfB5LM23PUpKZW0a89YRzDxuVbTag2j2KpZ0gZR+AaRElsheP1Iqu8ujtmcIpraMzBiPicaWNX6aeMZwr5rsXSyJi70Allx++el5ydPt4lylGbehwLtNY/o6gpnOrNoW9o4z+zGwGkVjQrFlq283rjbpDAwCFRNAMBUnZ8nQapjVpFmKxZEEsyQm2kIAAtsigGC2la9Zo00zG2vsNbtJAnly+Jll+6nl9HzWgGkEAQjsggCC2UUapwfRlo61Pj+U1q4eD2W29nJKFEkkduypY9rnYR0CEIhHAMHEyzkRQwACEJAQQDASzHQCAQhAIB4BBBMv50QMAQhAQEIAwUgw0wkEIACBeAQQTLycEzEEIAABCQEEI8FMJxCAAATiEUAw8XJOxBCAAAQkBBCMBDOdQAACEIhHAMHEyzkRQwACEJAQQDASzHQCAQhAIB4BBBMv50QMAQhAQEIAwUgw0wkEIACBeAQQTLycEzEEIAABCQEEI8FMJxCAAATiEUAw8XJOxBCAAAQkBBCMBDOdQAACEIhHAMHEyzkRQwACEJAQQDASzHQCAQhAIB4BBBMv50QMAQhAQEIAwUgw0wkEIACBeAQQTLycEzEEIAABCQEEI8FMJxCAAATiEUAw8XJOxBCAAAQkBBCMBDOdQAACEIhHAMHEyzkRQwACEJAQQDASzHQCAQhAIB4BBBMv50QMAQhAQEIAwUgw0wkEIACBeAQQTLycEzEEIAABCQEEI8FMJxCAAATiEUAw8XJOxBCAAAQkBBCMBDOdQAACEIhHAMHEyzkRQwACEJAQQDASzHQCAQhAIB4BBBMv50QMAQhAQEIAwUgw0wkEIACBeAQQTLycEzEEIAABCQEEI8FMJxCAAATiEUAw8XJOxBCAAAQkBBCMBDOdQAACEIhHAMHEyzkRQwACEJAQQDASzHQCAQhAIB4BBBMv50QMAQhAQEIAwUgw0wkEIACBeAQQTLycEzEEIAABCQEEI8FMJxCAAATiEUAw8XJOxBCAAAQkBBCMBDOdQAACEIhHAMHEyzkRQwACEJAQQDASzHQCAQhAIB4BBBMv50QMAQhAQEIAwUgw0wkEIACBeAQQTLycEzEEIAABCQEEI8FMJxCAAATiEUAw8XJOxBCAAAQkBBCMBDOdQAACEIhHAMHEyzkRQwACEJAQQDASzHQCAQhAIB4BBBMv50QMAQhAQEIAwUgw0wkEIACBeAQQTLycEzEEIAABCQEEI8FMJxCAAATiEUAw8XJOxBCAAAQkBBCMBDOdQAACEIhHAMHEyzkRQwACEJAQQDASzHQCAQhAIB4BBBMv50QMAQhAQEIAwUgw0wkEIACBeAQQTLycEzEEIAABCQEEI8FMJxCAAATiEUAw8XJOxBCAAAQkBBCMBDOdQAACEIhHAMHEyzkRQwACEJAQQDASzHQCAQhAIB4BBBMv50QMAQhAQEIAwUgw0wkEIACBeAQQTLycEzEEIAABCQEEI8FMJxCAAATiEUAw8XJOxBCAAAQkBBCMBDOdQAACEIhHAMHEyzkRQwACEJAQQDASzHQCAQhAIB4BBBMv50QMAQhAQEIAwUgw0wkEIACBeAQQTLycEzEEIAABCQEEI8FMJxCAAATiEUAw8XJOxBCAAAQkBBCMBDOdQAACEIhHAMHEyzkRQwACEJAQQDASzHQCAQhAIB4BBBMv50QMAQhAQEIAwUgw0wkEIACBeAT+B835o3jk5ZQfAAAAAElFTkSuQmCC'),
	(2, '2024-12-29 17:24:54.120773+00', 'Countful', 'data:image/jpeg;base64,iVBORw0KGgoAAAANSUhEUgAAAOoAAADgCAYAAAAND/ooAAAMPmlDQ1BJQ0MgUHJvZmlsZQAASImVVwdYU8kWnluSkEAIEEBASuhNEJESQEoILYD0biMkAUKJMRBU7MiigmtBxQI2dFVEsdPsiJ1FsffFgoKyLhbsypsU0HVf+d7km5k//5z5z5lz55YBgHaCKxbnoBoA5IryJTHB/oyk5BQGqRsQAQ3+CECLy8sTs6KiwgEsg/3fy7sbAJH1Vx1kWv8c/69Fky/I4wGAREGcxs/j5UJ8EAC8iieW5ANAlPHmU/PFMgwr0JbAACFeKMMZClwlw2kKvFduExfDhrgVABU1LleSAYD6ZcgzCngZUEO9D2InEV8oAoDGgNgnN3cyH+JUiG2gjRhimT4z7QedjL9ppg1pcrkZQ1ixFnlRCRDmiXO40//PdPzvkpsjHfRhBatapiQkRrZmmLdb2ZPDZFgN4l5RWkQkxFoQfxDy5fYQo5RMaUi8wh415OWxYc6ALsROfG5AGMSGEAeJciLClXxaujCIAzHcIeg0YT4nDmI9iBcK8gJjlTabJJNjlL7Q+nQJm6Xkz3Elcr8yXw+k2fEspf7rTAFHqY+pF2bGJUJMgdiiQJgQAbE6xI552bFhSpsxhZnsiEEbiTRGFr8FxDECUbC/Qh8rSJcExSjtS3PzBteLbcoUciKUeH9+ZlyIIj9YK48rjx+uBbssELHiB3UEeUnhg2vhCwICFWvHugWi+Filzgdxvn+MYi5OEedEKe1xM0FOsIw3g9glryBWORdPyIcbUqGPp4vzo+IUceKFWdzQKEU8+DIQDtggADCAFNY0MBlkAWF7b0Mv/KcYCQJcIAEZQAAclMzgjET5iAi2saAQ/AmRAOQNzfOXjwpAAeS/DrGK1gGky0cL5DOywVOIc0EYyIH/pfJZoiFvCeAJZIT/8M6FlQfjzYFVNv7v+UH2O8OCTLiSkQ56ZNAGLYmBxABiCDGIaIsb4D64Fx4OWz9YnXEm7jG4ju/2hKeEDsIjwnVCJ+H2JGGR5Kcox4JOqB+kzEXaj7nAraCmK+6Pe0N1qIzr4gbAAXeBfli4L/TsClm2Mm5ZVhg/af9tBT9cDaUd2YmMkoeR/cg2P89Ut1N3HVKR5frH/ChiTRvKN3to5Gf/7B+yz4d92M+W2ELsAHYWO4mdx45gDYCBHccasTbsqAwP7a4n8t016C1GHk821BH+w9/glZVlMs+p1qnH6YtiLF8wTfaMBuzJ4ukSYUZmPoMF3wgCBkfEcxzBcHZydgFA9n5RPL7eRMvfG4hu23du/h8AeB8fGBg4/J0LPQ7APnd4+zd952yY8NWhCsC5Jp5UUqDgcFlDgE8JGrzT9IExMAc2cD3OwA14AT8QCEJBJIgDyWAijD4T7nMJmApmgnmgBJSBZWAVWAc2gi1gB9gN9oMGcAScBGfARXAZXAd34e7pAi9AH3gHPiMIQkKoCB3RR0wQS8QecUaYiA8SiIQjMUgykopkICJEisxE5iNlSDmyDtmM1CD7kCbkJHIe6UBuIw+RHuQ18gnFUDVUGzVCrdCRKBNloWFoHDoBzUCnoIVoMboEXYNWo7vQevQkehG9jnaiL9B+DGCqmC5mijlgTIyNRWIpWDomwWZjpVgFVo3VYc3wOl/FOrFe7CNOxOk4A3eAOzgEj8d5+BR8Nr4YX4fvwOvxVvwq/hDvw78RqARDgj3Bk8AhJBEyCFMJJYQKwjbCIcJpeC91Ed4RiURdojXRHd6LycQs4gziYuJ64h7iCWIH8TGxn0Qi6ZPsSd6kSBKXlE8qIa0l7SIdJ10hdZE+qKiqmKg4qwSppKiIVIpUKlR2qhxTuaLyTOUzWYNsSfYkR5L55OnkpeSt5GbyJXIX+TNFk2JN8abEUbIo8yhrKHWU05R7lDeqqqpmqh6q0apC1bmqa1T3qp5Tfaj6UU1LzU6NrTZeTaq2RG272gm122pvqFSqFdWPmkLNpy6h1lBPUR9QP6jT1R3VOep89Tnqler16lfUX9LINEsaizaRVkiroB2gXaL1apA1rDTYGlyN2RqVGk0aNzX6NemaozQjNXM1F2vu1Dyv2a1F0rLSCtTiaxVrbdE6pfWYjtHN6Ww6jz6fvpV+mt6lTdS21uZoZ2mXae/Wbtfu09HScdFJ0JmmU6lzVKdTF9O10uXo5ugu1d2ve0P30zCjYaxhgmGLhtUNuzLsvd5wPT89gV6p3h6963qf9Bn6gfrZ+sv1G/TvG+AGdgbRBlMNNhicNugdrj3cazhveOnw/cPvGKKGdoYxhjMMtxi2GfYbGRsFG4mN1hqdMuo11jX2M84yXml8zLjHhG7iYyI0WWly3OQ5Q4fBYuQw1jBaGX2mhqYhplLTzabtpp/NrM3izYrM9pjdN6eYM83TzVeat5j3WZhYjLWYaVFrcceSbMm0zLRcbXnW8r2VtVWi1QKrBqtuaz1rjnWhda31PRuqja/NFJtqm2u2RFumbbbtetvLdqidq12mXaXdJXvU3s1eaL/evmMEYYTHCNGI6hE3HdQcWA4FDrUODx11HcMdixwbHF+OtBiZMnL5yLMjvzm5OuU4bXW6O0prVOioolHNo1472znznCudr42mjg4aPWd04+hXLvYuApcNLrdc6a5jXRe4trh+dXN3k7jVufW4W7inule532RqM6OYi5nnPAge/h5zPI54fPR088z33O/5l5eDV7bXTq/uMdZjBGO2jnnsbebN9d7s3enD8En12eTT6Wvqy/Wt9n3kZ+7H99vm94xly8pi7WK99Hfyl/gf8n/P9mTPYp8IwAKCA0oD2gO1AuMD1wU+CDILygiqDeoLdg2eEXwihBASFrI85CbHiMPj1HD6Qt1DZ4W2hqmFxYatC3sUbhcuCW8ei44NHbti7L0IywhRREMkiOREroi8H2UdNSXqcDQxOiq6MvppzKiYmTFnY+mxk2J3xr6L849bGnc33iZeGt+SQEsYn1CT8D4xILE8sTNpZNKspIvJBsnC5MYUUkpCyraU/nGB41aN6xrvOr5k/I0J1hOmTTg/0WBizsSjk2iTuJMOpBJSE1N3pn7hRnKruf1pnLSqtD4em7ea94Lvx1/J7xF4C8oFz9K908vTuzO8M1Zk9GT6ZlZk9grZwnXCV1khWRuz3mdHZm/PHshJzNmTq5Kbmtsk0hJli1onG0+eNrlDbC8uEXdO8ZyyakqfJEyyLQ/Jm5DXmK8NP+TbpDbSX6QPC3wKKgs+TE2YemCa5jTRtLbpdtMXTX9WGFT42wx8Bm9Gy0zTmfNmPpzFmrV5NjI7bXbLHPM5xXO65gbP3TGPMi973u9FTkXlRW/nJ85vLjYqnlv8+JfgX2pL1EskJTcXeC3YuBBfKFzYvmj0orWLvpXySy+UOZVVlH1ZzFt84ddRv675dWBJ+pL2pW5LNywjLhMtu7Hcd/mOcs3ywvLHK8auqF/JWFm68u2qSavOV7hUbFxNWS1d3bkmfE3jWou1y9Z+WZe57nqlf+WeKsOqRVXv1/PXX9ngt6Fuo9HGso2fNgk33docvLm+2qq6YgtxS8GWp1sTtp79jflbzTaDbWXbvm4Xbe/cEbOjtca9pman4c6ltWittLZn1/hdl3cH7G6sc6jbvEd3T9lesFe69/m+1H039oftbznAPFB30PJg1SH6odJ6pH56fV9DZkNnY3JjR1NoU0uzV/Ohw46Htx8xPVJ5VOfo0mOUY8XHBo4XHu8/IT7RezLj5OOWSS13TyWdutYa3dp+Ouz0uTNBZ06dZZ09fs773JHznuebLjAvNFx0u1jf5tp26HfX3w+1u7XXX3K/1HjZ43Jzx5iOY1d8r5y8GnD1zDXOtYvXI6533Ii/cevm+Judt/i3um/n3H51p+DO57tz7xHuld7XuF/xwPBB9R+2f+zpdOs8+jDgYduj2Ed3H/Mev3iS9+RLV/FT6tOKZybParqdu4/0BPVcfj7uedcL8YvPvSV/av5Z9dLm5cG//P5q60vq63oleTXwevEb/Tfb37q8bemP6n/wLvfd5/elH/Q/7PjI/Hj2U+KnZ5+nfiF9WfPV9mvzt7Bv9wZyBwbEXAlX/imAwYqmpwPwejsA1GQA6PB8RhmnOP/JC6I4s8oR+E9YcUaUFzcA6uD3e3Qv/Lq5CcDerfD4BfVp4wGIogIQ5wHQ0aOH6uBZTX6ulBUiPAdsivqalpsG/k1RnDl/iPvnHshUXcDP/b8AJt98Rzqd4XcAAACKZVhJZk1NACoAAAAIAAQBGgAFAAAAAQAAAD4BGwAFAAAAAQAAAEYBKAADAAAAAQACAACHaQAEAAAAAQAAAE4AAAAAAAAAkAAAAAEAAACQAAAAAQADkoYABwAAABIAAAB4oAIABAAAAAEAAADqoAMABAAAAAEAAADgAAAAAEFTQ0lJAAAAU2NyZWVuc2hvdDbwwM4AAAAJcEhZcwAAFiUAABYlAUlSJPAAAAHWaVRYdFhNTDpjb20uYWRvYmUueG1wAAAAAAA8eDp4bXBtZXRhIHhtbG5zOng9ImFkb2JlOm5zOm1ldGEvIiB4OnhtcHRrPSJYTVAgQ29yZSA2LjAuMCI+CiAgIDxyZGY6UkRGIHhtbG5zOnJkZj0iaHR0cDovL3d3dy53My5vcmcvMTk5OS8wMi8yMi1yZGYtc3ludGF4LW5zIyI+CiAgICAgIDxyZGY6RGVzY3JpcHRpb24gcmRmOmFib3V0PSIiCiAgICAgICAgICAgIHhtbG5zOmV4aWY9Imh0dHA6Ly9ucy5hZG9iZS5jb20vZXhpZi8xLjAvIj4KICAgICAgICAgPGV4aWY6UGl4ZWxZRGltZW5zaW9uPjIyNDwvZXhpZjpQaXhlbFlEaW1lbnNpb24+CiAgICAgICAgIDxleGlmOlBpeGVsWERpbWVuc2lvbj4yMzQ8L2V4aWY6UGl4ZWxYRGltZW5zaW9uPgogICAgICAgICA8ZXhpZjpVc2VyQ29tbWVudD5TY3JlZW5zaG90PC9leGlmOlVzZXJDb21tZW50PgogICAgICA8L3JkZjpEZXNjcmlwdGlvbj4KICAgPC9yZGY6UkRGPgo8L3g6eG1wbWV0YT4KsbJs9AAAABxpRE9UAAAAAgAAAAAAAABwAAAAKAAAAHAAAABwAAAFaobYJn8AAAU2SURBVHgB7NuxjRxHEIVhMguFIEugK0+OAAYhgyHIUhCyFAINBUFTIRCKQllIaOEaWBwIcN/UzHQ18S1wmL3j1HT1X+/Hzu4d337/84//vvFAAIHWBN4StfV8NIfA/wSIKggIbECAqBsMSYsIEFUGENiAAFE3GJIWESCqDCCwAQGibjAkLSJAVBlAYAMCRN1gSFpEgKgygMAGBIi6wZC0iABRZQCBDQgQdYMhaREBosoAAhsQIOoGQ9IiAkSVAQQ2IEDUDYakRQSIKgMIbECAqBsMSYsIEFUGENiAAFE3GJIWESCqDCCwAQGibjAkLSJAVBlAYAMCRN1gSFpEgKgygMAGBIi6wZC0iABRZQCBDQgQdYMhaREBojbKwLsfvlvSzee//1myrkWfJ0DU51ldfuZfnz5cvsbrBYakv/726fWPfd+MAFEbDYSojYbRrBWiNhoIURsNo1krRG00EKI2GkazVojaZCDjg6Q/fn9/ezfeo96O/NCCRD2E7fwiop7P9Fu6IlGbTJOoTQbRtA2iNhkMUZsMomkbRG0ymA+/vHszvu5+eI96N/Fj6xH1GLfTq8YHSeNV9e4HUe8mfmw9oh7jdnrVil/NjE0Q9fRRXnJBol6CNbvoqveno0uiZrNadTZRV5F/WJeoDzA8/SIBon4Ry70/XPVB0tilV9R7Z310NaIeJXdi3aoPksYWiHriIC+8FFEvhPvMpVfe9o7+iPrMlNafQ9TFM1j5ajq2TtTFAXhyeaI+Ceqq01b9Wmbuh6iTRO8jURfOZ/Vt79g6URcGIFiaqAGss09dfds79kPUs6d6zfWIeg3Xr161w6vpaJKoXx1VixOIumgMq9+bzm0TdZLofSTqgvl0uOWd2ybqJNH7SNSb59Pllndum6iTRO8jUW+eT5db3rltok4SvY9EvXE+nW5557aJOkn0PhL1hvl0u9193DJRH2n0fU7Ui2ez8n/GPLM1oj5Daf05RL1wBt0lHVsn6oUBOPHSRD0R5rzUDoLOXok6SfQ+EvXE+ewk6Nw2USeJ3keiFucz5ByPeSxe7vZyot6O/NCCRA2wjU9vx9d47Crm6+0S9TWRnt8T9WUujxJOGcc/PT7vOcJ6Vx///Fy/SHCFu9cLWmt7KlFfRjOEHH+Q4HE9gZ/ef7x+kW9sBaK+DJSo9yWbqDlrohI1T02xgqg5QKISNU9NsYKoOUCiEjVPTbGCqDlAohI1T02xgqg5QKISNU9NsYKoOUCiEjVPTbGCqDlAohI1T02xgqg5QKISNU9NsYKoOUCiEjVPTbGCqDlAohI1T02xgqg5QKISNU9NsYKoOUCiEjVPTbGCqDlAohI1T02xgqg5QKISNU9NsYKoOUCiEjVPTbGCqDlAohI1T02xgqg5QKISNU9NsYKoOUCiEjVPTbGCqDlAohI1T02xgqg5QKISNU9NsYKoOUCiEjVPTbGCqDlAohI1T02xgqg5QKISNU9NsYKoOUCiEjVPTbGCqDlAohI1T02xgqg5QKISNU9NsYKoOUCiEjVPTbGCqDlAohI1T02xgqg5QKISNU9NsYKoOUCiEjVPTbGCqDlAohI1T02xgqg5QKISNU9NsYKoOUCiEjVPTbGCqDlAohI1T02xgqg5QKISNU9NsYKoOUCiEjVPTbGCqDlAohI1T02xgqg5QKISNU9NsYKoOUCiEjVPTbGCqDlAohI1T02xgqg5QKISNU9NsYKoOUCiEjVPTbGCqDlAohI1T02xgqg5QKISNU9NsYKoOUCiEjVPTbGCqDnA/wAAAP//yxStDgAABc1JREFU7d2xjRtHFIBhqguX4MhQ6syJgSvCgUpw5CIUqYQLVIRCl3BQFerC9khYHCnN7Ox7JJ+55EfgQHJ2hsP7lj944gnSm59///Wfg8vh7S8/HT68fyJRIPDb03PBLve1xRuhfjuhQq17YQs1bi3UuNlwxbs/3h7a154uL5+/HP7869OenvJDPlehXvC0C/WCmB7qRECoJxzn3RHqeX5WjwWEOrYJHxFqmMyCjQJC3Qi1ZZpQtyiZkxEQakZtsGaPobZvxaewgxN6Q8NCveDJ2Guozx9fDu3L5XYFhHrBc7PXUP2K5oIvgis9lFAvCLvXUBuBd9ULvhCu8FBCvSDqnkNtDO2dtQXbrq9xaT5+xM7JCjXn1l2191CXb+pSwTaPdlmu220fXDWF+EWocbPhinsJdfkGl3fWdr3cXo4t1+3vSB9f2v3vx46PC/VYY/ttoW63ms68t1Cn33BiglATaP8tEWrOrbtKqF2Wk0GhnnBsviPUzVTziUKdGwl1btSbIdSeSnJMqHM4oc6NejOE2lNJjgl1DifUuVFvhlB7Kskxoc7hhDo36s0Qak8lOSbUOZxQ50a9GULtqSTHhDqHE+rcqDdDqD2V5JhQ53BCnRv1Zgi1p5IcE+ocTqhzo94MofZUkmNCncMJdW7UmyHUnkpyTKhzOKHOjXozhNpTSY4JdQ4n1LlRb4ZQeyrJMaHO4YQ6N+rNEGpPJTkm1DmcUOdGvRlC7akkx4Q6hxPq3Kg3Q6g9leSYUOdwQp0b9WYItaeSHPM/ws3hhDo36s0Qak8lOSbUOZxQ50a9GULtqZwx9vend2esvv+lQs2dY6Hm3IarhDqk+XpAqOs+o6NCHckkx4W6DifUdZ/RUaGOZJLjH94/rf5zmcmHvZtlQs2dSqHm3IarhDqk+XpAqOs+o6NCHckkx/0udR1OqOs+o6NCHckkx4W6DifUdZ/RUaGOZM4Y94HSGE+oY5u1I0Jd00ke8646hhPq2GbtiFDXdJLHhDqGE+rYZu2IUNd0zjjmx98+nlD7LrNRoc6Eksf9mqYPJ9S+y2xUqDOh5HE//vbhhNp3mY0KdSZ0xnGx/ogn1B9NtowIdYvSGXP8WfUUT6inHlvvCXWrVHKed9VTOKGeemy9J9StUmfM8676iifUV4vILaFGtJJzvau+wgn11SJyS6gRrTPm+mdavuEJNfciEmrOLbVKrIeDUFMvnYNQc27pVY8eq1BzLx2h5tzOWvXIsQo199IRas7t7FUt1vYhU7t+pItQc2dbqDm3i616tGCFmnvpCDXndvFVj/IrHKHmXjpCzbldZdW9vrs+f3z56rVcXwXvzh9UqDd6gvce7RLlcn2jzLt5WkK98VO1fNi0hw+eliiX6xun3dXTE+qOTtdxtO1pL/f/j2/h5fOXQ/tqF2Fe/wwI9frGV9+hBbt8tc0uGfBxkO2xv7/fxlyuLyDU6xvfxA69eNvY8q54/CR7Y8fH3a4XEGq9uR0JhAWEGiazgEC9gFDrze1IICwg1DCZBQTqBYRab25HAmEBoYbJLCBQLyDUenM7EggLCDVMZgGBegGh1pvbkUBYQKhhMgsI1AsItd7cjgTCAkINk1lAoF5AqPXmdiQQFhBqmMwCAvUCQq03tyOBsIBQw2QWEKgXEGq9uR0JhAWEGiazgEC9gFDrze1IICwg1DCZBQTqBYRab25HAmEBoYbJLCBQLyDUenM7EggLCDVMZgGBegGh1pvbkUBYQKhhMgsI1AsItd7cjgTCAkINk1lAoF5AqPXmdiQQFhBqmMwCAvUCQq03tyOBsIBQw2QWEKgXEGq9uR0JhAWEGiazgEC9gFDrze1IICwg1DCZBQTqBYRab25HAmEBoYbJLCBQLyDUenM7EggLCDVMZgGBegGh1pvbkUBYQKhhMgsI1AsItd7cjgTCAkINk1lAoF5AqPXmdiQQFhBqmMwCAvUCQq03tyOBsIBQw2QWEKgX+BcKbdtu5DSDHAAAAABJRU5ErkJggg=='),
	(3, '2024-12-29 17:25:01.510981+00', 'Atellio', 'data:image/jpeg;base64,iVBORw0KGgoAAAANSUhEUgAAAMgAAADICAIAAAAiOjnJAAAAAXNSR0IArs4c6QAAAERlWElmTU0AKgAAAAgAAYdpAAQAAAABAAAAGgAAAAAAA6ABAAMAAAABAAEAAKACAAQAAAABAAAAyKADAAQAAAABAAAAyAAAAACbWz2VAAAQ+UlEQVR4Ae2de3RUxRnAJ5vNcwNJIJGHSAgQTEJCiIIPQNGC1NpjbTlyWqvFY1tbe8SWCspRAWuPIBaB8qgCx2MFeVZRXkpFpAgKITyMQbAhkIQkm5Bkk+xusptkn51tYh6bu3fva3bnzv32D7h35ptvZr7vl/uYx3cjvF4vgh9YQGkL6JRWCPrAAj4LAFjAARELAFhEzApKASxggIgFACwiZgWlABYwQMQCABYRs4JSAAsYIGIBAIuIWUEpgAUMELEAgEXErKAUwAIGiFgAwCJiVlAKYAEDRCwAYBExKygFsIABIhYAsIiYFZQCWMAAEQsAWETMCkoBLGCAiAUALCJmBaUAFjBAxAIAFhGzglIACxggYgEAi4hZQSmABQwQsQCARcSsoBTAAgaIWADAImJWUApgAQNELABgETErKAWwgAEiFgCwiJgVlAJYwAARCwBYRMwKSgEsYICIBQAsImYFpQAWMEDEAgAWEbOCUgALGCBiAT0Rrewq/dpsu2prT4uPmZycwG4vFegZgCXUiA6P56FTJf+uM3cWuCXJ8MHt49INsULLa0wOboVCHb63pqmbKlzmvNm2+FKV0MLakwOwhPr8nYoGP9E9xsZKe4dfIpx2WgDAEkRChb3js/qum2B3gQ6Pd1mJsfsUDnpbAMDqbY2Axy9drPRwZW65Vl/d5uDK0XoagBWcgCKzbUeViVMOX7Q2lV/nzNJ4IoAVHIDtAajqLLm9kpu54HqZlgCwgrjX5UW7q/nQKbd3nGpsCaJFe9kAVhCf76tprAr2FLXhKtwN/c0IYPlbxO880NNVb7GPapusTnfvFDgGsPgYMLY5Dn0/1M4j1+b2LC+p5hHQYBaAxef0ed+UY2j4JL7PW1VaW2Fv//4M/odvQgdm4HJrG57GCZzfJ8fl9e6ubuyTpO0TuGIF9L+Qp6vehXfAuEMvcwBYvYzR95B/+KqvrO+s2Gq/YLH3T9dmCoDF7Xd8E7zSKvqZSexFjrtuJlIBLA432t3up4vKOTKCJb1dUdfignEHn5kALA5YDl0317RLmVo2OVxvldVxaNReEoDF4XM5d7Q3So1w0cI2BbD8wcJr9/bVCh1l8C+MUEOHa8s1/yWB/cWYTwGw/F2Mh6PcXv9EUedyLniiKqJZGMDy9872KrnXm9NNLXgnj79ejZ0DWH0cvq3K9I3ssSg8B/QPza93ALB6wMJALL5Y2XMu42hntUnQFKOMKigvCmD1OOjwdfM1hXbdXG93vlNR36Nae0cAVo/P15fV9pzIPnruQkWz0yVbjVoVAFhdnmt0uD4VsPRKuJ/NTvc+wYsjhKtViySA1eWpXVUmmaMM/V2u5XEHAKuLhx28Oyb6QyMk5Ui9pa7dKUSSPRkAy+fTs82tBQR22uBx1l0EeFUFhQAWwnfAJ8+XERodwANahDRTjheAhU42WossNkJ+KrW17zVKn3kk1KoQqAWwkNiVomK9svRSpcsjb/ZRbJUUyGsdLLPTta1S7uQgvx8vtrTtlbFcgl85tblaBwsvQbYJ2+Alx4UaHHfQOlihcTkOBai1aEeaBuuEyYqHmuRcigSWxbte50laRC9QP4VimgbrxYuVIXuoxqtS8Q5YCgkg1CTtgvWt1f4lgUFRHj+F5rbL04BQZmkXLBz2OJSGxnWRHtcIcXf4q9MuWLG6CH7TKJ6Ld8AWNrcqrpZOhdoF674bkm5OiAuxVzZc0UqINu2ClRyt/+qenKwBIWVrT02jTRtbpbULFr5WDY7WfzYtOz/JELLrlt3tWXG5JmTVhbGiCK83ZG/cYewmX9WtLvfSS1XrrtYqvtCPs9YoXcSVWfkj42M4c5lJ1PQVq9OLCfrI1RNGrZ2QHhqnOj3efxnZD9EGYHXh9PSYoStz0yJD8qaohQEtAKvnOrUwY3jRjLwJifE9SWSO8EcPvzQxHhoewOrDTs7A+M+nZePvXPZJJXCyQ/ZGfgKNUlIlgOVvzZSYqKN3Zd+VMsA/Q9Fz5scdACwOXkYbYo/fnbN8/Ehy1qnvcL38Hcuh4WG4gQOs7iS8jmp2QYnAUO/dpQQe4HGHuh9PSo5i8+vJ5P4mBZqXarH7hyQdmpI1KJqI7/G4w+4qZscdAKwgZE9PHfjxlMy4SCKGYvgRnoi9gvgqLNluOzJ/gcxHkVP0Zqw7Bg0onpk3OTlB8YZ/1dRSzmiINm2A1VaKzmaj4ntQ8QxUOApV/hV5xH0kfKwh9tjd4x++cbCybOFdYaxGWdbGw3vRVGQ92YeJGx5Fmdv6pAg4wZOJ84vLlf064Y2x0VUP3BqSAX8BPVRORANXrJZCf6qw+eq3o9KnxF638ITP+rz0dXmjFJz5MbY7trIYZVkDYBnXcf8d1m5C53JQyxnu3MCpz4wZtv/OTLzkJrCIuJwFFyoszIVoYx0s/Mxu+jCgn9uuoOL7EP5X5O+BocnfzswbY4gVWY5bHMd8O1DbzJ2n2lTWwcJUeXg3Xbktvid6/LYo8jc0Nvrzu7Jn3JAoshy3OHv7LFgHqybAfbC3fzsqfWyVPY+QuIhDeK76yLTsVblp8o2Io1QWNDG13kG+TXq7iLJj/CYo/BGqeiWqWCqhA89mDH89N01Cwd5F8Crely5W9U5R+zHDYHlR+Qvi3FO5HJU8LmEEFS/k2nVbRqq8x/mjDRb53y4Q11+S0uyC1XIeWY6LNJ0X1W1FFx9EHtGBQ38+IuXQtOxYnSx77mRokZYsQ4h0W2jF60WPf3a1D99ALz2EnKKnh29NMnwyNXN4bLTkfuKApaHZ0CG5hcILMgqWuwVd/6dwK/hLNh1CZzJQ4wH/9GDn96YmXp418Zc3pQQT5M6/ZnccYCVEG6NgNR5EeBxBzs/VjC7NRnXvidVh0Ee+NznjJ8OSxRbslGdmnwWjYEm+D/bGwetCJXNR+YtihyGwTXdOzsBP9PoI0XOAH19vrpX01eDeDafhmMVJaGsBKpqCkHIbcVMfQZlbUYToOZzP6s1zTl+2OMV9fhyvoXj/9nE0wCGnDSxesXyjDMpRha3bsBMZ10qwMo47su+OzGiRYW0+MDaWqX+RFnNgtX6NLMckQBCkSP2OIAIBsvECVLxXMT9RXHgIBmZ4mAMr0FqGAI4Xmhw7SqhkPzkc0Ob49PHzxw4TvthmY1kdXhHfT5OaEtgCy7eW4X3lza8zoNEr5ajF4SHWTBi1RnB4iJp2xxcmq5waw16WLbCqViC30gEgo4eh3I9R7Gj5rnoGh4fIERoeQu37LBh6K8SLFArHIq/o2ZjAxOjQkMdR+msoekhgGdE5Fyz2R8+UXrDa+UviSJYlao52xNAVq36XolQhNG4zuvkdZanCMOUmxuMt/EHjY7V7vMtKjPzw0ZzLEljbFTN0Qj7KP42G/kYxhX0VdYaHmDY4SHiILdfqjW2OvkVVc8YKWK3FyFasjNUHTEJ5J9CA25TRFkALXtZ8fHrOHN79ZB1qDtHGCliKzOFExKARC1DuERQpbtgpADxBkvF0z9ZJY38xgm+vonof4Zl4eHdZUGE6wtPGcn74vS9rN8KXK2k/lxPhxVi6SLGl8WjVe5UNfy6uaHK4OMuevjfntuQgN03OguFNZOKKhQdFZVKVcAuaeFIaVZ42W9OK52rmTK19bGbbicNi3YmvW3NHph4MHB7iTJPSAyhimyhJXv1gYaSMqyX1vbOQDo1cjPILpL39Of5bbHrhyfaCYwhHn7a3Nq9eYt70OkZNbHvuDBweYnic9JWDYpuhoLz6b4XVq1DZQokWwRM1GZtQ8iwJxT12m/Xdv9sP7+1fVp82dvDiNZGpQ/tn8afY3e65Z6/u6RVTGUciOTk9Ry9yGpu/ltDkqh+sc/nIViTFWEn3oZz9SCdl06mruqLxL/PcprpA9UYOuynltbcjkwYFEgiUjpcmry6tWXHZiKO94fUzeG9ZakxUIGGa01UOlu1bdC5Xin2H/haNWYcipXzvpP3rU+Y1Sz1WM3+9usTkpPmvxObfyS/GmYvxwrdWNV6ourujcrBKf49qN3d3RtCBIReNfRMlThMk3FfI3Vhv3bK+7cSn2O19cwKc6SITn1xo+NHDAbJZTlYzWDjG1akh4ta248eprPeRfqAEl7qbTabnf+1uqBVb1vDTxxIf/yMSv0xZbEVUyav5rbB6tQiqIqLQ6DdQ7iFpVOH3PtMiKVRhZ9v2bmtavcTTzhtCgioolGiMaq9YeHlMwVDkbhVmhEiUtROlzhEm7C9l3bq+9cOt/qkiz/U3pg1etikyiW+cXaRKqsVVe8UyfSCUqoFT0K3fSKMKjymYN7wqnyqMgMt4rXHJH9x1Kl6wIApk1V6xzk9CreeCdTUCjViI0pchfB8U/7Mf+8T69ipPq5IrOfGrYuLvno+bOlN8c1RWQp1g2b/zBavl/+kTUfYelDSDX4o71+U0b15pP/wRd67s1IFPzE946FHZaqhWIHqvHBW9wRFE+X/xWb63P8N4finOXLepvnnVS47vJA26cmrsl2jdsg7PWCc8+Ei/HHYSVHjFwg/shaORs4HbCbp4dNMCNGKRlKUvbpftyP6WbW95WoIMfnJXLTI1Jv+OpKcXR6Youe5ZZBMIiqsQrKqVqBxH3+P66eJQzgGJtz+vt3nNkrbjn3LpJZWmHz4y5Y0tunjlP01AqsWC9aoQrMIxqL2Mo4PJ9/tmlGNHcmQFS3I3Nlg2rmg/czyYoPL5URnjk599VT9shPKqw6pRhWAVjECOvi/t+KUv7RU0chFCUkZPWvdts257CznDt7pcH+Wb+fnh7LCSoHDlKgQLD7iXLegxg2/f3yFkyOtJEXNkfXdt616pIdrEVBRUNmH23IG/msfMzI8KwcKxjXEUWuMGX5ztpB+gjDdRbHpQt/UXcFWV4TEFx4Wz/bPClRI3/f7keUtQlCpX9vkZTY1g+XVByqn9PwctG//m7aBu/i46Kw8/cklYJCjFCiTLaA4sr9Nh2fi6/fP9JK0qS3dEnCFl+eao9HGytIS7sLbAclZetby5HC9UD7fZg9SvSxw06MVV0TfnBJGjOFtDYLWdOtq88gXkEff5iXD5LiIufvDStdFZE8PVAJn1agUsV52x4U+PeNW1KEofNfjldTG5Urc6ykRDXnEpAz/yagxPabzjT2VUYTu5nLaDu8JjL9m1agUsr4t7n7FsA5JV4LEJXMlIthkStGsFrJi8yRKsE/Yi0ZkTwt4GaQ3QDFhZExOfWqQblCrNTGEopY+Kn/WzhIefCEPVSlSplYf3blt5LE1eR4cvXLdvCxfevYdzfLv4fAL43+4DX2JXlr9MVxaW9/TIBC7epbmzsm793Qc9Ff1fRWd6RETU6EwJ+119ddHx0xxYdJid/VZo5VbIvicp6yGARZlDWGkOgMWKJynrB4BFmUNYaQ6AxYonKesHgEWZQ1hpDoDFiicp6weARZlDWGkOgMWKJynrB4BFmUNYaQ6AxYonKesHgEWZQ1hpDoDFiicp6weARZlDWGkOgMWKJynrB4BFmUNYaQ6AxYonKesHgEWZQ1hpDoDFiicp6weARZlDWGkOgMWKJynrB4BFmUNYaQ6AxYonKesHgEWZQ1hpDoDFiicp6weARZlDWGkOgMWKJynrB4BFmUNYaQ6AxYonKesHgEWZQ1hpDoDFiicp6weARZlDWGkOgMWKJynrB4BFmUNYaQ6AxYonKesHgEWZQ1hpDoDFiicp6weARZlDWGkOgMWKJynrB4BFmUNYaQ6AxYonKesHgEWZQ1hpDoDFiicp6weARZlDWGkOgMWKJynrB4BFmUNYaQ6AxYonKevH/wCAaSTB3+oFWQAAAABJRU5ErkJggg=='),
	(4, '2025-01-06 19:56:56.736139+00', 'Acme Industries', 'data:image/png;base64,iVBORw0KGgoAAAANSUhEUgAAAUAAAAFACAYAAADNkKWqAAAgAElEQVR4nOy9a5AdyXUm9mXW7dsXjUaj0dPAYDAgOAJBcDgPihqTI4qitBT1XO9uhGxvxNo/HIpYhx2xEQ77jx22YkPWboTkWMeGYyUr5Ahrd7XrDUrWSqQeHD5Eii/xMZw358XhDGYGgxm8Go1Go9Hvvrcq0z8qT+bJvFmve283GsN7EI1bVfk6WZX51XfOyaoCxjKWsYxlLGMZy1jGMpaxjGUsYxnLWMYylrGMZSxjGctYxjKWsYxlLGMZy1jGMpaxjGUsYxnLWMYylrGMZSxjGctYxjKWsYxlLGMZy1jGMpaxjGUsYxnLWMYylrGMZSxjGctYxjKWsYxlLGMZy1jGMpaxjGUsYxnLWMYylrGMZSxjGctYxjKWsYxlLGMZy1jGMpaxjGUsYxnLWMYylrGMZSxjGUtdEUqp9u1WYixjGctYboe0hBD/VGvtHRRCgI4JIQCgb58fC49zCevm9dcpE9OlKH9M17J2YvWEeelY+Funnqr6yqROnib5BpXbpUdZfbG0cFyGY2E3da2j2zDtDVLnbrQ5qvrD+VS3vt24bq3YwTKlQrCpAp2iThYBKZemHaZ2ed2xduqAakwX/huCWxEIF90kyiZo2fFB8w0qt0uPsvpiaUXjtGndw0od3faizt1oc1T1x+ZGnfp247p5ANgE9asm7qCgFgJSrM0y0KoCplC3uhOnaBDWBVCSKuDbL4zuTpV3S/+aMuCxDCYeAFaBwbB3t0FQPgYwVWbkqO/CTe6GwzKPUQzspuemqq6w3F5MwEHbeLcAQ91xNAbD4UQC6DMbQylLp7TQRAzTmjClJmVi7datp6leVXrE6huk/0X11zk2CqlyT9T1CVYdq2LyReVH0e/bUUdTd0tsf9A66spujKkyt9Swczxso2oOhmmtUbOSOj6+qrtWGfXneerUU4cNNXH0x/QrmuxF7oAqM7hM16pjTeutU36QIMiwfro6eg0jo6hrt/QvO0/DuGwGaXsU0qQ/ZeUH9UuWlZO0UefuXOTEr9twGTqX6VFUrkrvJmwsvEtU5Y3VXyffbrG22y17aYb9qJl879Yxsx9E1gWMMjMytl2HdcXM5VgaL8d/606EsL6iyGyZrmGbdW4APJ10iNWxV1JlQoyqjaKb2qjMnVFJnRvTnQI+w7hZ9ss4rOpD2dgY9KbYKqKXMZCIUde6UeGitJj5WQdI68ggAZU6g6HMvCsqP+rAzKhlVLqU9XOU5s4oZK+CUnshuxnkG7UMarbvhp4yPFCGrkWsrY5py+upI1V+QM6oeH4CtDKp0isG9EV9rWKqPF8TYB/G9C6qpyywsBdS5nqoU/Z2sLEm7Q7iEqlTVx2feBOpM47L5nRddl/F9AY9r4OO41ie6ELomBQBSxnzKWJ4VYyvKsw/jAlZByDLyobtVgVSYoOIl6tqK3asrCzpwc3tIt3q6DFKGYYFV4HAqAM/VccHyVt1/WI39GHaa1IuHMdNr1WT/LsRPBo0TyEAlk2aKqnrT4n5w8rAsKp+Xq4oX5Ufocg/WMecLjOl6/odm0jdazQKkCtyVQxS9yjrAu4cM7VK9kM/mugwzDVrWnd4owtv9IPW3WcCk5RNWE5fYyZx2R2kKmgQtl2kQ9P0KomxzEEn9zDO/ib92Eu/4qjaKhqwo6xrv0udMTKsyd+0bBMTlmTUBKms7kFYaVF7vExpFDhWCafodU3RsotZBJpFJyD8K5NYfVXmdBVzq+OPiOk5Kh9W3YG6X4FhGBdEHanys1WNxb2QumN3N9lVbDuWZ5gbdJGMol+jck2UmsC8cBU4NWm8qa+jjtTxN1SBIN+O6Rij33Q8PBbTo4jG1+lHWfp+BbvdlrJzMYj/6U48j4Mw6jr5R+W/2+9SagLvFsUtY45lbVbdjQa5OxVFter61sLy4bEyP+JuDqa9YDODstrd6PdesbdRyyhcN02jqmH5/SRlDL7o2DDWlQzZSNXdocoErDJBuNJV+WLpMUDhZnRV+aI6muhQ5Z/g+6MYYKOe3E18lFX5i/o3Sp0H8Rnthi67BbLDmuV1XUJhe/vxplE0b5oEzpr0rZABVilYlSfG8ji7ipmVYX5Kj5Urao/qqDuBY32KsbpQykB3P8iwepW5POq0Mcrz0mRi76Yuu3Gtq3zpuzW+YnNmP0sTd0eTm4GMdTwGIHWZWhUi8+2YXyw2GJre3WOMrErHorJFbTVhPqMwc0YpdZnynSBN2XyT+vZS6o67JmllbdU5thuyV+e3bjulb4Qu2q9Tpuz4oCbNsEGDUbKiovru1CDFnaBjTPbi5lAke2UBvJsCN7vJaAdpp9IELvLXhYxumIBEjCFWOUOr/CZldVSZx0X5Y+3W7TcvW0f/YaVpHXcqAxyV1PVJF5Wru11Ux16c/7pt1NWnKl+TeTYqltv0PPa9D7DKB0d5RrXcgOovs+fD7bLgB9+v4xMqYmwx0yrUtUrfOseHzTuqOu40JjFqGSRoVWes1qlzr8593XZGla/OPKtT127OHRkyJR5R4kAwqG+rDvOhdoYNXoTlBvGpxPKVMUL6reMzjZUbRq9B5U5le7vR72F8tsPoM0jZOiypzrgbi5NWEcMjKWKIMeY1iBRdsBCAi/SJ6R+rt8rcLAqUVJk1dc9DHfAb9R16t8oPIkX9q9NvPh7CMsOct6J6mtTXpP0yXUiHsjx1WNJ+8UEPel6a1tmknVjeFlAMKmXm4aBOR1KkSbndDHRU9aNp3YOawO92E3QY10DVNRkFCA16/kd53XZ7DAx6AxpVW7shw5rH0WUwXIpM1r2SOm3tJwdy07x3qtxJfdyvug7qAqmqa6+CKnstVfGKIinL5z0Jwv84pS4DoToAGm6X0f8ik7jIfxiaMWX+t9Bn18SHGW6XCfdp1pE6vp3dlKZt1DVbh5Em4DAsu24yhuvkrytV1kdd390w+oyKzNyOMRxzkfE267TbCs3RopNe5H8JG62SmPkba5Pa4aAZ5iuL9lb54or2y+qsqrssb1G9TSbvsP6OOm00Kb9b5lNMqm7Cw+gxrNtkFDKMW6lpud24bqOK4u5Gu2V5WrGJWfdOVPfE1wHTsDxXvgw0q5zhTQGnTKeqNsruSGU67EbwYzcCJWEwYjcH/V729XbXX9XGXoLVu0Xq9rHSB9iksjp1hKwurD+mT53IVpWTvcqUr6qnSGKgEP4NU/8opY4pf7t8R0O0K/mfEILv/8jKu9EHuBvSAupT4mGjSGXMIcY6RwUedeq+3bIXOpWd/xDIy8rvpm6BPoUf7aIbacUYiYJgpJwaSOl9KHWu41ic9D0JUjfqWjWZeFrRYB0W5OrWOYjUAWl+rKzdJjeX2wXOt3nCSKD5jbjIcqjyFxa1H8gdCYpj4Gsmtb8KB8SDFGV5uBSZvmWDPhZwifksq9qORZ+L6qt7A6ijS52bQyh3+gCuCWIWcIqAK3ZdhokE83zkAqgoE4JiLUDcj9bFWIqlDwCrmMywE7guG6xihlUMrYylDsrkhtGlKv+7RQr6VumPKxlPsihPeIOs66Jh+32gVjI2ZZgmhFD7ycf7oyjDrlbw7sRFTKbKvAjz0H74V1ZHrL4yRlemb2y7jsSCBLHtOuyzTP9B9RtWBj0fg5ZHjWBE4K+KBTRKy8a2Y3li144HTGg7Bn6xNsxxKYSQda51lZSdaz7+6tZTd/40GaNleoxgrNSWJnhUpocQwmeAMTOjyPTgTDDMU8QUY/WU+RKrpK6frkl9VawiZvbGnM5NWeJeSNP2BmA3TSKvA7PCAdqC1rqP7dVhqyZPVdlwNUXUXK7rJy6yhuow3DrzqQljqlv37WDCReezzo2R0mwUuKziMkAYhnGFUuduVObH43m4ryfsA+0XmfNhHUWDIbzLFOlWx3VwB0tdICqN6A5QX6EUTAxZlh4zi1m+WJCmzHyWsTxN/JR1ZTfGU906b5e/cxjSFIrHAAeZpGWAWJU3lt7UP1jmXysCqRgoDnpShxnUt2sAjUhKgYr8ZmV5ArAorKdu3qDesnRVcu5Dn6PiN8RIPlXSZhQI3y1yB49dK63Q5ONS1+dQZAIXgQ2XIhM71KEoTxGwFNVfZeLWAaUil0ARgDetfzfKjlD6mFSglwQKGXYVgPWlN7lxlDH6oL4+Xx+TkAEWLpEhPyCrmx/nwtvzwDBm1QwyJkPZJ2OlVGLYAQwHrE3PX9/7AKuUKXJAclCpcBxH6y1qaxAwqdNmnX7U8deEx6qYZBHgx8AkPDaKiTFI+SIgCPpaBl5FwFdqlhaVLXNZhMeLyjAJAUlGrmUIbNK054GlMEEbHfE3RvoTZaF15kVMqqykOjf13QbZ8AbVxOqq21aT82eDIFUDqswnSPt1BltTFlgEBGWmeh0zvogFhn67MP+wfrwyZhobDOGxUd/Va9blAVDk3FWCW53jRSBaR68aN6o6gMTLhPllQVof+4vUWdS2rADKRlJ2LQcFjlGXGWbs7gY4a62L767E5ELzsUipEDBjCtVVvK4UmexNTlaZzk3yNtG7DLiLpMxVMYwuJXm9ZSg0Fjir02ZtHC9Df0XHWX20hKTo2V1Z8Vd4HcJxW6cuXl+oV+CGiS7tYfnD9suWAtn6m1yzIimqo6j+UbQ5atlrnaLPApdNtCo2UsSsiswTzoRCsI2xojKQq0vzq/QOmeCgF6XMLKmjU0w/vt3ERG8g0cfSyhgaNxupjogOMaZVVmdhnvCcZUr5YyTPhERKmz/SLuDYGWd44TVXxHIDRtnXHyGEQrG/rzAgwlj0UIywzJIrmssx10uVjNoSCXXay3qsCVxmjpWdPEqv48uISVi2DGzKwKjqQlJarL064F9nMJX1q64MMiAHlQhLshKcE49xcTAMQaoMuMJjZXmD9pXWWl5ZvNG6dO16e+nmSnttfb29sdFtr29utRZvrLR2ujs5IwUgk5bqTLbVvXfPp51Opzt14ED38OGD3btnZ7rvvffu7uzhGSUciEnEgccDx+B40WNyBH6KsUUvj2ZPlIj+J0lGGjUOx3WTeboX46+pFBGpYfSs9SxwHcZRpkgTcByU3RSVq2Jgg/hHygC0iZTpsxeDr4qFhWklLLBRHpbXHtva2ZHrG1vy6uKN9pXFpc5r59+ZOn9xYebCxcuzl64tza6ubUxvbm1Pp5mSWimpIaQQOeAorQFoCQjD/iQghEqSJAcZCEghlBBStdsT3ampzuaRw4dWTt1zdPX0e44v33fvPZsffN+p9WN3zXaPHjmcHpo6kLZaSREYxYIYYfBDarPUJijnLZkx/Y+BXdHxoaTOvBsk717JoPO3TIRS6p8DtSNmxRVV+N/qpJe1uxt3pLI6YyZ8jJ3dDr1HLFGTF4EfjyY6u44xn13Zft+xbq+Hi1cX23/75HNz3376pRNvX7k+u7B4fe7W2sb0drc7lWaqJbSWEAA0AKuPcD9aAzBuC9JNCEghAQHkrrk8TQgBDQZKAkoKoZKklU5NddbnZqbXj83PLT/8/vcufvTh9y/+wsc+vDI9dUC1ksQVyc3c2DXlgBWCX8j0YouoVcGYetesIdxL66au9AHgoAA2UOMNgKRpnbGgwaDMrcpsriobtt2krVFIUZ3CLdvwjkWuSeiD436uSqCj/Btb2/LcWxc7z7706uy3n37h+EuvnT9xaeH68W4v7eR5IHOkqyHa6CcM7xMMBIWAgASMDzAHRkoHCBCJMWphERZCSgitlQbU9NTkyntP3L34nzx45p2PfegDS4988H3rp+451p1oJQRKITj17QfXP1xyY8HUnOsisCsEwb303e0n4BpGPGzgAFgXnYdlizFFYvujkv1457mNUsvcjew3SbPHlNJY39ppv/b2lblPf+bz933t8WdPLN5Ynu/20k6sHEERRJCgw3wGzHJz14CeyBkfAz7HDB1DtOOXjttKhVe3Rk4whRDpgc7k5omjhxc/8uCZS//pz3z0nZ986Ozq7MzBlAItKAfDPuCrYHiNgXAsg0kpABaxl0GAJIz6FjCSWoywaVodABwVw90Npkz1ll2Hmtek1NwtYnWCLYepMH0to1zb3G6fv3Lj2MLy2oml1c2zqdKzG5tb8slnnsNTzzyHa9cWZZG2OSszW1xPduN1rE+6X8mZnsjBkZUTfceESWImNTg4aga8BhTzcdQ9dfddVz7y4JkL/9nHP3bh0Y+8f/XI4ek6rNAuqI6wvdgzyCrYj9UflimUuvOgaG4Co/F/1wlmDDr/G+tCADhK2Y9Ma7dP6O3oc8M26yxMLgQ301ZRXgkAaabkjVvrU6+9s3BqZSs9vbqxc0JDd7TSMmdTeRR9+eZN9e3vPqmeff5Fuba+ToiEYvM3N085kAmP+RnWJ0IAFBYoISWrhhgh2C/pAMYMTQGtDXCqQE+hZjsHlt976tjC3//Eh8/9vZ/96OJ99969bXyGtRlhVVrkOtd6j2FRniYgF6u/qQUYA7eqssOSrDrHgAgADupT4Cc3bHA/yH4E5VCGDRSVSGwdXRTsytJom/sGhRDo9nq4fP3W3KWl1TPXVtbP9jI1pzUktLZmJIGf1nnUVmuNq1euqD//wt/g/Pnz7vGzPiCkwar7GJ+Q0prAmgGfIOALTWGz7UxiwyQjZrCmo0KSHWzUoBTSMe+jFOjee3Tuyi/85MNv/Fe/8onzD7//vs0kDyQXMUAvLQiulJnMXl1V0mQ+BoEbT4rY2SitxDK96lpwMX2L6gN+hBjgj7DUWZJSyuxi21prbHd7rbcXbsxfWlo9u7GTne5lagYaUsMsUtY5PGjzq/IpDqUMGAJY39hQzz3/Ir781W9gY2NTEgAKQRDD/HJSOvZmwI/YoCbgC31+xux11q20zM9NGt8EtpM6h9XoSbXjm2Gh1hpJItO5QweXHn3wx87941/9+XM/cf/pzempAwqRKDE3a2OgWLKNquPvpjk46r6UAuBenLh308Uh2ad9qlqc7LG5WNlg2/r43ri0OHd5afWB1e3e/VphGkJDaeSgpwGA1ufl+ECsD5q283oypaCVxmtvvKk+94Uv4fKVBZkzNhuXBYEZBTic+UtsMI/ectDz/YCM7dFxDcfqRABzxkzWyjA/AcAykDxNabegxhrE1N8c3NX84YMLjz545o3f+rV/9PLJHzvaNWfRY30Fvr3okpoIa4wyRkpjZQqliem8H2XoyPZuMMCxjE5GZfaG+6J4KUsh8KWZkos312cvXFu+/9bG9gOZ0lNaQ3rWoQE+AWFZHgGeAz7FANDkUQq3VlfVX33+K3jhpZdllqWMyeVAJ6UEZGL0d34/Ydb8cUB05cxxgB2HY3aSLTPMc1lCaAFYAFoLiAjZ0tpbWciulSbLWR2Znl76ux//0Iv/7X/xC+fff+qezYiPsGo76jMsC47UCTryfFz3JmZtU39gTL+i9GHN6qogoRCiHgDu5zvA7ZRhLkhZHmAoH6qMXHgvmAH/MTYP5EyevvSdXtr6wYWFMzdWtx7pZWpeQEvtIMPTmf9aHyByhkjmLzFCpfLj+TGFjc1tPPaFL6nvPf2cJHDTEBAyydfoBcwPbNkLT/PZYNwXKMwv2K8xwN3ZFICgWAjA3JOBL9BPBLRjwNAaiRTdU8fveue/+89/4Zlf+/ufXEjsgyZRkItuFzFGzgTr+MvCcnUDHGXBk7K8RTqV6bqbQUvv5nA7GWAdZyrPF+apOhFNok9Vdde5oGVtD5qnociIbtYMRgB8Beavt73T7bXeunrj5KWl1Y9kECdB8QCa8CKPknJvmQM+3b9tmGBG2+ZFBspsZ0ojy1J867tPqC98+esyVQpCJga8EkD6EeDcD+gzQJgFzRbUPFbIumjnulkOU/INJtPNfrFmvuGLHgPULI9hhNDpB0/f+8r//F//g+c/9dGHVybbE9w/WBgUCc3dqv14H8ZEJpTkN3/zN39u0MI0sPhdoyySVJZntwCD6xi7yzWth28PO5gG0aNEONB5x2puG2eZ215e3Zh+7eLSh67f2vwpBcwnQkAKASnZnz0mIY3vTBq/mZQ8MEHnjWGXEPaJDhvlNUGIkydPiDRN1cWriyJ3xbmIr4v++pFgdywBBUik9RnyfOaJD5mDqmBKCe5XFJSHQJUCLKQPIiCbH9OgsylsPgFAC8jrK+tHv/P9145fu3Gz9+Pvf+/K1IFJ4z21IenYtnU10rZpMxyEIsg/lhIZGQPcz87U/XrnK6P+dfw23IcXAdNCHx+xwaL0bi+V7yyunLx4feXjSotjQkAS2RM0kQEI5jlzmpKfz5m+1hcYmL/kA1RaWfNYKQWlcpbY6/Xwre89qR77yrekAz5n9tqlLsJnhT7jI9AybNF1JD+XbH2hhzdCAFoZVhhcBwtJjOFZhsiOsXR7viwjVtAa6sfPvOflf/IPf+nFX/25jy6Z6xJlg0UR4hLmFzORvf26Pr3QAoulxdqJSZV/sYlZXKZ/nfkuhBiOAd4uacqcRsy09pv0RXpFRYCD0rlZTOmrt7an3nhz6cML6+sfB8ScEBCJFEgksbwcXBJifYwNCoE8XRLTc795u4yR50dAAQlHpogN5izr5Il7xOrGllq4viS0EHkQhJifYXec4fH9kCkSgxMyZ30OUKlexyIhYHyLHmUN/iidsUbkervoNSz7s35E2LWK4trN1aPfeeG1e7rd3sb7Tx1fO3igU8QGtbCo7h2jaxfdH2RA/SjJOAp8B0sAdPYYUBzgAGOAYb4LV5fmF25ufmynl57WOZZZwMvnMQMyvnbOqKCYLhTxpaiwJobH/IA521PQyF9qqrT5VXlwhNjhxsaW+rPH/gYvvPq6lEnigh5SAsJEhclU7fMD5t0TVnEXEAHrk+2M7VY/s/UDIEHnNfkBLfVlaTkZ01rbepQ5JgwjTIDNTz7ywZd/+7//L5+578SxLp3GGCsMfH/h22mqXsBQyaKGkf1qbRVJ37PAI6lUlPvbmlDmYdsftNxeXMgmdL1Aaq/d49shSO50e62L12+dvrq89qhSep78dxLOnCTQY9YjCC1yGDDBADP3KbBBpi6t/8sM4JE5nGUqB0NtQI9+TUCEgPLGzVvqD//0r7BwfUW6QAhFhR342fFGprFlcCwoQuk25ut1CqCgCDjm+ddI6/CZFQd61hSmx33tcYZF3lusNaAUhEB66vjRd/7pP/7Vx3/5p358qT3RAvpN4tii6b6F1eY6VwZGftTFmsBFZmIY5Cg7ViZV/oZY/ib1V7XdNO+g7cUCQ0V5Qr9KQxkI/PgxIYTc6fZar75z7aGlta2f1lofljJ/lbwU5ldKJEn+fj0b9DDp/E+wX2KLeZqxMGXeT8nMQaMEwACIeJfvbwI6nUkxd3hGv3r+bZ1mWhAI5qatWQojndlLy2bAzWAhbH4ylT2/IpnvwRIaa8YzcLXACzZWhDHpCXjtMcNI7W6kbO5ElCtrG0e+9+LrxyCw8tEH3rcqbITImb5CCG3GkDBBkNDcteYw5aN9eG0OL3e6O6oSAG+X3C599tt5KJA+8GN61wE/qbUWt9Y3p85dvvkztza7jwiByURKtBIJKSSSRCKREonMQcMBogO7/E+6SS9YlNiAngBFYtl5FQ4I8xntm9X2VwiKLwAA7joyK4SU+s1LV4UNhOToCsjE+QITtm2ATlLU1/r6GMARmLLjOWoLUpaBoQEuSRHrnEk636Y0OGnyM7Ma5C80mxz0BQPPze2d6cdfeO30jVurmw+dPnlzeuoA9wtG/YPslzUW3x/VGN8P5u6wfbkjgyCjlFEyzWHbrsoXCVqE+7XADwBu3NqYfvXi9Z/e7qUflAJJIhzzs0ENE/hIDPMTkrE8IXNyZc3igPla85NNcOf8z7NIxvL6+qyhHHI4EJyd0e9cWdQr65uCwE/YZ30N8xOODXosj54ikfQMcWIW/BA7NMeM/n1LZwgMeXAE2u836QF2ThzdBdFfOi74MTimqLVu/eD8pXveeOeK/tSjDy902hN0mjiwEasrAsG+0xo5NrDs1VzZzXYKGSC/qDyND/SmE7ju8UHzDSvD6DmqPBXlw7V+tZgflQMgNYDrN9fmz11e+qVM6dNCCCGFMIwvB0Fify66y8xeAkQpnVls2BVFgp05zNcCmuMgNuVAgcBRCpH7Ei0zck+SALmfsT0xIY7OH9Evv/62SDUgDeAJKSESWjDtm7gEisKuEWTAKVx02EVzWVkAZAZbZqgB/zE7AnRiiMyE5/0Mx4DNIsxSGsGyCyilJ16/uHDy6VfebP/E2fdenz8ykyLCBLkZzExmaoGOU6u66ThsMtfDcrH9YedKU/wpq6OWCcwVLwsSFCk1CgCr2+FB269D50dpOgwgtczekmNSA1haWT/25tWbf6eX6XukEMICnqClLgy8DJAlhg0mZoJbNsjMYTIN8zQYMIM97uY140NS2OeGcxdY/9M+tGzElIDWwMzBA2JlfUNdXlwWzv/HgNCAXv9TIwbcksTz83kLqb1osmlbCgt01mQmcJTk06Q8Zpv4HYEc3Ph1pjP1LfCL2g0NIYS4srRy9OXzFyc+/qGzC7OHDmYYkAkGeWrLqEzdUfkgR2l6N/IBVoHkIE9a7DULHCWbHBWw15C+Z7TMnR6afZxcuMoiPj9gcWX9+BtXl39+p5fm4GdZnzN7HQiatISeqHDHQz8gmaAJf2pCwAKp62c+9zgI8lgBELPfgiM6n99HDh/Sr79zVW91U+Giwe5NMXY9YMwUtukCIjHAZs3iPF1K6ecTlAdwJjfzWtqbgKsDts+C5aVzoYNzwAGSw2J+87py/eaxJ39w/sCjD55enJ+d6aHY/1d4jI01mzasdXanS58PcL91PDS/94MeZcd2QaJPeQS/PF/U57e4sn7sjSs3fr6XZvOJEEIacOtnfmTyuuAHmbnkIyST2ANB6w/sN08oAux8XeDGGXjv7MzUbl8xE5iW2Ux12mK719NvXr4uZOJHff2ocEJKRIGQgycosMEZH4sKO6ZHNxyjIZHZ5c4AACAASURBVFtiQwnBrtdHCOYHBT83Hugx0dAQYvHGytyL597ufOSB0wvzs1FzmK2r8U9nsB3bvyNl2DnYxyyaNsppbVOwqpOnyMwexgcwqJ7hb7igdBA2O4BZUAh+WmtaGO2B4cLy2vzrl298cqebHsuxywQ84J7wsMDHANH9yr4ASSIFWtIAqBBITKSVPyNsfYnCr4+CKXaZjGdKw5mWRqfEbjM2JiR+8qGzmD7QUeETIH2+vKTFng92gCctICYWHN2yGcGCJ8QAE6YDZ5vE/IKnT0RigNSZ2Jxp2rrsmkTh6hNu27FWtL5/7u37/8f/899/7OK1pTYfC3S9g5tg4XYkX6HsFfEYhI0OawrXigKXKTaK19I0TfsRkrKIb6G5CwBCCKkBXFtenT136cav9NLsmJRCJAzQ8vV94UsNGAiKHOAIqBLjU6N1gY4pcpPXbdt4BmdAwv1yk9A+PMGvOy2qtousdc4CTfLEREusbW7py0srgjM+5wOUls0R4Nh8BECS/wYBFLOMxb2Gy5n4Pntk5i4xRbN+x/I5ykPrfhjLs2PdG/OOJcLLDblw49bRF1690ProA++7Nnf4UOgTtL/CvSghxg4RSYvKXhGNsrJV5QfVsdYdIPZKqfD4IFJW/k5fX9SkroILXLrcpYg5cna6uHxr+rWL1z/RTbOc+TGWJ0VeoV2rZ9kdRXT953z5ougc+OAxRVozyBdGc9Pa1id8sCXAtL5Idj54FFoIeOVNJ/Hg6fdgeuoAY0kc8EITl0d+zSN15m0wgrFDz8KQhsGxZ4WFVz8ry9ldkrA1hw5MLRAKOPAE3JrG0KQm4OZsEEI+/cO3Hvr13/+TD293e3xseL/avAcyGCPeuCoaP6MQPoerXuxRldbktXdNpLEJXBXoGDWr200mOEq/Xh2aXgRa9nGxkvo4SLIL3sf6aH9rp9d+5e3FT+6k6jQxEMvSLGvLJ2VOitwyFh7tlUIwFmjMXSlzk9duO1O6Jf3AStIHZP3b1vQ1YEHgnOvA/I4WBNzympN33yVP3T2nhGzBRnhtJNgtj/FZofvLF063DEAmFii1TPzIssjBEiJnhNq+lCF8sQKZvzmY+U+kcDbpABkUUUY8nQBaUy4hoKHb337ulUd/41/8yUOrG5stlPiAuVskNH0jaX1jcFjwKpOyt7nYlQAV4FdHivIN5AMEipWqw+rqKF108psAb1U7MX0GPel17kB16jYiA9Yt2YCI3uWpjNZabm13Wy9duPZIN9P3Ca0lX8Bs2Z9lIQ5cheDBDXiPwxHTE1IEgZO8vG8qU362bEaAsUNYFmfbFdJjhQTGJpMHkjaAYPT74H335mCRtMDN0xywkhw4LPgljmHxNYDW38cAjPbzFd9wL1wwLFS4tjSkBa2+Okhnu2aQ/Qk/uCIgmD0aMZWJGOZl5WeefvLRf/3ZvzlJz1bzsYFgfjMfMRAE12h81WFtddLrMrIYGShLbzL3IoShr/zAALjbMgjAxvLWAdtRvw1jSPEc1YzV8bS+X7qzK63lS29deWhpZf0RaLRsgANuAjnQIVBiphscKEr2SwDXYqZsy/gSW4kxj4VbMJ0Q0EXNXukAEcLhCBzzA2iSm2V47gg9mWbzfeDU3ZjqtJVlWDbiGwYvuKlK7C7xj3M/Il8MbRhhzhINO5T0MlXnQzQ8ru9cw/5K3gEHxBwsWZlYOs+3udOb+f0//conP//tZ+ZV/+dM+8YUjSugb9x7LJCP4yZj2nMf1MjXFGSriEkVmSFMoHyNALDpidhLGfSO04SNjlKPunVFmF/pzeGNS9dPLq/vPAKBdv6omTagwYMbjE2Z+QTK4wVE8sfduA+PWFfoI5SJcEEVC7Cij9VJwAGrJIDj+vgM0GeKcABhIRGYaE3I+47fBUPTYKOvDMycuUlsMGB9LHprGnLH2BumbRQ5Vwo8smsZpa0rgWV5BFrSX3doGSsDzvBNN+4iOX+gUQACwOZOb+a3/81ffPyZH7w5zcZJ4W/sXZEGjGQRaNSVGJMsyzdKqVsfb7sRADYxYfdLgKPqDjKILruof1/gI3KuCwf24sr6zFsLNz+eZmrGmYm0aJfmDTMtTbppyBlmgoEknKnrLZExrE/S8hczcftelW9YnnsLjAtqQLiABmdNxPi4PgQW0s19xlQFTt8zj4mJtvXrCWJoUlg2x5e4OIB0S1E81icJvFw+y948hsnMaQuQbHmMtyzGgBzVDeOLJbBlzNCCozlngANed67yPy2EfOvK4unf+jefeeTGylorMjaKxo6pfnCy0rTsIG2VlYnN55AJlpXftybwj6DYiB2ZswBC9tcX7KDf1Y2t9stvXX10J82O8XosswoaE5ZxsMCImaC5Gcp8dmAMjtb1cTBkf74Pj0CPARns1LfmNvdHSo8VOZADYMGPM0DKc+Kuw+i0W4BI8qc7LDA5Nkhsjz8f7MzafvYnEgdmmkCT/iw4cpOV0sGYGmdx0jsXoPV/jNG5MjBAaPJI4dWrGbMUAKSUeOaHFx747X/72bNbO10Jf26XzfPwpbq7igl7QTiasMuBOnu7l6gMKoOYv0D9QMwopYT5hfsyy5R85cLC2fXt9Cw0WyIDO49A/igCGMHnHcvnmZkmvf+FCI7dtezTJGG0Fm5ZDfzIL1jdtP7PAZpmegtoD+qIE2mES9fmDk3hQKethFm2Qr6/8AmQMAgCy9Yii6LDNANAFrzCwInkQEjsEC5AYoHQnOMQHPPMJguZwOxK2vuezxDpmmVZ1vnLbz7z6Nefenk2Nk7CX+ZyKBpbpv7q8b7XLq8mUoZXP1IMcBTm7zDlSsTz72nfme35aRD4cLTWuLBwY+7i0trHlNJtj2HAPXFqGVfQsCD2x/adCcr9hQ4k86c8GOjZJyVcpJizTvsoHLSri9iggNc2B14H0oKTIhAAuGUxApOtRN49eygHosSBEwGZjq35k4k13T2ztQ/4uAktrD9RECgJw9CsD1K4vCIJwD/u3xMCzi8Jd1KsuQs6D8594C6itCdsfWt79n//w89+/PV3rnTQD3qekM+vijHVSbtTSdFQABiL+IzKJ1AnklRUT1XZOpGqun2qW1edfFzCwAc5qc2uPX5rfatz7tLSIxBiGnBgovnCf+7Qhps7QggvjUGR05MBjhekENz0lc7HBxc99ms0/wthH/b1ggBOcXfM09qeCJdVu7qFELj7yCFTnPnt7JMgPFARBi7ca7RcwINAkrFWYpYEXDbCbvohGUMjXZm+lslZ5uaDm63HnBcOkrSt4Zu/7mK6m9ZblxdP/atPP3Z/L01r+QBLju257DWTjDnZa0sM9eusnwvBINwO6wonX6xcqEPZc7p1fQRF4F4GZmVAXNBu4SBlZfs+fkT5nj138YHVre5ZStY20dEoqy8d06Qb8lmj7cNmTlcE7Iz95mTFMD7+thhTZ+xZK0tqbD/oXPr1m0zmPAnbD9I9itdG37tnp6A5YxNuIbMMlrzA28/NZZHwpTGBWRz4/xx4E6Mzl41FlLUXIOEmMNVjeuYxUH7iCXgpK7+W7uRpq0t+XdNMtx/71nOPfuk7z86hxG9Mv7GxHDGLS2UQHCmau6OWMt1iE6uRNHE4croc+wvzhG3E8tah4EU61g3VF+kW06mo/BDO3+jA1Vrj6vLq9NLazoeVRovmCwDDFLQFHQI33QdNppBFQu+ofRcfTUoaRzk4CoOduVmrCUS1A6t4U+yGENGIWAypRP3o1wveFqAxM9VBQkteKAIsKNghLJiB/SIx6/osMMGwu8SyRwtS3JfosUpiZGwfFnk84LNfquNASIDH7xQEiIA1rzkQEguEifL7PkGBnW5v6nf++IuPXFzIX5pQtia2ZKlVbRDcZ6sparcT+pf6tmP7+1FGdQeyvrOGCzT58SpdypzPMSbM0+l3Y2un/exrFx/tpZlZ8qJhsYLRQQoyWBQhYNH0AXNWLuyHqYTyKeUAy/9qG30QUrtXVrHTQ8AI7Z83Zx76kKbdWxCMssJiQ17O1uA1cqDdQmeyrdw5TJyZKhLLzOAFQoQDPAgWHaa8vj/R+QjdOj5uErsr5cxvB5Aw7NsBZd9th9+MCCit38KBq+++EH1lhRB49fyl0//XHz92mjQKXShCiPAtMlEJx+TtwoPdaDdE/L7t2P67RQZhhYPWG6ZXsFJZwP6svH5p8eTqZve0MLPKAhBhH/nHiLUFoJgnul+fixHDhQU/Ynhaa/8zlpn5fq/S0IoAl7FmUxGP29p6lANLboJrtpXX416Nz/vIgR4AEiHlgYkWY3jMr2cjteFfYkEv9xkmxqSEz9D4s77cb+mBISzgggIi/CLYcuxxN8EA1AKY6GtL8LxUpzWH83NkbxKmnlTpzmPfeu6RV85fnGIXt8+S8MZHZKzRTT1mbQ0DSnX87DGXWFm+MlITS+vrbIE/oLDhMoViPrRRo3iRvkV+xVj5Jm0VlRmgDRmcm9KIHTsuVze2Wq9eXPpwmqlpO/t5RMBKAGvB+NEckewx8z1fOLPWgo92gKXMR8vpu715XgNOBtFsGWrLlBfE7ILGXT5YU9e1H96UuY55G0IKHJicAGLBCmMS80iutr49xuCEYOsEWVTY+vsY8BAjJMPdskPfT2dNVK4ThPURaguWwpHSvpsUu7AcUKkNAmS4JCEElm+tzf/Opz93/8bWtoRjfvxUkg8wlgYEQFmQJypV+WKkKyzT1L1WJ423EUX7UTDAIpYzajYZa6fId1dUvklbRWUGaaNiAESDIZlSeOHNq2d2UnWCAxKryIM9MnEdQzRbDJDCj5oT89LIP2bOz2dmwC5TGpkClFKWDRIoeqax5nVwUIuMC9IJDghtutWLlxJBLQKtiQmZM7mWZX5CyJzVeW9wSewLDYRMIGUrD7kw3573Cn3OAL0/4R9nQKm9NAZ+2v8sgDVnOQtkIOcFSMyxvBydGzoPwvvfHJNfe+Klh/7m8e/PsXNtQY0zOyZFgTl3rSLboew3yzE2f6MMMNwfhCWVKVDGMjl7izHIJu1WMdkmddfx69VJ4z4XVm+fK6KI+t9c3Zy6cmP1AaV1yxE4biI6U1EpMECx6GZAhC2UMSatjgAVCNxYnkw55pcDoUZm9umtJNwr6OtITJGBLt8G6ezao0QL9qx+2P9hotNQ3jo+9tSH/+eCIrRcxj0yR4ERP3prrxl7gkPQr3f5mdnKjzGm6DPDcPwwNifsBWN1uDZCNhgbh6ub27N/9MXvnO32UsCf89bV0jToUVea4keMrQ1TvkqiDLBKodh+GDwIAa2uok3YW5WeoS5F+7G0mE5N2i9K4/0K6w3NYHJSs+N44a2FM+vbvZMOzNzHdQi8zA6A/HsavC2Pjdl9QKvc9FWGsTlGZ5ig0t5flhH4qRwIM5/5KQJFxgRdkMQwQ+X04a9zUqWmu4YyB11fcxy4st7DdRxG2p5W2cRUqlqdNBWTSokk1aKltEgUZKIghBJJS7mnPswYZa/vytkhB07GAgH2tAhbLuOZv6IPQF2cgsxdaZkbXzLDl8BAI9eLBUbI7wtI03cHjDofOI5h5uAsn/rBufu/+O1n5s24Apxl4Zm+Zb5ANk6LkqLkpc4cLqqTz5EmLq0qdxX91UJ8osq0HaY1OV7WRtWxKjAuyltUTxHT3GOJBqJoX7PvfLx84drUn37nlbNC5K+7p+wW1Kic/fPrM4TQ96uxshR9pTw564PH/izAERNUPlhytthXJjSJEdGbgbNjtLw+WJPeniPkYPr9hW2oyWnZmZ2XmWi1dnTSypDIrm61ulrKHSXldiawlUnspBq9TKtMQWkhlSYT1pjNWuYvZrVvkfGCH8735jMwA2BwQBTNK3gQhJa79FsjBGAgp6g7an7594fz/7xxbFmoxtZOb/rTn//bs7fWNloFcy28+YZZCsdpUE/fXx0pIyBhnjpko8pdRX+7us4nlCqTtOhYmU5F+evUU7dPdfSuW09J2TA6512bNFP4d1974b7HX710bG2rm5OgwJSEASytdP7nsStAaxWwvxBwNBQ4sDlTNwc8Yn4541Nk/iq/TMZAMFMMBAP2qWn5DBuQmdL9OvGbGZw5byeYBhY3UryzvIW0u43O9GHMzN+NpNWyrJOBslRay57SckdBbvW03OpmcrurVDfVKs20UgoKECzyS2YrA0Na8hKs5cvNWrbezxsvxgSmY2Tpag0X9QC0o4qsnCtjdvrSwZP8I9Bayydf/OH9j7/wqn1lVg1zswgMd0322m84cps/JnWQuwldjtVdZXLzPGH5piZ3nX4UHdPsO75VwvOdX1jufOWFt+9fXN1sXV66ZSZOPll0AGQcaJTm/jQHmpY9wkRzCXiUMuxP5ezPgB/Vm2kGJsb85YzPT/fBD4Brh3SzrDAIuChl/JjcfCfGx7fzPrx6fRtbqUK6sw2tMrQ7BzBz191otTvQJqwtIDj9zdmv8ZWmSstuquR2T8mtboYdA4acyZFpK5iJ6hgYAyTrt+NpsGlaa48RkgnbZ41Y09nVLSCC+hiQFg0rU3yrm858+rGvn93udoF87vctidlrANoLKZtvjR+FKwtgDKpUQSRqYCm6kLFjRYGWoiBEmFZ2rIYUBqGC4Ij8/NNvHL+4vHFis5vJH1xcsoCSszp44Ab45iQHF2JsymODvt9Pc5NWw5Uh357x79k/FgyxLDBzDJBALAvAUmuORRwsc2BXhrWC5bFmMBzg76QKL17btKDc3d4CIDAx2cHM/HG0D0w54AG5DgSghbmJuOubgzhkL1Vys5vJjR2luplWWkNBsNdi+RcNHMAsOJJvj5vOzD8nWFku/ngTRO9BZi90ZK6Qv9CLlDtTmnyOz/7w/JkXX7swUzXeeBqT0qBpU/IxaHCxbsCxSoQQ/Y/CVVUQA5eYKVplyxf56Oo4OpvoW1foYgzKAKt8DhV5+pYd8HO0cHOj9bnvv32/gG4JAM++eQUrG9uK5oYHZkAAMtr6+XhARAWgRscKfX5KWQCzgQ8b/GD7zATmprAXWKE24dfr6UIAB+HWG1qwdswWAF5d3MDqds86Bnvbm/bcyVYLh+bvRufgIXbudX7jYGDizrdjhtCAVkru9JTc6Cq53c2U0jkrFAGg0XZ4Zd3wDEAOgDKX3S685iyvrxIDfszP6DyhZtwKYz4HZXNczBfLrKxuzP7RF755qpdm1G/PHOaWWBE2FJGDIuIxDMGpS2TCtDICwyX6KFyVxFC/yokZCzbEgI9vx0C1ioE2NU+LHLZ7bQoEd2C+Lb/1wjtzby2unSDtV7d78ulzl3zTHREWFQEfrYPoq6ZghG8+K+UztswwwRDEPKDjgGdAUWsf2DwTXeURXcV1gmOj7rrATmLYfuZltlONFxY24QACyNIesrQHgoMkaWF67igmD04HDjJzjS3D0kGSf1PpKsjNrpLbPa0yLVSfOQrHAG3kWFOKy+Mzs4jlKtgcQFgBM7OFX6uFzsgUJLM9U6r9jadeOHNrbaMVZCnCgvA1+Y3fH1CUfzdN7rpEZiAfYBnqF7GcGMjE6iwCpKI6quot0vs2SeH5LjpvvTTDXz194fRWN50mFxaEwHdeuYgL11aUBn8qA+yRND+wQE93cJDKGCBmStm1fBTgyJe7ZF5AJM+n0FMKKQuApIqZwjrCAllezdMyn2kSU81NbwegdpkNPXViztMr1zawsJ45oNAKKsuQ9nbAkUDKBDPzx3Hg0AxgXQUUIoHnF4TIGSJgAMhs58xQIFVabvW03EyhlBaK/HAwJQg/nCXq+wCdXy8wdUOJcgliqby4DuoLC9LDcnn6lcWbJ7/4rafndeQjSjryyjXsUayAy14FXmqFtkctt3HJyW2VmmuUvMF2Y32n9czV5dMaWtI4FwBubmzJLz17DsixwpiGPqPLmMlrzU3Ko+CZrACYGcxMYg5sZK4ykM2BCx5AektiAhOX62kjxCYPtZkHRhj4KW34nWOI1PazlzfQSzPLCnNzUCHd2em7qQoBTM/OY3J6Js9nbOrQcNXsfGi6RISSmlwKCpkBwl4mFCAUu4r8gvq/PEcIjM5bl3NXLbwS9skSzgL7a3W/pv/C6m82hGj9+VcfP7213Q3BLhodvh2yVzpULoQOZRTgdTtO8Cj0HraOoN/Ru2p4br747JvHb22lx2BCfZSsIfDShWvyq99/XaVZ5oCOzElufnrmqbKgxtPtSw0YOPnr/IJlL1ohzTKkmQI9/pZvM0ZJ/sDAnKaXKFhGaUDPRZAdS/TA0oJj3s9XFzewsLZDV8fNdA30drYMY+POdgGZJJiZvzs3h8GIn3Ln0FyI/Gbj7G/nG+TXC8COgtxMBVItlG/s+uAnbKDC6Mt+BQcoMDyE88mRXq4cG49G31yU1653eoxWr7zxzn3Pv/rmdHjDNeI9hlnHL9/UhTbq/EXusippTG2L/HbDSB3/X5M6YtIUdIv8hYNIkW5V9d3a7Movv3r9vkQA5IyiTWHq/cqzr8snXrmg3Po5t2aPnsYAAzCl4Jia9s3W2GLm3JxVdg2gBcOMgxsHXNUPnIyxuSdEFJTK/ECJgokqOyaoDONyQJjXt97N8MzlDXN+zbk0wCgEkKUpsjTtP+fQEELi0F3H0J466K6DvUbOtlQqdM0AfP2hZtuZgtxWUm4rmSqLQLr/J/AZWkAtG76eia3Zb4EJrWN5+UlQWN3cnPny488dY2PQwwIOIBH3TCVxKgOgpr6/OvmL3GVlIkTNJ0F4gaIAxCDhbJKmkZ5YvaNmlaMATF5XLFBTFeI/d21t+s2lzVP5cWf95EQir2Ntpyf//Lsvyyd++LbqpZn1n+X+PgWtgFT7YEQ+wSzjZqq/qDnjgOkFPBjbo7xZ/pdmbtsCo2WEOetLmT/PvkwhAOG+4A0HHADQwLnrm7i4smPddnySa0Pr0t6ODY043pSzsCSZwOH542i1JqgUu2D5f8Jatdq52TwwsY1bEE4hW9u6BYVEsYcUnWIazCbNd3RffawNc8cTRFVZsCfIZMx53glyHDDmaero9bLOt5996T4UCAeQSICuluy2pVfhSqpMBxp2qigAQdtVZeu20VSn/SCD9D8ERnNMAYAQQj3x5uL8ra3eDGAADbmplFflym10M/zHbz6Px773slrb3FHa+uFgAxKOgRmT1TN1tWF0tKyFBUu8Fx+w5395Xcqvz5q8FCChulXGAC8vmwZA6QMiWD1Ol41uiiffWUWqLCUz547OlAaEzhdFE0JaAM3TIDSSiQnMHD2OpDVhcEeZp1NMfZZV53U6lsm2AX9fK2QKclO1ZIpEwbJBfrP24JrFT4R5+gSO6tO4CcDXN6cNYzVgShFfW5CPPRMsEQJ47c1Lpy4uXOffEUaw3Zit8XK7LVXYU5ZO/RrqmyBjGUz4nans4j3x1s2TvUy3ITToaVEt/HL02NRmL5N//ew5+YdfehJvLSwrzqK0NszLAIo2gJcypudYn7KglWacFWprErr1gnBgyUxeMmN5QCTLGLvUMO0ANkpNT5XYumkZjf+ChizTePHKOq5v5MtcfCvPh5U07YGiuRAmtGBvHnmgYXJqGtNzR71YRf9qPndNAv5HCTbNPd6nsKMT2UUbGlLZ3IJapl3h8IkxXYZkLGdgRXig6Jghr8/6BJiulHt7pzf9ua8/4ZnBDA+q3k/ZJ4Os3W3i8mrqOyxrlyT6YPRYdlfqnPPtXoZzS9v3CUDCMJccDHK/USKBfC2rNcGUgFCvXlpKFz//ePdnf/x0+ncffUBNtdsK0KkQUC0pVKfTVi0pIaXITdUskwK6JZNEJlJKKdAC0Moy1YLWLS0ghZCtfPCoYMCSacf6Zn6VcuyIP+JmmR6BnPWhZTaanGoX9PAe0wOwvNnF05c33Dk0NwNBn960OKOhshQqTZFMTFqs5KEDwpkD0zPo7WxhY+UGR4/ya2VvQIEIx7iUBrqQMsOEmoBWiU5lzIwVAh4w2Zot4DqGaTMIYeL/wuRznzBwetP1iTCgvDH5jSdfOPXf/MNfvtJpt8v72y8SgPJuxgNYecOUBfpJBO3XdauFiyEbyTArvG9XO3ulcx2J6KFgBtYTb9+a20j1rAU48yeRMyEI2T3YTrZnD7ZXjk1Prp++d37l6MzB9aMzB7aPHpnZPjY30/3ge452Z6faqZRSCWiVJAlmpqeUNA/yb25ty52dXq6LgARES0O2lNbt9c2ttta6o4WcunlrfQYQM4CYVVpPC6CttW6R+j4r0rCBApCpwZeuEIt0TDDfh//6LBbE4b7A5y6v4cZG160D5nglyOOVm4cqy03uhJQTgb+N0EQKTM8dRW9rE93tTUuatFIBCwMDJTh2pf1aAeTRY8MlUyRSoa06QimhlaR82j9xYTOsvfzmAyGRrz+iDA7kBGLjyZSjBrz28lrPX7xy/NLC9c6ZU/dus8zSbEshhNL52kDFjteSqrlG6dyP38SnP8xTY9TWUAA4CiCp8xQHd8YOEpyI3XH2WiK6KyFEdFV9L1P4xmvXT6pMSQ2oyYnW5mzn4PrhiamV++46uPST7z+++PCPHV8+e+9d2yePHkkL6vcGWOwcTk8dwKGD7nMRPO/dR6bpsMS98woAur2eXNvcaWdKz1xfWZvXIpnb3unN97JsJlN6GjkwmvrzR9i0ZmwQcGYte9kBmbi0NMaazZpFk7XGGze28OyldcfgmHXn9Q9mImkFlfUATNqMgkVeBfs/SVqYOXYPli9fQJamhqjZypmFHYCeSRMmLU8SBoadP1FpKbdFR02KLSVVV+YAZNY7uivgfhjTE0ox/PIZKm07JsXrIvCkNZLmKlDftMbS8srcUy+8OmMAsE/4mIiNsTCg12SucfZXB/iK2q6SIlaotR4OAJtIEXg1AaRBnbH7gfVV9J3urgCAbqbljR0x9cF7Zl45c/jwwsMnZhbvv2dm/ceOHtq+a2Y6ldLdNIoGTpmfMWa2kH/F7HO/j73jtycm1F2HZEwxEwAAIABJREFUJ7YBbB87cmhRaS03tnbam9vdqY3t7uzK2uaxnUyf6KVqLlO6o8z4yoGPFmO7gIzW9CZpvl5RmQg1ez4YGjuZxpNvLWMnzcAfQfMCSRoW/KhfabeLySnk5qKgIIHzu2lByCIwMXkAB2fvwurSNca8gsiqIJOTmaumXcpiwlWGDTvGmGnIHdFRbalVknWl9U8qn1Rp0NelHGuz4KfZL32FyvNBmHI8/k15AgYIaGxud6defv2tWQCLKJAyM7XuY6hh/jIwG3RlR526Q7EAWAYS+wFABpWqxZuD9GuY81F1ngGoAxMJfuMX3/vMsemzab78RYQr9KOv0C+7G4f5Y8eZk1kV5PMc4lIINXPwwPahqc42gBWt9fmdbq+1utWdWV7bPHbj1sap7W56LFWY00pJCqAQE1Tg0Wa3FtB9bMn5/l68soZzN7Ygad2u1c9MdLKJtX+es7RnszofGbuBwGdWB48cxdbGOrqb60EKNZuDm0c/mSkKG9QIz1++n0HKHdFRHZEpIZR0SEx/2v26g4YtasYpufbM1OUWOQPQXF9tsrk2lVKt537wxnEA58w5qzRz+fjybkAsve64bDKXyphoGFiJAWqs7VoMcBTgV3T32G1gbUKp68iQOpM/heri+3ZbCqi7D03aVbw6n3WSDaBKP8ygOkbKRdkgpXEWK4RAZ7KddibbK8dmp1c2j3bPb27vTF1dXjt2Y3Xzvu1ediLN1LTSusXX+WnNn0vuB7+F1R08/tZNSAth9AnIIEBp57VDPJWlZvITZvE3pwD04Jm2y0MEZubvxs3LW3Yhte2jBdgII7LHNTVt8sDVb0Atg5Q7yQHVVlkKnbWoHDFGsLK0oflBxvq0ZYqcMfJ6GDibNCpD5/HSwtKxtY1NOTN9MHaNrRBAardUK2pacqliY0VAVSZN53QlAxzFUphBgOFOZJWj1DlSlzWFDTgCBvho0I3CT1rTHWGBuaCavihgWGaq006nOu3V+dlDqzvd3oWbqxszF67dPLm8tnXfZledzJRucT9huPAZyGHhm28sY2Wz5/ne8sW9CkJK64PT8H2CAgIqy6C1Qh7jyYMr+ZIY/80pwhTWWqPdmcKBmTms3VjkZNECj4aEiPjutF2oor00h5nE1jQyLWW3dRBtdUtBm497AM7EtmYrgRqxPMP6NL9eHkd1QNeXFogpv3JrdfqH5y92Hn34A5tFY6PguB0DeXX9N4Y67LDKjB7EPxgrH+YdqQ/wTgSzfSKe/4/2ObPSwTvbymRUeRBheyXpIVjyfQkAk+2J9Pj87PL8kUMr3V527vzla3MLK5tnlla3TmdKT2VKtXLfIBugAJ56ZxWvLa5DCOlPFiEMVqicwwlBKOa0MpFcrRQgAfcaUgoKwObnU0QIgUN3HcXm6jKyXurYlLU4I4ELwyTzQz4gaaOWDcAYjEqRSLSmVbu3prRKpTOBQ5+gtqDI2RvscaaJZYDslwGl0oY9Mx13utnUSz98ffbRhz+wGdzMrCJlN8wmwBQDu6rxOCy2VDLAvQavMOw9TPtVkc5B2t9l09wDPMbu+kAw2L8dUqUDAbUFPs5WwZZTUIFWkqCVJN2H3veehQ+k2eKbl66du7K8furS0uoDmdIz/AUo11a38cT5G8j9ao795GalgtYCbmGfBmjf4pAGRL6gOpHkbjM8jUxgnS91ccEQAEIgaU1geu4oVq9dIQ+ceQpHuyY0XT/lGgVr2wZrCLQo0fGzVE5IkXRUK+0BWoG/hkt7YMhALW/AHWdmrT3k5TNpioMfB0UlX3rj4iyAK8F1C69h5TgsC8qF5nLduENs+UrRXK9ii2HZQga4myDA6x0Vujets+zu09QpO4BYUOBMD8V+vuhq/LKLHaYNqGsU9CLp3I/p7cNfU+aB/UQrUfffd2Lp7Hv10s3V9VdfPH/lzNWbm2e3u+ncdi9rfe7lRSxvpY6jCYIvTUfyPiq2EBpwjMtEfbViIAICPp0Dn3EOem9h1rl3bGrmCLZWV7CzuQ4Qe2MAm2dVvJgxq4mJGtA0pq9jsA58tAZ6yQEpk24qs+0W2ON9Ho/0QE3ZdX+aM7wAFEkhbySFQ0BraK1aVxauzXZ7KSbbE6FLo9QniPwmqGIA5zfTbJ6V+QoHNYVj9VS+oPNOlCqfZhN/QVU9o/CfMlE0iIJ6Ff8T+VP6ig04Ff5prZUBG7tP5WJ1RdIKdYzkCfMrrr+JLhdFliGFwPzszObPfuj9L3/iwVNfnekkzz9+YWX7ysqWn5GzHOTA4m5klEX35VdhzMiakoiAB+mMnAUemc+ZHuWndllwIdDIAyu+MJz0synaLRLvThyUWiQKWtvH6TzdArBzARO6Gfg3dPs/Z4AgRun7WJXWuLywNL18a62WS4wvmaprxoblm8gwgFcljd8GU3Q8ljZicKgtZcA0DDiW5R+grzGQABi4hOc1cp77HrbnfzG96uRh+pWConCvSwHLC8BjsCFQ29+w3SSRmJqQq89cWl/9zpvL8L9voV0QhAVDbJrmgMCBUgPsXX8BryBlGZgSjcvTDszMYqLTgTafa7fXmwEgQiDwmBhj3hZ4FRtnOftMIWW3fcgzmaEVoJheMKa2Wf+nWb81MU2tbLqPkabvFMmm+nUOAuvrW9OrK+t9j8aacRJ9Z0DRvC+SsryD1DMKfGn8NphBjt8OIGyq6261V1HGgkakvGVuCMCnyOQN7sh9zC9khZE2PFAu0qlAT74fbkcBj4Oi1hppluFrP7gy/xffv/zhXpp1rCloJ7Ky5TwoI3M/9IXBzHWlnanKmJQFRQIkOnfKBRakkJg+Mm9MZO2ZnjpgdtDOP+jVbdrlOjnXZZ5HAMhES6pWJ6SrAOuXOxcG4ABXP+WhctY3yc6Jac/dRPLjt1Y3phYWl9sIRLPzFJNRzacm9QzCOotkqHf9j2Ldzm7IMIA77N1lwHJ9LC5Sb9R8pT++b7ZrLR+I6RK0xXXg+qrgeFHeqMT6+cQrF6b+1VdefXRtJ52L6a012MT1mVX+Sz44MLYF75fYlLb1cyCFfR2+MzVzFtia7FgscXo7YBI2t89CnWpm3Z0FMgYqRjelgZ2JGWjRUlop1gfSkRx6Tkden3Mt+jcBC5SKMU+qxwDiVm+rfX1tpe6qkL4PKNUZ9yFw7QercWQfOxkFyI2q88PoMuzdpakvhIOKZmv9wkFSdSceRJeYuRM5zpliGJEr8hXWiVp7ed5ZWuv8y6+ce+Tt5Y2TgrMly7LMc7ZKwY9X0MTnE15bU9J/dqL/2nrmKb0LUHOABFoTkzgwc8Samfzj7jYvODsjlsr0suwsBHX/iBJSZpPTrG/K9l+rzNVDvjyq27ZFCjhWSn98mY5jsXneNE3bG5tbfQwwkL4nkOqAWpHEyjSdd3UAuCxtaAAM/UlVecuEdz70fVXVU6ZDWflh2eIw5Qv66wFOVfkYKJpjhWyRm8IxEIv5CInlxXRiwFgKfEWTZGO7K3/rs0/e/9yFpbOCnoyxrEaRhcusOAcAQA4D/LtnOS7ly2bsChkCSgITzw9nNfRYlDN3NaYOH4FIEgYk2gKtBUMPhOHaI9MdBJQBY+P1aY1e0pG61VEesHF05fuKTGzlwFJrWH8h91VSPjqZjOVmWda6eWutgxqYUEYSysZsGVg1xY/wZs3HVpivTKehAJBPwDrIPSh7iU3wIl3qtFtWdxNpysiq6opIUfTWpsOBZejji+pa1A5YsKJogBPIhcy1qj9lg3tzJ5X/8nPPnvn8i1c+kmaqzSdrbs7yAaztj1u2QoBmGzbZKJhgCyBKWPvGMPnt/P3WRBsHpmcMcLp66JslzvenbHkL0FYNDnqwbJOOUwkFgd7kIdd3DbeUJ3Z9WHkCR2KnYJ8RdZckAHEASqH11sWrVQxwKBmGLfJy4XaYp8n8rgWAtyuaO5ZcIkBUtVSlVEqYayH7jAFjxHSpHE/szi211vijb79y4v974vxHtFZm8hW8jzlq5tExXsbRRevjE8L49ligSLM6Y5PEywcIIXHg0AyElHkbmrVM4MqrsdgW6GoBzzd9fXMVSGVbqtakslFdABTdFSy/Ds+H1Ttowx4zTJHqoHoBrG11O7FTH0odC6quZVhltcXqCNOq2ilLG+hlCDFaWUU1q6RJ+UHb2os2mgoHk5jfL6ZTyK7qXp+wTp6vrO1Qx2BASV4upnekj7KbZvirJ1479s/+4vu/lCk1ZeO4QroJbgIeQpjXWJljeT2AWRtNrYAVgRCwS6Z9tpj/eA+NEJgF5832V+aLoA9MH4ZotaG62x74OuRzjM9+59I7FU5pbZeyhHlgTHognTyMVndLIetKAi0bvFDM3NXMJcBuFI51cpCEWWvt6wwAW1sbjfCgbI7Ejof5y/LQOCszs8vyhHUVyUDPAje1/QetcxR597qNQaSuEzh2wetei7pmQY1+R1/iGhwr+uC2ZYiff/rc/G9/7vlPpJkBP/qvqv9gU5ZjEBxwC7NPIJo/JeJMQGFQUgvhvsdrwMgHdzPRcnciZGsCnamD2NjZYjkMwBDghqxShxiorK6EfgYWHRiKvB9Z0pZJa1KJdMcHP+8chesBA6bJtw1QCo8lupq2uzu7+n7QOjfqOuBaVmdRWlF9I4sCDyt7YWbvVRt1gzGDyKiBuclyFT44zbFaH9HxAB7Ad88tzP7GZ5775MKtzRMCus+AdaRFexNZyNi7AI15a1kO4H9ySAR+RCaamcmmpLZmJcy20VrnrG3q8BFWnMoKzyz1LHTbtvljS3QocixchUyXvB/Z5IzZcctivGi1UoDKTHFjhvPzFix3Mb00gK8AYT4ALwSyVNd+EmQU0nQsD2rmxtqiMTwQAI4i4ns7pMgsHHUbTc2CpjKMb6VmmzIEPTpOG4HpHBtHFhB5nm+8fGn+f/r0d3/2xvr2MQtgeUWsKEcFc0Tlkz2EiP7ABmdCHkW0bYQBgRyziA1pByKmDPfjtTtTSNqTjGmZOhSBiuVkvn4cmDxa6AdgLKiZY2mrI3VrUlkws8DJUZbrq+x5soAZAqIpa76TZ4pqZJnaN4Roty0wOi8DdXg3lNtLk/N2ttlEQmdzk/VSQ5i5RY89heDXx/hYnujv469dmf31P/neJ95cWDnFy+V4INjEhpm8yBmUyeRBpMcCbSWeSUfmsCDWReUYI8t3Q2AKggusPZm0MNmZsmWoPP0LQS432zk7ZZ0O6uYWqQNQIJ2cAQVeqF1h2Z3R1gIbnQtldfGi0nSs74z62sUkXBoVptWRqhtz0yVug7ZFsmuIv9/BZb8I3Ynq+O3CgMWo2gfsYCl672A4TmLmriwARqm1xldfujj/P/z7v/3UhcVbJ6VgSKWVM4G1PwUtMwzOA98WwuZEpDQgpAuC0PmDt+utM+RmbNC0bXvy4CE2ufiTGaxtz5SmQwRIrL+aRXVZWbAgSTYxBSUTZXVTbB2jzkDfFBHgzwG7dggs3dpH7b3cgU6PlPXWcdJ2Xb9yUR1cygIWVYGMonrr6LRvKO9Y6kudZQhF5UrupkVmLAdFCccQy/x/Hlv86+fenPv1P/7uJ95ZWjsJQPpzXcMtE7YHIaAhIxyF6nSgpQFjxmmvfP7CVNlq+eY0u4nEAdQ3Y7UxSe1kEjkAWoDx0NSnoAKubtuT0Cxlx10ntC0toKFEInXrAGN5HCDdjcS9OpCDqMnHcLpfx1ySJMFuSRWLKwOrolURddstS9uzr8KFDe82Q9yrZSy3QwLWVnuAFKRHb4I8Yhv6+bT/hupC8Nve6bb+7Ls/PPa//fmzv7C+nc6RKQoA9otrFslgl454WmoTrTXbtAxGKfr0pbZLWvI6XMRXaw0pE9MkO2eM+ilFH3sPQEEI2IitqVzrXMWJ9iRkq4Ws181LUWDXV5xtKtuewyADXSbi6wLgmpVxlWYHDmNiY8ljj/S2GMprAZI95aLyr0xBCPIN+szP7muNTjux36Epkvym0dwcHWYu1okeD9Ku1iWvxN9NANkLYKq6o9xp4Fi2ZGBAkbzOomBHZD+23Qd+Sin5b7/yzInf+5tXP7G21ZsjjLFg5olhPNqt+fPMMwN8RlEfRPjCP5PVBH4htIBMpKufqtUOPClKa0HPnAviX/kbTYXVRQOQUmKiM4W01/V15D0idsnwhtvUmvU5ZrmHolqTUskJJdKuBBS0Sm35HIT9dYH+Y3GaveShuC0pk7QOwI1q7uyHeVgIgKNUbBQdbVpH00Wa+12qdK5zfkweb+FypFwR2EH4H3IvBL8bqxvt//srL53+/S+//MlUqY6wyOEHcegbGYLYlhfw8JcxeyDFAZHXxxBH63zZjExa/WXBqqB9IexCa1snNNxng3MdBQS0UugcnMbW6k0ESjAmxxhdwAy1iX47Jur0iOXMtwX05EGgt21eCCHz5S/MJPbfDEPMUIP8lHGHAmz/77p7QoXnlUtsOVRszDV9UCJ8CIDnazCuax/nMpQJvJcI3rSdOxHkdltC8IuAGZc+IAxNYQTgpzVwfXWz/b9++lsf+usXLz6SZlnHLVImIDCsLVeE6WEAmTaNaevMWoJD1h/TqM9YnNkohICQ+QsMFMgvKGye4EX4HlDqEAxZO1prTEweAITM39BiVHTMtZ9tEZiRzpyV9oOfAX5WlwagJqYgsQR6kSm89xzyV131L38png/GFQHgyEGdxuCvqQ9umHx1yo7SEhoYAJv4AeooGD5m1bRTRXeRqrvRsA7WJjqP6obB24tFz4L+eZHdGuAX3afARxkIPvvG5el/9pmnPvLE6wsPgD656j2sFuxrBVo5I9hEF9apZzMCQkOAfRmO1Bcuj8VKUkhKa1ITC6UQh61D+CBkQZXrbN2Azh+ZTLQhE4mMTFE4WCU73NbIkZsDZJSROcbIGZvWgJo4AAkJaPpesYvqEsjlT3mYFzZYMzjSDBMBYKKVqplWuxtLH8WY5WO1rH4+p+pEf8NyVfWGMjAAjpphFfiiGpcv266bXiXhxRn1nbFJPRX963tsrSnrq7PdTTP52DNvHvsXf/7kx966vnZKAxKCma4hSBGbEwEPs6RLAwwEHXCSsx8QQluTNq/LgywAGjJp5Y/BaW1N7bxswY2ImcEeZtm8pk8iXw+YJC1kvZ4Bn7CyEPgiBii1Fb2G/StSVNKWWraU0Dsy7u8zb36hDyvROY0av8T88pTOJHD8rpk0ZNmjlCbsbrfwJZTbEgUeVoax+Uchu+kEbrLYOSwTYWex9sJPcoZl+hhgJJ/Ns7nTa/3eF56+7//52isfX9nYnqNPTuYTXgYuJWvTWnCUND3JJ9lPl/riIJSSgxUdIDBx+USr5Zm5nFm4yG8Q+OA+Rjr/wtcHyNll0pqA1pv+chfvkhkgL/O98QJGnb7rbvRRADA5Bb29ZoGPzGnBQDA/pgpb9Xuey/QBkZ44MdcdFPxivru+/g2Ql+cf1q8f82GODAB3AXzqfrFOFRzf9zKoDwTwzzcHNUqL1Cf5hTcMtjLaG4CmPaaUlq9dXur8L//v1z/yxJtLD/Qy1fHYG6vN6UBRXsZgzVQkn5sFNaKIIItSg74DLECPr1ko9YIY1F6r1TYfRZe5WSvcW2TcaaFzwnQ1dWmT0O8nFPnxVjtv25FOVmc/aNrzQOBq+updcu2AGu762vOQtaeR6KvoZ4D0+JwJeDClCINtlfYG5WRmOlPz86JyGQyXMkukyVysyjsqVhjTcaQMcBhmVvYkQhkrCn1ciH+9rFKvUbGxmDTof9N2OEhF2+KR2xjwEcAF/sy+t7eAMUGttfzr596Y+63PPvnoK5dunIEQMnz1lOCzTcCb0MRo+BMaBIwaADRb95dXZvMSGJpK+5iMrVtIiCTx6tFaW5M4rxeMdeXtmNdRu1q1dnvc9wqg1WqBf0/dZ3raO9KnY8T8tSzUbHvISH1oTXrgp/liZw6KrB90y6E+epoJAaEFDk/r9NAhpKh4z+SwRCeMHTSpr2yO1plfI/UBhlKmQE3bv5TxFU1ySmMnVgZlC18t38RXOIw08X2QFF1YArSY7jGTNsjXx/hKwNLeWFib8vXLS53ffeypM3/25Jsf28n0VPBAL8cNEO2g10RRwEPDMSzjrcuPagJPAkIHnDkbIxPZ5dcOMTzGlky0HegYsAEAzRc+E8tk905lgiVCUBHmZzT1G9WQTEw4NsswhwCGt69ZFivmpQWcPHrXm980kJv8SkiZJBMK3S2pqW7DAkNWRwppto7RA1W2f/wIujMHptMKQOmbS3XMU0+bYL42ZYqxcoPML2DEJnCZVJyc6OuTInQ1nNTe1+hLWFAMWAvvcnu5tKdKYjeFihtNVWCj6Fjf+j4OpFpr7PRS+e0fvD3zz//0e4/+8PLymVSpNi0p4QPTp2TumAWFIFv+my/ryC1c97SEF9Zg5aB1P4i5kwAAaE1MeAzLqUT65kfpSQgLdsxrSGzT7Xs3CyStfI0hs589PQiQvSsWu9EWHTdvheH90yKBTloO+KDNs8AUiImNjwCk2WFhen38mNw+0LkrjfWTzysjfR/vaiKDzq/YypNh5urITeCyhgqk6DEsm15yp+BmnDK/dS8Kb9cDw9sNftwELbvgnPHWPb8Rd0F4fqPv9Hvj6vLU73zuybN/9sQbj+z00hkY4MuxQzNQ8bxl5of8dsgnrZDwZqIG4F40AwXzsLAxia3x6/Wb+d340hgbwJD5M8C2HthtRhjBWZoms5v6QqpZ5VlBkydJJhyYOgrXB3gcmCyjJWDj7JK3QRKeUw1oOQHBXnpg60aMAbKqbLrgB9FOFB55qNed7MykTcZ/aIkV5SlKryIbYXrdOsrqDd1atzMKXPYiBo/tFfkN2MkvAow6380o02Pg724M2mZNc0LGzktJ3X3Ax9orjAAvr222P//kq/O/+6XnP/LW4urJTOt2DkYAhFvSQlCRT2q7C+tRo3aFBH3yMrc83do+CEBoYc1fQcyO6jTqsemQgxY9P6zJPAZkIpG0WmDUk4GNecaE2CY3q6DNc7McSiIMiMA0aSF/w3LiXy8GksSwLD4qxbKx9BgDDNkr9UO2zPhXzpUQMs2IaD5eGClstbQ6erS13esdSicn4zqE2wVjz0vnc7RqnV5U3wFM26q5E6ZZAByVw79M6kzsmC46vnSDi6XksfrCvHWDEmV+yd2SAt28/gOuryXnpsk6P28/y5R84ofvTP8ff/nkh594/crZ7Z6etteEEDC379hyPQeCZBp7TI8xNx6NzUv6awEdpSL2RkSIQI8qJQh2Tn4hgKQ1wXRxKoMBnWChUTIlBaQhtto8hUEslJne9q3UeT+81+BTOyYvWLlQKFXzMjZRBzm9ZeLIZIu9UofVF5xyIO+zC9REGJQGjh5O8d73tDczPVv7O89VwNMU7MpkN91SFgD3wvTjDvaySR6khUGNWNXhZC5jbrzt3WJ4A0tgihalA/0BjLKytYHv5bevTf3Bl58784Xn3npoeX17DkLIcM0c08boROajm6x2GQmMw9vSOlgQzP1+mpnHxIZgGZtjZwxoabYLV85qJARak52ASRumaE+XATYeZOA+RbsPZ6pS/YzB5vUrAEneawJ5lxlR8VCP60VHvLtDYNhqiGRCCWipEbA60zfWSL8OvLsAVCpw5r51de/c6c3O5MF9Nx+qpI6ZXCYjeRsMZyVNWV7BpK1lHhuJXTQZ6GHzBNS9CFwVz1tG46skVofZ93Ss8vdVsNG+5TAI+hZZDuOB4o3VzdbvP/bEqT/93rkPvb20dgIQLUEAAzNhQh3DfY38C2rMLLMT3IKgzxgtbWNHuX1m6+k7Txqwbwx0oZMkmYBM8mGtlTKMTbtmAubnWxuwIA6+zViYPWT6b4z4vHVVjB99oOiZ9kEeni9I0RDQQkjHoO1txtwXKEEwoO2nhpQkBPDhB9fUdnrP6gF2LswYKQ0W5mpqFZQpKlIr3dRZe64NMzeBEb0NpikCxxheEYMJJ2uko1EztyiPOe4FTSJSFljoayssy3fKTIEi8DMDoMr8jrXTt74vls5B8sLiSuc/fuvlE//hmy9/6OKN9RNKqZYNNMAPGpCpGfrCeN78TSVBf+wkBWCWrnAgcYEEZmYzsNTmTTF99wgCEe2e0W21J61PzS7RMBXZduCYmnDraFyj0B5maMYgne/QBCGUgpYyUCsEL59Bcgtee/lAKOzrEvY5yU38QoYZlPWW6tBhc2jmYKoePruhhPjAekFltVjhIP66svQhMaW23PZH4YpYi5lbUSAqi/zwiR+7S/F2gjoqL3RN87vx3SgEeN5WhWlbdDw8b14epbRcXt9sffY7Pzj+B19+/pG3rt86tpOqqT4Wqrnxlc8cNzW5vQpHmpgJZk1dkLnrsDEHH20PUEv5OmXBMEBb9kjTOS9iosmMXQopkLTa7Nwb5mZJH4uDanqul4ND8DSJMLxKU//dOREif5mqQ2VijuF1D0xrBCwXBIqC5WbAxW48tpSQCkLziBCCFdmsfh9ERZBy7GgXp9/b63Ym37cJOOYXCXh4fvYqH2BVJLZJWlNrtE5eGuu1P4O3mz5CUobaefvazfY3n39j7h/81IPLs9MHUintiK9FoYUQygRPKClkmbGnRcrqr30XrDhXlUGVELgKbgAxXSvX+6WZki++dXXqj77x4snPPf3GQ1dXNo5rjZZDJTb5gdx8pG2wN/Qxv1v4elNK91kiDJhwFhYCJicm7n+tYZ4XdiXA8vBt2ZqEZK91t7ASYVXWB0ilY+DHGa4FxBzk8nNk3rgiEvSBn+m3f4kc2BpoNmeAszUvWx8HdM4CAWE/JsAaEu4M5e2EDBK2tBDAB96zgeOz6G733rfZgTem+h4xjblpioCvbJ42NVvrACLXrQyMQ/0afQl+F8RbdCtE7jDf2um1fu8vvvvI7/3Fd+Xf+9j9537tlz565fjcoe5Up63CsoGOKpbG8hSmV7DBWtHgsotQcKxOvWW6lrqZhu+mAAAgAElEQVQPKM/N9S358ltXp//D1188/bc/eOfMwsrmfE/lS1p4gIPDC7VDAMKd7WE+k9mCBUxkVEizRs9OTmEnpT+ZcnrICSXIQUX9FcI2kQddWJ1Gnwlaw2EAmpMi60YkcKb6nPFuzwEAD/xi7A8AVJrldRSZaxzNgk0BWsuovXz22WZ+joMbk+b9IRdAcCnAy8fuGdBQSuDjjyyjM3lwvXPwZBcVN/oIeegDyUFdZ3WAM1YuPFa23CaW1sgEroOsTSWm7PtO3LX9sw+efud3v/C9X/n+hWsP/OsvPbXw0w/ed+4f/Z0PXfjUT7x/ZW6mMFpVuMA5ll4CUk2iylEpuEiVgFcGZqRbDEjDY0opnL96Y+qrL1yY/8y3Xz7z/IXF+za66UzuAhPwwM9MpNy35ay6Pm7HZ55nlhJWGBCxE46+qeGALDdDwVhOnofW81lz1u84AwFTWLAbjgbkxARka8KCZRxobXb/TTJkn7N06r8FGbj2aGlMlmX5NgcmW54DG9EyV7PDeQI+l6rZcbevIJB/AsS+EJVV2T8mnMuCOkDPWgtzaALAp37mOrZ7jyxPtyb6zlMogZvJqB+f803N3N22MIvAtQ8AyxSv49AfgciJVoJ/8os/df7ffe3Z1VvbO3PXbm2e+Mvv/fDYV55948Nn75279Csf/cD5X/no/QsP3Hv39pEjUyE4KTNQywIZqig9NAFqRGBrSSTQUfUUDFAeUOlbNpRmSl5dXm2/cP7q9OeffPXE1164cPb62vZcN806Gvm7qTiz0HZuCsua8gT34/QWDDho+Ycwb7kP2JzrtcdO+ATyYcZhKi2fUZbl8YfjNGAZG1dWmuAHmat+e1woosxu4+5/YmPC9Rden7UJhghoIZClXZaP/e+jZt5errrZpSEbmP86vyH0EbaA4UFl0oEbVaMDlywDZQ3n66QqlcCZ+zbUj929iZ30g8u8dhTIoOxuL6VJu0JEngWu60AcpIOxO0hRne87e1f35z703pf/6qnXPwFoqbRure90Z589f3X2uTcXHviDLz61+PDx41d++afPnP/FR96/9ODpE9sTrRZouUfkzl9oPpflGdWFLPEPRnUpW9LC0iUArG/tyMdf+f/be/fwOo7rTvBUdd8HHgRAEARBEKQoiJQokpIo6mFZkiXLlu3YUuJY8lN+v2Yyzkxmxs6uM/nibPJl9jHf7v6RbzM72Zn1ZGc9md1sZsafE9uxY0WxZZmRaIWSqRdFkRRFgSAJgiAAXgAX91G1f3RX1anqqu7qey9IOrlHAu+93VWnTlVX/ep3TlV3n+z/3rOvjT/10qntx85eHF9abUabl0X8TTIQxOBAcQP5oe3zEO4nSFamHjsVby+BKA/WZsawJDjw5ERgtJJ0BDGmckD6Y7JGQLQpAAkohMWiVqg6T7TjCt8E8EZPpUbr2KBvSIQEAyVxGzXrdRRjVNZqMVWJ3RwSSYEjvVylsbSMqA8QAqzZAComLC4ykEROzCHxWg8AQEA5vPdtM8CaxRoEOxYtRTrHuRkTxH3bte0rS1zepKnPxz7XeZvellaB8xTqypdWMYDogZNffOiuoweOTO06v7g8qvgCASBAz19aGfvrSydHf3z8jb3/6k+fXNy1deOpB265bvqePdtnb5rcXNk8PNCQj0S3u5RZLnJW2txiY30pnczJOmv1Bn11aqZ8+MSZ/idfODn+9Kunx0/OzI/XGqzcjBc1CJWcLaL/YNlGIssCw0tjwMVtaxpQQswUSXQvqhy4gEBWKhE11D4TE1/UCBAxt7gsseVE2ByXCWKACUYUu7rFYhmAiHuChQX64JTC9I3TccnoN4Ho2YP46TUxE5UARQA4g0Zt1WxJ1aBcu4ckWZIWDlBAK4FO5EQTkMwXUUjHxKnjLrJKk+F1NXb/nbNAaP9ysbjHtQXGoj/d/W3VtXWF0nwWU7LO2+zNtQjiIz6sMG02sOV9283XLd6z+5oj3/ybl0ejnq16Quyy0AaH4sXl1ZEDR6ZGnnn19N7h/oOLW4YHZm/cvvHso3tvmrr9zq2L14xtqFkYmPc9wMR+54q3pMxEPoBIAQBq9Qa8dPJM+fFDr4089fKbE0emLoydX1waqqw0+oEQGgEexIMoBhDc3tIt44rFQfxwAoLYD5D4gQUyIwAnejwNAWNKrUG41cTc+IfTSH3RJ6E4Dde+EsnAFLMkQQhBoYioVYwAiApyrWj94QocjMkYL3xgnaBAN3LTuQRAwZKFTeryceMTtLIFUGKJQC96hZMeq0D5mzUqf0mmalA8krQff1w3UYMbJy/RZmOiQovblsEQ11jNIjHtblmx6bedy9Lrm167FzjFTcuUtFkhbdZIW9Lu7ymx33rsHS/+9fPHd89XayMEXcRIGcoDAIzz4uyllZHZSysjPzt1btefPPlSo//rhcr2DYNnb5nYPHPjrk2zt+4Yr1w/sbGybdNwxBCj7C2t+qbVE0vaRTWFMU5X63V4/cxs8aevTg29NjU78LevTY2+On1x9OzFykitwctAOCUkfty8ZE8gOz1HA0MuaBgDW3vZOIAa3ACgXlEZTTpqHBpbRwx2xRHSEBPwFFFMsjLsLEtsjcFYuqYKaKIYXKSwVCrH23WaIC4bJ+juDI4YHVCItq4IcEmyRB6/+lLyPgScHEDFAxmPY4Ax+EWFxbE8NUkjzoGqawM9xQJFTm1rn9DPOdBmHbURyLpEzA8DoXDpuWTLQDiwJsAj75uCwd461MnkbKk0mVgBjusgjslPDC6i3WwTPNKREF+3OCt/Fl5lhdwA2rgXOA9QZq0YudIDAOyZHK++57YdL/7nA6/cyzgPk/EOh86oM4SL1drQ4dPnh16aPn994VBY7S8Xq+vKxcrExoG56zYPz+2/fmJu+4aByi1btlbL6wusWAhYqVCAgBJGKQFKKTM7rI/drvONZpMyHt13u1qrw2qjSWcuzIcvv3m+98TZi0M/e+308Gtn50fmFir98yu1/mqtUa4zVgRCgUDk2nIUoAccc9KEgOq3RB9fqOUI/sV55Eoid48YmWQeOai4dIUFyBIBLtIdRbowA4vBzNzEG+GvYo0yBijBN0ofhCGExRKyWzY0cnOFbsViOaqIwJEoFkgSdQEROET14sCBNxrQrNd1d1W0dgIANPTX0hMByMh2cS241IN0cwbQrMvrwLEyjWkidxuBJQGA/nVN9s47zgMhAJXqDbN9Q8XEQiL+4Rjr1geQZIGRK00e1obTteqGt+0C2wKeeSRukEQsw9RZDAP4jccePPLT42cnT5yd26bNfFEOYVH8vxqEPO74hAAw4LRab/RW683eC5WV4dfPz2/78ctvwv/9xM8aIYFGb6m0PNBbqIz0lyoTm0YWh/pK1eG+YnVibKQ6MthXXVcu1gZ6i43+Utjo7ymxsY3DETjqFgBwgFq9Ts+cvwBLq42wUq2HC8ur4eJKvTwzt1A8MztfnluulS9cWuk/c+5C//lLqwOXqrXeWoOVG4yHPN7mImNvkhFIThLXWoxgY1BJF5jH7poYX6LDgIyjKWATeqNhQ+N/o7EvmEgcE8P5MJNUyuWAVjE5oukCKvbgAf4neUlBPMkEr17H9QIKhXKvtF8ObwnIEPcDs38gZhC3V4KdYRDkavMIDhM0GvXojXCAs+KoXwzeohyhG0SskyO7cX9GgC1dZXyOAWlUo6+S3nOFkpihyzKVUAB46G0XYHRwlXIIGuXyO85m3HVpjX+7xr4r3NMuG8xKm/RE/KSlVWBb+ryuswvBbTPN3mvHlj90757n/9dv/mSs2WRFQ1P0IV09EH1LndeScO075xDWOIS1lWp5fmVl+NQsgefeuMAoAUYpYUEQsJCSBuXAgoAwSggLKGHFUpERQhtUDE9CgHEAzjlljNFarU6bDCjjnDYZD5vAaZNxyiIGSBnnlPMY/IXHCsJTQW6fsBVReQkqqG64KfBrdRkHaZ9IhEFQAIIEMzmwIuSMzjs2C8d2AcovkE3caZAQIq5xlDbeBYg8NMHmxJ0nqoKyXM4hKBYgCArqOOMREAiQBt0FUnSU6+2rpWVq0kD2YiIo5pJmfRWazYZsQ2WjDqba5Ci/oBbkeFpDpwmoa44MIJwxaNalfmmmaHrDHr0aBPp76vDQO6ahEDJgzb7lsOeueZTMuskZi+/CQ6vpfdL6xCexpGFTW7fCtbMwYBEWLzYIVijZYUApfOmX7j71+PPHjh46dmY3xHvaZG9BjAFffeXFoFneYjLB36IeHoFUk0OjyWEVMQy5v+rSirNdRGeLvic7pLiP1ryMRPsUnV7db8rlSJErHnpdRRNI9sdjeCZ6HZV2UIoBrewCKFYQs0FAICjHL2J6Rl2MRykoViOOC/sxFZRgqlaYtWqimFOhVJZlK34W5xXM2GRhSBlma9qA4gjEJJMEGeMTelerKyAfiJCoO2gTg2x2DQWjCUa2q2wHkZwLHxO1KAfCGkAatWQ35qiI2AvQSGHcdjfvXGJ33ngRAACWa9vObhjZzMABfLhd8jIsn61urabPi0VpZXZsg28OMHTGG9IMndg4VPvKo/cdGuorz8eJQQM1rn1Rx8UX7RRBfwCJ0auJYow48iY6LdYkNRI9PRG/JehxA4FsxRp1QaVzzoAzrlwLHnV27GrwmF1FZYk0QqeuWx0RA17AtrgVjkmduE1MHbgc+Wdvzkgn0it0M1UqCCjC/YJzDmGpR97zy7na4wacxy8Fj1uLo7qDaqNk23KwPvkJtyeodgVCYLWyYAU/Wab4LsFOfDLcYPFZVE9pq9jYrNqSAACpV4EzZt9Er9XHPBcx24//0pvQX27QBgsahdL+aZseVRVVZ255uZiNieVxaW1lZR2zia9rbNPvBYCtoGuapDScWGXSVp8454wQAh994NbZ9+3fdTgg4v2lWI+Y9SFGGoIRJz6HQY8b2bXpF6EW/iOaCq1cnb6ZiKfbYdqiNwRiPPGHBl74FAZ722BUgGsFIutgNdJoxhuncV7X5GVRKDgbfvqVYOpEAgVXNqK8NAihUCwpzRxA7bhTDC1RCUv9xDt0RVlmrMoAAPXHGNRWltQ5odl0h7HtnMf3saEiLW0vJxL8KVxlDkBXK7KPaJ69KJSoRsWsnwCBvTdcYm+5eY4yBsBIuQb0tllwSIab6XoCu9ZmrnN5Rdhi2mSuBqfYa80P0OJ2jw6I9sBRgNSG06bm3/7oO47s3rLhmOwuyo/TO47W4YWLYbIfrvwGHg1KcVgOQCxyUIKuA4y8KoORH9umTJNgidVp+XUXTXzhiEVoNqLEHB+XgxypEvaIToYYiwa3KL/KTQwMNQduBDI2fOQI4OR/4oGiCeYYxy2BQLHcA9GmZ1wHpA8ESHFUVwNoMNCh9tDyG3XBQ2d1uQKs2UTmxU+Fwew6LovLdkMgidmmAbL4tzwvWSNjwWpF2qq1EQoTqFZT34oFBp98aAoG1tWhwQk02fAiBPc6b4FLA7LLKXn3DudloFcEALNAziEMAGDy2pHqr3/k/mf7ioVKMvJkFmR84QbIaGAD5o9kWiwms0vUiWsfMq3MJwaK0O/oaAaYy/EsRz5Szs08rk4C0s3iIo0YsHgisbhSQqdJqLjxKWyQAERQCs02W70JCGaHJSiW1AMPQACJwc408AV1Hl1I1Uw4rai7Xk+hSAEUwOpSBZWlZZBsNskkzRVi8zwS2Xb6ccobwBtV2UQ63VRNp0k89+/YusweuPu82h8JE7M9PddVwS7m/r/c4gNEPmnMsI5P+jznOn6Tfw6xxhRI/IpLcDR+QCn7xLvumP30g7ceKFDiuoA6o3ICpcXtxfktnckS7U+O4cTUTJQdtk5r2oxNI6DAQ3SEmLlqL+SRfmRSFJlVeqJn9hl5LJitQNbFcI0ZArE34+rabRMjVFjIlT4cL6VBEC18YFAz2lLcAaMACMUh8SBCixeKIXIJuhFrtTQG58BYE6pLl2K2inTG7i3DYIsmIm3SwQCJKyEnQsz4VWuGq4tAWFPeBWINohj9kXCAYgDs8x88Bev7a7TBo0WkZvCOk2FhkKHxBpAT8FxjvxVMcLm5ay1tA2C7FBlV2HYhnJ9f+dD9x95+0/aX1eC2KQcFDISAfLpw4ryRx6ZDusrxcW6eN2KGUuJBoNkh8ltAFhcsVrq1Qcji4LgCQuCR+4gHupz6pQ3CBByzwgRWMRw5cHFCE+jELy7alIDJmLTvsYto5IaoFkakUAMnAEIJFMu9IBsuto8CyPdwcFCLPuI/g5xpLqYqADMtlYdgXShPs16D+kolOseUPi7mNo52Lcom4MBYktEp1mnYhZgqF+3KONDVCogtTYSL6w0qHmh2vtiEO/YuwFtvnYM6j3YENHmhCuRdZ9HeABvwaeNRrL6Dx6KlycRd4oq3tiJp+dJA9UrFAIUwoxESsUFILowAAMC1mzfUfv8f/eLBzUP9004U0QDL0kDmbGvSMwx2+JSVBYrejtgeTstRYgl+BnpzrkBalEkSCtRAxm2H68g5iPVUzZ3F5nN8zBZMwG6j6NRmfeN8iA3pKrje/LidYksk0Nj6b2xUodQLlAYAwBRIA4/Zluj8ArBV2yXiapoJSUCXleOIBRruaK26DPVaDdULXQsM3NImrs25kEjv6n9KR1RGk5HVyPUWr+wU86gMbQO6eZFHmosFgM88egqGBmsUeNQras1rz64f2l0FixcGyW0w2u1vLjG3zORhh7b0aTrS0mUxSZy+I9tgOi1o9tBmGgtTZLu2b67+zicffGpDf3k2cWmwa4gHrjwI6qC5ACH3GEKiT8pjUgXR8+PyzfGl/XZ0JjF4VDBJPy7MF0Vy1DEJATQW9EQyrdKFwUMb0KgofEyZ7ZpM9HOymRIDB4EyMphL9qSAJSyWICgUtLIVK+NyoKvVWBzzQ8UhVivjhaj9tD/RyBwMPRyW5udU2QnAQsXhP1y+1lewTaYdCFwBIKyvQFBfoaZ+wfJw66suRuCBu+bYnbdepIxHz1jkPGiE4a2nCOlPvf1NXgNQdqVJIp6awg5tDzmwsmNPFol1ZjFJM6Z4NQCgZH02pifSGKAo8rBPPLh/+ksP3XGgGNBqosoY/IRYAY0nwUvkx7psgpmYGVPzCWcQVyE8mQa74YKR2cDSVgYatNJ11so1kRpADH993uDyjPk+EAFoCgt18NA7tQ4iMsqAADYICxAWVNxPGsF1W7lgUlyzFoQbLEBRe/9InDRyCm0rvxyiBycIPQzq9VVYXa6oWCPSxXniAGh7Ec2CE3bihRaRX00iQXUeWOL6mn1Hjx2OjVTZZz9wEigK8zV5b7VQfNdZSkvMZENXWjptgw+LvKIAaG6DQZ0obSFEnuOcQ0+pyL76sQdPfvKdtx4ohgFaFEEsTltRsM/asUGpHrG9EhbVBKxFJfJJemAUksAjRC0sRgkgFAF8wAM5UQYYA10wDUNf/JNz9YRiyRrlT2bMqEI3XnPVmwUAAIXOZEE8tkMwLhqEUCz3xo/HwoxPAb7aYsOA8yZAvEEceLTII9ieMIAxhtrHXDlOtokE41hF9dIiNBt1vZ4I4DjnaisPmG49sl9cFhZfr/h8NGAVYLPYVtJcZWRlwdClbEuUAdGTbz7+y9Owa2eFMk6gwQg0GYEgGJ/t739gVl73jHt9DRDpyHMxXdLOeoItr3597XJFANASU2CumYgQYo0BYuktFxtf+/g7X37bjROHCQEGCdRHDeCaEVImU2deAhBtrYn/MPCJqRsrxL/xDbumpPaDJAMisW0csQblyuGk6AY9EwQNuFKOYPJmdlvzyDswEBs13V8ufvNkORLYOAAhFAqlHlknBTYx2AkExRMCV6VwQOAFqJ/Z5j90ioDeJkoxA84YrFQWgLMmmgBQWg1EcT1Vs6r5yLAHTV6iHaPTUYKwtgSU1dWrUxNfkO3x4T07l9gj75kGxsXAIfHD9vdNheG46wVIpodlSaJLpx5mYKbzjQHadPvEH4X+q2UfIIgFEAsLBB7fCSKW7G1bZa4Z29D4+q9/5Nn79m5/ngI0ZGdE+CR7oXYOx/844CB6lMZCCQn+afKcZPJoVIu8BFDU2i0+W2J4dJDHL8kRLzXCRXNjUGtsR5qHMyng0+prdWdBS6M85PgZcaBWOSX4oSIVqVOxQBJQKPb0AQ0CjV0p2/DkaYA2ZmKSZqFzsiniFVyUz2SDcnkoNqG+ugLVS+K5AVxvD32209o3soWhriD0Kvda2ibUoDSEcygszwIwtPGa4K6gQTcAIbBhqM5+7bMnoFBkVMwVTQAAHlZ7ej5ykhD56lAZWhJtZ3hl5utllQkeCyOm+Kb1YW5pun3ij0L/1RADxJIIzAqjU9xjebvctk3DtT/4xx84eOvk5qMEiJpLMWEQIhc6zMaygYNlRsHJtNicpVYYMLEhaddXAxy3eQDqNjCT8wkA0dgeWuDBgCHhTp4Tj0HUgUOCGRL9pv0oD2fMsNvCSDFrIdFfodQLhAYSeTgIEDFBT9ibBCM113GcErT9fag+uC3klMH1gbQ0fyG6+0MDZXyNlGstymNooog+GXBVghroYPuMunfQWGFkdcloNWK0AmpHTuDR951lN+2ep5GeiPlxToDRyement0VcDzwIJbE2xJtHlgecGr1Xl2fPHnzm3avOQD6Lo+b6W2rvuKAYISWc2z3NZuqX//1Dz311hu2vEgAT70AZpA4+vSpBNfdJxv4WYrQgc+wI9d102gsEgRIGrCiga2VSdQgxWCGOrzUhVUhdBepcNUoZmaAgQc3Aui2SjMV8yiU+yAIwmiPG9JBVGKdGaDvOCaHgVIwLfmUGFw94xMvQhCUv1GrwsoijsHhS4CAGtQikL5ggeBK2qOaRracyMzV8cLyBQAeP/xAzBIWEb3jLbfMsw89fJoC5cA4AUaiTw5BI6R3nwyDLVWT5cXtz4yxKd1gGzvM2urSzoJGlm4TxHwxxaZ/zQHQNDZr5rC4wviY12bpvds3L//Rf/ORA/uvGz8SENpAmpKA4BLTo0mY7QoUGvltgIhYVTKRS5cPUsthaLit2CXEeokGlhLUhEuaUgyTDxJQB7kxgDWARkWbIAtxzC96wgtX8CpYE0cQnGBsQpXFFhDzU4Q2eIFCAZJy03H9cF2WFy5Co1ZFJ7WC5aTAcb1R/VWR6HpwwZItbR0DeFBfYkF1UfZTs5fgHsgBYMtonf3KZ16Hck+DMk6Agdj6AtDkvcvF4sOngqBoHYPJMIA67vqe5mqmuaQeGGBjoE5dPvpcebwAsBWkb3NJO221CQOkFQQJAbZjYmP161/+4FP37N76opxRNcyLO6cJULhXEQPFxCqxACQCoD3ShKC0cRIVsDHOEZxJQyW9thL8lOsa2YVs01y5uGgLQETAiFDQ0jFIrD9iQGoztSJVanlEHMTuo2wXCbgCBFGZiAlSQqBYKgMNQqQC22i8OQ3VDZebYFGYDXLlUmJgQ1VS4CrwLdbNWBMqF2clKApGHJWNbJNlCjeba5+yBcz6AYB0n+XkQQA4geLKXPQCJAwGIm+URHa/QgHg84+9AZPXVCiLY8Esdn8ZIUDo5NSGofsXAW0hiz9BfLbL3Fziq9u1Sdo3bdpx23nvRZA0pM+TJ0/cwCKuexadTPDm68aX//hfPPbUO/Zue7YYBFWz30VGiS+oR+GRIRMR1UE1BsAtuow0CX3iPAZgB6MUAwInE0BGTPCMz3Hjt1kVLvQQeUJcGyYBA0B7VwWulOU6MlxsbDM320arPwcgFIo9/fLJziAYCLJHArBZLrKbS3ASAEW0NtB1iVvyFGjp11XVn3MOSxcvQKO2atRFBzscfeUI9EW1iQS3OJ/WpOiXuJ4EoNBcYUEVP6wZtHKwhAGHTz06xe6563y84VmAnyiW1sqFh4+FYZ/p1mqLIGLRA9CujFja2v6StaghwDENM2ybp1u1BX9XS+stIn+boJYmmfcn4u+umOD4yGDj337lQwc//La9B0NKau7iOPoDsMbbTDHdZABIsEqbrsR2GgLJR3XhdNxgkWjqx5ukk8aoQS2PxOgnVkEJBkEVj1KuI+4woFiiAZzyDg6RR7IZUb6engYhFHt6gVAqAU+wK6VbPTQVg5JULemuvrghgBTRVn0AygHJUBbVBgLSmrUaLM1fkPmlHpleB8/EWIjBMDEfaX0FTXyiLTmDwtIsQLOJXhIaP/FaLGLx6Ag0Cdxx6wL75YenaRByaMYubwR+BBgnQOim2aGBB2eQFU5AsywweIFfng3VecHMBYJpOl1pzHQSANcQyFIlw3AGyT1JVhBE8cHE5+T4xtof/rNHn//qh+//y+H+0pwBMw6xAREYoIfBx+L6yg/LwMAMTAMLnI4jD1lnEfpvkIMN55UcBLESbgCiXql4oBMERLI4LpOq8WvWi4PJGpXrG2cnBIKwAMVyD1BCQTApCfISWJjMpsAs3hgsWZoCJGUPAlsEpgLUNWMA9GcQorYkALC8cIHVq8vqMsj9h1G7MNRWKsaKNofj66rZhq+b2RsJFGuLLFi5SPEx1JLqCOew76ZF9qufPUHL5YbUzjgByQQBWIHefay3tE9b/ZV6jC1l7eKAT35bfDBvHM91PssrNc9f8W0wPg3mosexeLnDveVi4zcfe+eJr33sgSe2blg3LTiQKiTVSEtCwdpkIkOPPvANhQrUssrnxidAAmQStqJBJ003gIvLtGJAxowCQNuMG2XFwGo0h8a2wAAZLpmRGL5hsQRhqRzvExTZ4oUPjkGKGE0oZw2tL5iBA9XJY5AUeuQ8oJikwiIdBDkHCAmvVhdmG2h9FyQygoIj66Zs0zXgtuN2obwBxcoMiFVrDqD3M65qvWG4wX7lc6/DyOgqME6gKdxeUPE/gHJ1oPexE2Eg3yWm3VZqGVdeDz+43JKBAS3LFQdAl2TEILR9TGIJ3+UGi7Q9xULj1x59+9T/95uPffct2yaOFGhQky8RBwi+eyIAACAASURBVLCH4eQ55H7EB5P3wuIMKJ+p2MYobRhr001AHxBWBm3pKHKAciOPOKZHmCQT5Dx2p6J0+InRylajPIsrSGkAxXIZgrCIiB5GJuHGEgVEcTniIZ46w4vKYJwbzMxgAjy6/S0CPPTUGq7XQ9WeQ0hYrbxyfnZ1tR7KtNL11QEzMZnFddGwUF5j47pp1yH6Xlo5z0h9hYLZbWTsN8q2cX2NfeVLx2Db1uXoPdOgu72ci/cg7z62ft0D846FiCz3NvW8r9trlm3L16nFl7y6cwNglmKfRsmz2oPOW0EQ0Vr8aB8bCMrvb9lzbeUbv/nRJz/1zlue6iuGFQlqalzhklWcjHMtVidAQpPELKUP2IRuQWyIccwqFlapARH6YrgZykUT7Ed3+RAdM4oT9UZEB0MlrhpXCwJYUxCGUCiVgdIwyitZH5d5QB5jsgxhD2O4LvEfM9it4Q6bbaDXCaQdkkxzLo8NFJqzC3NzIQdOZcxP1pUZetAP050V4Qvb9cTXJ05YaCyzsDKrTQRSPWrj/t4m+9xnTsLem+Ypg3ijc5yEoT8gPcvr+x49VigUgOvbyxJjyRy3eVzZrK0orkUQmyucVVYem3zy5gbANGUp9/Nq37OCmilg6GSClt8JBoiPXbd9pPrvvvLhw//y0+/63s7NwydA3PVvbn0RPU+bjQn6RN/N7SkiO8FpCTrN9bQig63+xPhBjL+ETvEVsxR1QgMwKw0FNRBlqVg3T3QyydIkYyIQFIqRy0sDpQexTYkZMViIB4eKtwIDcCDixd/4Sc4AIGKC5hQjAR5wf0WfYlO0fKS+YnQhheXxcGV6ZnFlGNclAW74oROJ62UwfLF9yjyP2o+yBitdOgPAmjSxsCW6DSfQ18PY5z99Cu68a45yUCu+XLI+1RbFYMf0xsEPno1M1Lwjl+Re7c2z+OGrq508vjo6shHahug2tG/le8pvG+gl2J/FHbauFP/jD9w79Se/9YnHH77zhqfXlYrzYuBobAvFizSmJAcHWAaJOVFwxR4VlUJ6jN+maGqNgYmZgplJw0Ou6YgGkM4OcdkkoTQZh+G2OhMSu7w9EBaKsk4CkLjYM4MZI4u2p0RjPQIpmV43ASLOlNIGor8YbEBfKWagfPGoNQgljdvHSy8efWN6tNFkRdwKqML69THLVyeMvmGcQ0KBQc/SWSC1JZooA/W7desa7HOffYPdfe8MFa6uako5XcQDgDaK9P0v9pQ21yDdO0q0jYMlWgW3re8+QheJyhPjM5lqGnO12SR3I+Qp7CqSXFtkxBdzpZgQwsIgYLdcN778jd/42LP//Sff/fh1g+tPUiBMm30xy5NixPTkJmmiZuyEWPLY0mjFpLAJfM5cGBGM03gZkRWwzO+IQUnex2OmJJKhmJSmjgOEhSIUymWglIIAYY4Ay1ydVZNNDIjcOAyAmCVDuE7UOYDoRfB4a4uoC6hJVC6CoHqKdhnro9ObgpX50xdXRtV8hjYp266H1t6oZNwntLTJa16sLTK6PKdveBZZ48tYLnL2icem4O67L4SRFwXAgEATCDR51KGbCBAbbOPMxIZPTEe6Usdv5tOWXNKJvXmtxAE7iUdtvxf4Coq5PUYeA9DAzowfaqxQzHYDveXGP/rAPVOP//4/+O6vvO+Ox0fX9Z4lhMS3dMYdGrvDJng4Z3uwsisry5OJjd/YQxX6bTZElQUVP+LJcjGgy2+KiWkJuQAehEcyroVBKzoRhAUo9fQCDQvxKQy+uCEwqGEdIjVibBw9sFTGR4Xrq5BSi//JV1Ri4MS/hfuqWOm6Apl/5xb6/OPPHd9RbbCyshK3FwZus/mN65ZgipZMhECxUWGFhdOJ/NihGBmqs1/90uvwtrfNUEK52ujM4teSAtr2wgk0WbE23PeBw309mzD7c7JAwd6Q5GJ/UVWSDCwvG8wKr+Ey0uKJrjJs7nImAPouZlwhlqitBotjxoowXvbXbgMydVBK2Lax9bX/+R8+fOTrX370e/ft3vZ8qRAsa4MVQO/4cmXYEJ85g3PFFrX4IRigh3672KVMj6iTWVb8yYGrrS7E1XmwHgFE+lmJuZRCWCpBWCzGDzBVCbRtKZotXOrlnMfsTbA/C1ACAIBwi5EeDCxcPVI/ctdxkQgEDTMoQOOu8fD5ylIlPHlheTx6SrSlmTmg62TzCmTR6outaePsAauz8uIUkGbdOQ7X9TP2+S+chFtvv0g5IfF2F0DbXUCyQfE7DDfMjg1+7BR67JUQDdiyYvVrJXlWj311+eYx3XTCGPtdV0IXqnZqT46pp539R4QQKmYylJ+i3/K7SCvSIDWJ7z98/rWB3/vG4/uee/3c5PxydQAAqNHkkHi5kWCLZjUwqLny29IQM0/KCWt+ktQfb0ImscstlhwIEZt7kA8mWaNgChyAUKA0gEKxCCQIjY6ndMpP2S7KJmKkwyivJ5VvgozPEZSGGzaK45ZBZnb+6Htj/+by4cduWX/4q3984ME355YmZP3Ni5C4ziiJFo5I679RuoCtsp6FN4GsVqi1OE5gcscy++xn34Dt2yuUcwKUcBU5iedOSnj8GbUFJaSxqfdLf7l76+8cJYRq7i1HT37hxoNF8O1xTstzjHvbYqcrPmdiQN5YoE96V7rQuyQkawF+aXp9KmkGuuM8jHMugI+BAjhxkWnW97fv27l407XjB75z8JWj//57z+46dGx6cmm11s9Fn7OCkwX8AKcz6B0GJ9sASwApSmjLa6bHdE08iZozpEcNeeAcOMEAxOM8qJPSAIJCEYIglANfrBhLUOIEuAAM0VDS1YoBmcSMDw1o0TScKxuUkx0dYJwDJSDzShyMlWh5uWog4+5kAADYOlg4df8W8vIPXji97dzCyqibP1iuqe2624O/mlBgUL50BsjqkppwkS5KAHZdv8Q++fk3YGzzCmVAgcSPtSIA8p3OcROiy04gJKMzExs+OiUmDTPuDbornEvy5EtzbfF4zuPKtmOTK50TAH1R2XUuC7TWIK4oAc4Sz6BGoFf+5pxTM7/5fcNgX+NT77r97GPv2H/2O0+/dPiP/uKnO/7m1Td3XLi0Msw4D7XSMDjZRAJEnFa4wRLoMvIDOBiGRz6Iy0aDVBZPxMQhB04MSDHzAwokCICGBaBBAOJOjmgAcoxxiiXGYBuVwQEEAxffBaRx8TvKozE7ZGNkoHrgqYYCEjlBAquwPzob/4viXevLdOYz+wYP1FaW4ds/PXZzrcmKqpyU5tSYHxiTVEqfB4CAN1hPZRroyjy1hU8KIcB9D1xg7//ANO3pr0euLgMZr+Ix+NG4rzCQFwEICWvre99/eF3PzmWA5INNkWQyvnaZVR4dPtIqzmSJFwNsBcg6CXA5dAmqT00QRECXygbjBrWywTCg9P333DT34P7rnz3w0utHv/P0K2N/fvDV3WcvVkaq9UaZA8iVPB0UQYGbHpiy1Tb5NUIodVDqy9Jl0SnZF1iBRwe+6DMIC0BpAITS2HVV5XHsPsf6dLtjVgZEnpenY7YZfZcHE+Q2GXxU7FKsiApQxUxNEFfNBYsnnYGecPa9k6Wne0mt+l+em9o3u1Qb1rkbaucEGApGjCawBENMImjAG6xcOQPBUrSHT5wn8fUdGKyzh35pBu669wItlxrAGVGvnOEcmGS7EfAREnVMAgQYcCjRsbPXbPjsSUrNRSjAri8+hxcNcTrohLiYXyvAulYLsQkA9EHULNQXcrlWjy1lYtfXvNg24BO/qSVtAhT7e8vsXbfvmn/3HTfO/9Pp2RN/8cwrI3/2Ny9tf/7E2W3nL1VHOPBQGwCp7ICgD3MQGcnEOZ5CT9LOaboUGAAQERIEDgwIpUAohSAMUXwPtTEYpEtc5xgcOWcRk5T00rCHQBStpwKMiWKR8hYugx3LPheBD4nRLWJENJ4PuAJoxPsibFSAVQxI5ZG9wwdvGmqcfe7NxbGfnji/CxI7IkjSbtwCop2Vr51Mg4TyButZnAK6skDx/AAEgDMC1+6osl96ZBp27V2knPMY2KJmIgLIQTBBLq+BuDIhDWqDxQ8/P9i7swpoa4sFRLR7fdsZ7zagbJWRofh8AiTTdBohr1Sd1nJdiyB/FwQBlynmscRvczElJT3lnENlZZUen54t//Vzx4a/88yRyeNTc6PnKsvDtWazzDmnCC8shsp/LHiBB5n4J0GJdJbpBYDxJ6GS8VEaRG5uDHqqgys2iBcYokPonDoY4RSYG2Pj37i+8Xe1UBKtaFKs0yiDx+XKxRMuytTTy3+J4EgU+kvB4i/u2fD0retrp0hQDH/vWz978Pi5xYlE+2AANJs01T1W+USSQnOVlS+dBlK9lADZnt4mu+POeXjvo2ehb12dUh7zaRI9qy4CuNjthQjICfoEAAgIwEBp35HbJr7+w/6erQIAre/SBt3ldX1fM8mzgbmTZeaOAa61tFLxFmcX7O7iYwBGbFCsFoOaOdPYokxLCIF1vWW2b8dEZd+OieUvPvzW6ZMn5sqPv3J0+Jkjp0afefXNbdNzS6O1WqMXqAAFSz0kAbSd43pCS14AUC5k2iDlCoSCGPQIpUAIlbE91B7GAqcYoMLdFCAUL56Y9YiBUBipSJ262U1eVwGaogKcI6JFZH4BMmptRrjRitUS6aYq2wJKqu/ZteHZW4frpwAIfP+lc5MnZi6NY9CSwEfS+pmlcYUO7ToRKLBVVp5/A0h9hWrZGcC6oSb7yCffhBv2XqKFIgPOiHRzCY8gO8J1It9zTCiRrE9clwBodVP/hw73lSeqYGwNS2FSbQOeudLrMzZxDNb2O00/zmNLk1WmjSH+XDPAnIDo2mvVEkP0/d1sMqhUV+n8ueXwrw4fGXrq6Jvjr07NDp+5eGlkYalaXq41eptNFjYjlhgRH9Ma0x10oJt5hBLCAgBWLBaqZQo1GhK21CC99SbvJYQCJyT2QhF7isszt4so3mkwPsG2cCcm4gm/AJTqeuJvGnOU4Ils0M6jcvUtMKj8uA6mLcL23mKw+Ogtowf2rFuZIpyxYwtk/Pe/89zbl2usP0roCj8o8NaPceO7fk0IAJRWLrDCpXMUWF3L29vH2F33XoC3vfs8rBtsUEGK5f5DC9sDEJ0j3vYSp6eUs6HS3YfuvfY/HSgWerWHfoCb/WmxPmNLTKa0y9o6uTiSt1wA3e6WGOCVqoApOW0wWZw8bnGVtbTInchihOKY/B0ElA729bDByZ7a5ybvmflkozm7uFylp8/Pl988v1B+8cR0/6nz873Hz1wYmp65OLCw2uhdXKn3r9aaZdZshpwQCpwDpzQaX3GsTgw4wQaAQCOgpNbfU6wOloLKup5wedf2LYsD5WL1/MJi8bUzC6NTF1fGGoyVCYmD68CBYwYXq5UkMlYsYm9RUsXOJAsUaSQDTLICIuN8mMlBzNYQWUNpAWLmI8BFTgSx3YgtcsJlWglNcfmlAq08vHvDwX1D9al6rc7qpFj8f358ZN/SarPfycalWM5p+CeAk0sYJJxBeWWWhZfOUfn0mLhhx8dr7F2PnIEbdl+iQRi1COfRfr5orx8oNix/C9IYlUAhWhABDhCSwfmdGz9/JAX8AB1TVbC4or6xwHbGfqcWWFoRaxyzFQboE1y8yiXB+lCdtHMY+FB9te02BjgKfdTSNlhPcgM2B7Z0fhnCUkjPvTobHp89XzxdWwgXKrWwWq2HS3SVRvkIo5SwAqVsXZmynmKh0UMaDdasN7aMj7PFarP87NGpgefemJs4dGJm20xldZQQSknM9qJPAZyYyRnsTnyXbCz6R5EvqvEgkznKNjKYmRkXVOnUsUifejAKxPE+DgSoxjZVej0eGfGpgTKd/fxdW56cKK7M1mqrQArF8D88der2n7x2di9Hq/bpYmd5Nik0Vlhp8TSQWoWqugGMbqqxt77rAuy/ex4KhSYVq/qiBSlRDBDH/8BggzQOK9AIFdl438cfv3vyf3o5DApZbC/1/nhzTLfi3vpKGn60u4iSV9raCP1zCn4AbjaI3YEEIxSgZWwncLJAEzANPYkZmQOH3pEeSgiBiRvHGmP1Eba0uAKrx1ahMrUMr5Rfpxf4PDR4AwA4hGEAlAbQrDfDZRoW3zi/MvQfnzk4cfTs4tj5S6vDq/VmL5dRI8W6VLhLALj4iWNvyuEVe89EQE7E+gRTkcglWaTxqFi0KKDifeZqbRRPxOqkzTF7Eu+B4jLGR9TCENIbZ2LjQ+Xp9984cHBreXWmtlqDMAzpD4/ObTt4YuZ6xrlxR48pCPQk7tnCDtHJgDdZsXoRCkvngTRqVEw0ff2M3X7fPNxyx0XYMLZKCeXQZAKwlUbGIxinJGoHRhQz5gRA3AnCYrBnBKBEx6f3jP3TY2H8UqmUhQ8t9nc1EBcXE8xrVzuslBDiBkDfRrqcjdnqFpuUmIVcILHMRNLtReWarrDQkThmrCA7F1HQdoUIXClhAEDpOgpFKLLicJGyEQZDUzUo/22RvbLpJCzWluhSnRen51b6j5xZGDkxszjyypszY/MrjWHGIRRxPUKJ3Gsn4UzMvKCARGxBkV4tgPSBORdDHIGT1KniZlwwMbRyagKtAlOSLExgL4C+xU64qByiMuN8UTqlQzIKxiEIg8YNm/pPfPyW9U/3NJeW66tNKBVLcHS2NvLNZ0/eudpoljGxTOIaigOgOuK6iMpR4BDWl1ipoh5nxQGgfx1j++6eh5vfMg+jE1UKTOyzEu589NGU7JXLa0TQ4pKoJ5fnoqwF2lPZMfzZgxvWbatBBqhhYExbCDEZugkurnHUTkywE3lNMPXFLQDPO0HMTFdq9mi13Ix8JnMz8zhBzxEXNHW5brUzdWvpOAdoVpq00qzCzOlKcaoyX/zb2hv9Lz5zZujVM/Oj07OLI/PLtf6VeqPMOA+lC0tAbpLlDLO1SLlgUOhHzO7UoIyxD21OFqwwZmnid3yOoEwKTPXJSvIpQqIXEQkQpJHdBJSRsuUJthuBZkxyuGR7wuXlUAyD5fu2Dx/+wq4dL0/M99Way01YGl6BZ1emB/7oRy/cdalaH9DZqXHVkE6ruyvBACBorrJS5RyQ6iVKWAMoBRgaabI9ty/C7tsvwoZNNUopQLNJ5JZHzsXFj+/tRTNIdLtbXBvBeAGgSeK4X1x9CpwNFu54edemT06hNk51gfG1sInvCm6redtJ76MnLxETadvaBpMnoNmJmIJPfKJNRup0jfE5Y0ZkyCYrM4zPJYAQxQm1O1O+f/CV4Z+8cHzoxJsLQ6cuXhw6t7g0cPFSdWBhebW3Ht2upd4ZoT0HkIG4dUCAmAAqxd7ECVCgJ11YiFxRMdEJtSIoL9zj+HDCnY3TCcDT3FJRvGg7YQqYfQiVzQEIMABCjfiUsEskj2B3sBzOfmL/tQc/tmfH1NjrgyzoCwCGAJ6uHi3+2x+9dPvpi5VxAcLKpSWqWM4V+OE+hLGQEAhYnZWWZiGoXgSo1yjjhI1uChdvvvds785bFsOhjTUqSFz00B25VBOZTRRTjk/H4EhkLFDe9wsRyxSuLyccSmR4ds+mXz9cKgzi/X5xB1CfLgaH06Swxo4AVV49eIwLMce6TWdaGWk25ALAPIWm5W2XyaXp6tDs4gOEJuBp58DOALXfNlAEAHp+YSn8rz85suvomQvbG5wXARQx0fqwXMEFy4Dl6Ic8GLmy6BTnAOLBCGIbCo+BkHAGQONwvCB5RoUV8GHmBOhWNUh4kbgyvNkEQmX4X1/0ECurElh10AXgAAygENLqbdeMHv3yA7ccvnnT8OJQbz8UbisAb3CYenWu+Ltf//GdL52em1T2YmO49qEbTOJ7pCMGFjSrrFi9yOjyRUpZg/WUS5Wd23dOvXXfDSdvuOdCcSr4j/cR0qB1Fm3kFltVSAyEVDD0uJ2YTCNajQCL13ohZn0A4na3GAx5eXly6NNPTwzfWgEAM+anCTee+BIfc6ZfC2mHHfqM7XaBumMboa+GwOoaSBoQJhZDcIjA3DojVuFcLi/+/tF37J/Zfc2mH37lD799+98cmdpdZ80yiA3IUcnaR1KETYDYi4q9yXgdShsxu3h7jIgNxkxFBesRc0Lxwei7YRJmWPq+GgAwHlZgAjs23mR7iNFyABjsKc1/8C3XHfrKL9xxbNNgf4P2xg4mITBfXaa//b0fXP/TEzO7mpyHRLZFimgTCQcKBAr1pUa4MkfJyiIErMHGx0am792/58SuyW0zG9b1zVMKbDU4voMDC0UrcOmyEqAcgJP4rl2uXFwAiJldtOrL49VfcW0UA4+uPKWcrS/vObpn7POnqHrWn2R9wiOJqqFWd8EAvHbjbmu1Oox1upgeQBIks+rjilkCwNW3EfpqBlJza4vZGQCsrFBI6u10lhVjWK036DefOjzye9/4q7uPn7s4UWvyIgYyh5GIkUGEIfKCE+WOJgLIRAc6UY4EIWLJA5p7a+oGoh51B7bzMg236sbbWmIL5O9yIajcNrnp6L/6+D2Hdm/fXKVGv1morNAv/i9/su9bB1+9vcF5MQv41NRCgPAmC5o1CFcXGqVGpTFYgMrWTSOzt+7eMf3eu946NR5uWD5//AI93XceVukqlGgBqqPf3T9dfOJOwRaF2frmZnRLmzwflS6e6wdEPeMPQO2Mp8ChvzA+9baJf/29a0Zur4Ba0HDG/pDLaGWCnQofZW1n6aQ7LSRLX8aiUGdigGshVyv4xWJdMElZWUtbLTYWPZKP5SoVQvaRt986e+O2TY//mz87MPmnP35x/8JKbUht4UA8wXSFBQOT3lwEjLIT4VgeEAAS3SurHM/4WhCQSwwRsFKIHjmvFkMARFwLQMYACYHoRXsELZaoclVXRs1lxH+UpyvKAAgobWwZXjf9hXfuOfThu288Oza8riFtjWW+skx/599/d8e3f3p0f53xogAWKWYX4xwoIazAao1CvcKKtUptw0B5ft/ubdO33HDd7Ft37J3bsWO8ur64rlFYV4DakVXYsmEjG10agafJYUrKTbrae6GX1TGwx4+sQgyWxWywCTHIcbH/j4B4QLeI94mNoWLRmAal6o7hTzw7MXzLMhgsDxzgFzWpAj9HLBDM83kli6V1Sjq9eEJIzlvhTAReS5Tv1EzUSXHot26qBtDqYL3dDrUn3orjZIYvnjxb/h/+wxN7/+r513bNrlSHOXCq7nk1g21o5GkMUNinMzfpdBmsSwIXcrs1RinaJf7U9ckCEufNtgLjnMn+KKGNLcO9U5+4b8/LX/qFW08M9PWY7ckAABYqy/TL//u39v7xj164q9bkZcztIIprMgLAQsJZmdSr68phdbDAKtcM989fs3Fwfv/e6+beeuvNszfu2F4jlAJxMPeVgyuw9MQSvLLxdVi8Zrb4HP+Xv1AtnZuQzA3FQCmAfIw4wQ85iI8FkjFyuelZWBw9BZo0rln3noPvu+FfHwyiR1353uaWuBvEZHwA+lg2+64v6/JZmLQdx2Lxpqz6XPlNSXN9hT0dWwRZi6XtPHI5XGfbBTFW4ax7CiG56guQZH0iv7YijNPs3T5W/T++/MihJw8fO/EHf37g+kPHz8YPZQVK8IqDEPlTB8iYT8XAJbdJWxc4tAWH+Cjn+GEDeplcrlYoLWqrB6gHGBCkS8YmjdVRACgGtLZxsPfsu2++5ujn3nnzyd3bRpcLYeJdFwAAUKs34A+/9ZPxJw4dnxzsKVUogcVCGDR6yoXaQJEu9xdIdXRdcfma8dHK2HD/8uah/uUbrt1SHejraYwOr2+UyyVWLCSGhI2509KeEtSO12Di+Cic3rUQrtQvDXAeLXRoT2+O25bFdaYcoCncYB59it88zoufaM04geGenSduH/8nLyPwk7alxclSPBOZxvze6qKiz+KFr25XOrOu7SywiN+5GWCry815ZK3ALG/MI23m8bBPc5GFOGKEqe8rsWyxgVq9QX/66qmBP/jmU9f/+JU3J8/MXRqLPCoBSDHSRNRLucZazC/Jvsx4Hf5OkC9JCFHHEcNTukE7plineH4fupvDKJsDgUJAa9ePrz/5vv2TJz79wE0nrtm0vkYIMdtSa8QmY3D89GxxaaVKiyFl5QJlg31lNjI8bN78b7kEwgzt2lrZn7gezbkmnPkv5+C5634w/OPg9z4YcBI9HZxwoALMiWCB6r5t8VuEVwlEj7SKdHO5KAIEoBT0zz+47X/7sxs2PTAHRtyPJDc4J+J+aQBo1tdkhFlt1QnxGUudssVWVlsMMO/5TpVzufRmzVAZF8+5b1Acx2kFwHHH1hgzX7EQsnv2Ti7u37n10JFT517+T08cGv/BoWPXnzh7cWxptd7PgVP8SmBkPAhwjMgdiWJ68QNMpasqmJ8Az3gvXlSPaCuHxhjFwINIvXZWoGE86Hm87YYDqDs7ojhcY7i3Z+6WbaNT79+/49gv3LtzdtNQXy2gqqmM9tYGdUApXL91tGpeCEdem1A8+CG5CZ6Bup4sWB/Q0rtKcPHMsWGoQShidwQAmhwgiNkwgXi1NwY+HjNhKm8tjJpG1ZJAkwCEpLB886ZPH9g5ev+cqKsF0Gwbnq1pbf3Vxah8XNh2BK/2ZkmngM+mJ2ylUld6pXYty18DFuu63c62GRrAGGw4LRhASAhhPaUCu3XnROXWnRPHTs/On/zLZ18d+c7Tr0w8c/T05JmLldHEO0s0iV6PSShFKw6gvmN7OYtxTG3GEemiPYOggA+BI3aS8aZnUWUOFIoBWb5+bOjUfXuuOfnwLTvP3nXLxGK5WEgMaJv4xJXSYkW2a2LGYmOmlbwuBFhYI3SRnBoBToGLR9XHCZvxslL0jD8eL4TE53m05Ujsy2QxEFIugJKxbT33Hd43+rkTVH8+B47/Jerp6rtZ8TJb2rR2tR13xfBskhYvTCvbrKcJznnWJXIvglwO8aXEPiDVKZe9TVcYS+oWGbzgkZIvcc502xrNJsxcrIQ/+tmxhlim6AAAHDhJREFUoT9/5pVtPztxbuLMhcXhxWqtn3MIzXVYsbAh3GDBDOUxAJBbWgSZi02hxLjXWCQCY9DELjABYIWA1jYM9s1vHuyZe3Df5IkH903O7Jscq/T1lBh60ouTtQBa5cTiAoGsIHqKy2seo+ax1396pPyN6q8+uFA/vV1seiZErafjZ/mJ8wAAAVrowN9JBJBsqHjdsY/s/r8eH+7bUgM323OyP/zbBhKi3j4LFlnA2qGx0ZK0Uz4hJB8DzBtDa0VnO2kA7DQ+LVDsI77BWg9xbayWzyTEbrLBOgRblB1c/DbdtDAIYHxksPaxd942++h9t8y+MXPx5RdOnOk/8NLJ4UPHTo8dOTUzNrdUG2o0WTm+mYRyDnL7C96GK5mbcFvlKgaF+JnFWlvIKCABIJzIzbk9xbCybd3A7N7tG6ffsmPr7L69Y/PXja1f3rxhsGHUKTNuhcsz0+UZqJZ4rOtOHnOSiVggAzhfOFVeqiwOxNuco/gdYoI8douZAEUeASQTDQ8cmmLBJN7/N1AcmXlg+1efHu7bUiOOJ7xYjgMkF0U0V9j8tLWXTxpbeiFp7mYafrSKJa2MTWxjmKfQTrCpLJ0+QJUXzDrBFtvJbzmXGFTYXUaztO1+YnNvofVxXCJ/sRDCzi0bqzu3bKw+8rabZxljRy+trNI3z10sP3n4+NDhk+eGj5+ZGzq/sDwwt7DUv1RrlKsNVmSsWWSMUx5tVKZx8C5evKBAxb5BDowSgCAMGsUwqJULYXWor1wdHuhdHBvsWbxh68a5O3Zsnrv9hm2LI+v6GqWS9hJ1bXHCqJdLrGCZ1v4p14Wh/ObzGxOr8YYrDMAB3gwOD1fZcr9cH+LRE16izcxErkOJyUUu88dx1igtSOAs0N75/SO/9uSujQ/KuJ8LBI16m6w41+1u7RAhLL4EKc0lX2v2iHW3tRHanCWudGywHWnX7hYAWDxEwTbwTHZi2zIj0lhZi+HWyTSUUoifUF3ZOzm+XG80pysrq/TS8mp4fr4SLqysFi+t1MLT52bL5xeWw8Vqrbiy2ghrDIrNJgcg0SpuISCsGAS1gZ5CbV1PoTE+MlQb2zBY6ysVahsH+xqDfT2N/nKB9ZaLzABzrV0sq5VmO8gDaeywxckXP/3HujgFdrcYAIA1F5v0zaVXRhlnoVrhjd/fCzj+GYEbBxUD5JzLW7nFE2CCoLB808YPHrxj6yNnUf1tbq4EPV+mliXtEqGsBRbzdxZZuFxYIgGwE0vNnXaPW5HL3YDtisnqLANcsj/hJqPszABQVxrxnRptwwphAOvX9bL163rZtmirybJhh8xrMd/luibOG3WWwGcpy3XfqvdWFpdY8rpcXoCk24uZFuWcQ6NcgxOLL25jJGbcHOL7fkUMMGZ2hER3f0RaooUOEGkhjhMGta3ltx96YOtXXy6FZSvoGccScT9j4S33WLAtaLjSucAtTYePHTYXPI8daeds7SEBsNNgcTnczrRyfx7AD4krNgigb5EB0OM8lBuPNLewwkRsEadH5WqMy+G2J8QV8zEHoyMvS7lOCQZogretTJw2pVxzIhDlae2f4hIDAMCrp17ordGFYcrVypB4ejOI6Cgh8UMRYic4ZoIiS3TrG21sW3fniw/t/OqLveWyD+hZFz3M9vYZC2YYJs019ZF2Q1FrWZatPbxc4LWKj/2cgdSaiDForUAogIIY7yuBdAajHbMwGW2bBzoO5vdWxeWyOmbnTDC05c8asJY4KxBC8MooTQNBfAzrajQb8OzKdyc4h7Apn+MX748kEN0JQnjE8gDQdpg4HiiBkLOx8s4TH7rxf3x6Q8/WGrIzdcXXnNBM8DPbJY0JYmZsgqAvo7MtcPiU65PHh+n5eAY2nVfdwxD+vonjgmmuLLrAtoUOoccVwwLLce2cwQRzict+j9k5LYbncoNtrlfadhk8mGxhBlGWy713tsfcyrniicrz25osiLYCgYr5CdATq+mERBuj5cMRiNoiM1SYPPGerV97arg8UeOWhxugxS9rvSz16egxXyblcoldOjqR32VLVlr8PQTIjqu0wgYudwzOxgoup92dYMlCMCOxsD6RXi6WGDN24t5kI4aI1aQxSqedWbMsroO5SpnmKqexOQyaNnZjK9tImzUZ5AL/k3OvDMytTI9F5RG5ygtEPeiUcw6MEPnUF7FhvBklgx46OPPL1/32k7tG71wEC9OzxKwww0vs98M/fK6TDyvDx1qJr2dck1wsL29Zrv6UcIHXAqg67U5drvJazdtqPhdYo5lNC8qbaUn2Vg6sKxXw8GKJaYcr1meKyVay3FrbdbOBoq+bZuRPpInzim0tOL3cmuSyGx87eO4H48vN5X4ar/kyiDY0c/FuD4gfjMA5UMEA49vhCOcwUByfemTHbz2xe9M9aeCH28gKfjY27bLf57wP28qSNMbeiu5Wdfjk67rAV1hyAGeC2WGxuEqpq7a2NAbz1GZ7F1uwiSVtYoElK51Zrov1ZUkKY9H39OXQ22g24Njioe2cQ8iQbRHIAUC8ITo6B/IVBCwGv77C4MxDk19+cu+mt8u9fgDeIYFM8POVVr0Wk83lBZ48HkQnxaY7NwBebtd2LaWTizuXuV2ky5bFsCDdtWNmHWKdkknmnZnFAkNaXtvgTsvjArCUc1icIGcG0NNsxud/fPx7wxfr58e1FxfFm/qYfH9x/J46LrbDAABwGCiNzDy646tP3DH+8AwhNPG6ypid4nCAxgJdLmWOdksVm5ub5pp2spx29PgeNyX3e4GvdvDL04idrMtatksaAMTiYoRmOixWYCCE4PhiS/Y68mUyFUcYw7qgYltBzCjXWV+HzfK+X7yIUm2s0GcufH+y3uSheNWl2ENEAIBIUOTyIag8+mMDxeHZ90/+8x/etvl9ZwGIjfExE3TM6+hihq0wMZvkyZPCrr3LcVzzVHGBcxZo247lei9wq9LJGSpLrnaAxpKH9WTM/MzojNQygEym43yggEWcLNJYdGlpUBh2WLdyZLngrnINJmWth2gzl31Y55tnj/cen39hkgOngt1x+Zgv/CpLgGh7DIcmcFhXGpr98M5/8fjt4++bIUBtsT3rHr8U5mddEMLHbG2R0j4JNmxLg/W6QiBZixGuUEia3WllY7uz4r/m8csSA/R0hX7upF370xiMz2yeksa8Xc6aLqvjIHGytzyztis9t2zzyNLtO8P7uLS+wjnATy58f3yxeXHEGErRFpcYCAHieCCJGm59eWz6kev+2ZO3bX6vBL9YvDY4W+xMbGHyuY55+pRPzLWdctYqXY5JHTjn+q1w7VDaPPJ3KY7YrviurmbpEJLmKqcxnbRZ2Od6udiAxa7U7RppzNeM2ZnHshhPnj5uS3NxaZY+e/7JXQ3OQ0rEE1+ix93zOA/l0YYYSgg0OYd1hcGZj9/wtcf3bbp/jhKaBnQu8DNjpLkni7z1NPXlZfOXa2zbXN68ZSduhbscxnfBT4lPW7jS2MDTYxXNxiysMURx3jazmkCUhz2aQGYry4f95QFm24DGIQNHGWo7EHD4wRvfmphZnR6LHnwq3uWrYn7iobAEooehbipNHvvwDV8+sH/s/jkU82sJ/LC7nIflZUmetsyjr1PSybradK2JC5wjQN2VNsTHLfFse4bBNA00zLJaWQm0TbYuFptXp+1YrFt7RwtHK91IEg88FXJpdTF8dvZHOxq8UYYY7HicULI/kM/5Y8PB5pOfvvFrP9w7dlslD/jZFq8cvzPF1aadWjBxldnO2M8KBWWlz3M+dwwwrXJpbMCnATyYi9OGrHI65d77lJWWttXy8yyW+OSxSaudyMdz8Gl/s418Bqmvzfgzy1W35QcAODD1xPCxhSM7GpxQSoh6unOchEJ81wfhjZs33PX8p3f9xrMTg5PLSKUV/EzAczA9J/NLGw9mOqG/FeaEbHOWj8s2v+fpu3nS+Uz4aWGmjj0P0PY7ry6fRnPZkNaxW2RFXmX5xFB8Oq5PuT7nbAM/axZsFVh8xQckXXlalRxtlrbCDZxzWKwuhI9PfWt3jTd6BeZxiOJ94iXnDAACCKt7B9966HN7/tvnN/dvwy9ncjI/k92Bg/n59DPb706Ib1u6bHGNTZ/6ZJWflTbL9o68Fc53VsXpsyrart/vM7BbnYHyumg2AGi1o5ozrs8F7ySYrMUAuwLifDUpxFuIcD1/fPoHo68tHp1kPF7ZlaeiW9uawKGX9iy+ffP7n/7o9V86Mtg32EB6NZYXf8eg5nKBARxub9pikEts/SZrYraly/ruYoG+ktW/8+pISwPQoRhgJwZzp23wmbU6wcAuh9hYXZb4Mr52O1unZY36knZvMxqs1GwLNGgpAMBSvRJ++/Vv3lxtVAci8CPRw04JExsLWX8wNPvo9i88+dD1j06Xw95GbA/e1Cyfim3Y6Nz2QlIeD2Zz6bPazXbN0yZLF0hmfe/0ZJvXe8mywXSHr8i9wJ1qrHblahn0AO54qittWj5bXnORI4sBdCI+45PXtDWLdbgkrw1Z7IQQAowxeOKNx0ePXTq6Iyokvsc3vt2NE4AtPdtPfOS6f/j026999wx6fWUaq/NJ431/71r231YZHED7dq3V2DT7WvdhCFeJ+MRSzN82VyiPfgw0WZNS1kycVb5Ll1kXXB9fV8aWxsXyiPF4MRNwMQiduHi8909e+8Z+zlkRIN73R6InvBRpcXlH/+4j//y2/+7A1sFraggstKe2xDoTj64y3WIhXH8CTEuSxwXEZfl6GlmTZB7bsyY8nz7dTkz/igOg2QB5KG+eil9NbM+Udm3LAo28rE7otP1Oc4l841BZndsFaGnn08QcUBZmg9/EJ2387hvf2n565dR2Et/yRuO9LzQoLt8/9tCTn7npV45u7BttxHlxvI4hfc59fcTyWCtbHzfr7LrGae2Td5L0ZeBpes1zrrq59No8G5utrnwue0T+3AzQFujshM/vOzCzmFHectpx3bKYVztg4yu+s28a4OTtSGkDsR03Na0N8+SzgSwhJNNWc5C9cO7F/u+e+vZddcaLFAgE0bt82VjvlpOfuv4fHHj35HtnKKE2xqYBocs2G/jZ7Mp7jV2Spdc31od/Z9mRVWbe8nz6ZJ6+kpsB5unsrQLAWrK0TunOQ887KT4My6dsF4DnyZ9H2mHuWelTXFhNXGzC5m5dWJ4L/8+X//DmS/XKEHACnHDgEFRvGNjz4pdu+SeH9m68pYJuaxN6Mhc4MNAZdiWev+gb2/URn/bvVH/t5LVdSxHlJu4FblehkHYrdTnc2zR3sRPS7sB36coKG2S5USY7EpLVFibI2JiVrTxTsmZ0rMNXp0twaCBFv3waNOecff/kd8ZfmHtuH3CgHDgMFAZn3rf1F5/+1O4vHBso95sxO43NgWVxw3FOO2a7JgZj9K6vDTh9+npaH7Pl8wHSLPDOcz19+nrWcVNXS6/FbLcirZbRibRZ+TpZj07OsrbJxcVE85SbBlLmoPPV22o61zmfdK2UYRucxy8e6/3Pr/+/d62y1d6QFqrb+ydPfPHGLx24Y/z2xVJY0txWknxuoov1ATgeaZU2UFshFO2QEBuTThsjPkDUzoRvy2+CYCvXHafpGAPsypWTvC5S3phrp1kx1r0W4luGeX5x9VL47176Nzefr86Ml4KeuV+85gMHPrLzsRPjA2O1OIlrhTZx65phg+3Zi4nXBLTKbrNAvpU+0Yp31K6HI8RkvWneZbt9c81ejN6V1sUn5oW/tzLTt5K+E0DYyc6LxYcVWNLKh6TW6032X4/96ba/vXBw942Dew5/5sYvHrpj853zBVpwPs2G218AlcYKtTSW4077bWBnurq+DAyzKBe4pIGfLYbsa7NLfJmmTz6XHWZ6zQVuV3w6c7uzytXAUrPcwqx8aTESl05XR7N1YJfuvB3UFkvKug55jpuDyLTD1zbf+mTpOHz+8MCPpp6YfM/4wwc+u+fzxzb0jjQcWV13aCT2+rnymzb4to/Ldhdb8o3VuZiWS7L6m2l3q/FEVxk+GGJOiKY98jtj7HczS21Trgbgckm7tH0tGEy7+Tpl11rqyQIxgI55JeZjsICgzdCcc2iwJv32y38xvGvj9cs7Rq6rhkGQyAsegOY6ZjDOyyJX85i7muTvPQBeLeLr9vrqAmiPUfmk9529ffT7MOE0/SnpqcXOxMMQGGeU2t9B75KrEvgsZV9Vuq4WEX2GmgfSEq+VEZervKtFTDqOXRD83fZp05F1PO2YSz+Ach1s7kOaPa564D9bWrNs23lbuWbQ3Ehni+ElXrwk9vV59D0G8aKGUZ4N/BigBRLfP5fkGRf42qXp9rk++HyWTWn9yacfdlps9cJleS2CrBX6u/T+XZttTEmLx5jH8rRR2kztKjMrvS0OlWW/T0A/LRaalj9vWSl55AKIydRyMlrXHRxpLzXS9HRy8JuxL3w8TdLazqc9RNq0ftVKP7eVlQcfXBOjOJ6L83el89KpAZCXKbryZx3zWXBJKyOrA7cz+blAFDwXJGzl2xgRAktmS5NSniZ48GPwyEpvSkq9reDko9MlWZNhO+LyDtIYXJZ9wkbzT8gVfS1mVyLpRPtkzeCt5M8zO/umcdmylm2QIc73BTt0Zr23uK14X6uA5JpY2m1XF+CZ5aUtaJlx3jxMPQ3cOyGpjwPPkqyYRVf8pVXm5pNnLSegLDttfeRy9BkbK3MBMI+e3iJie/IT/0HM+GyLNiYjxDb42upzzHbOhzl20sPA5ea1W+TLm76V/uvSi/sF5zzXzJearlOd+koB6uUu1xygaTOor7TjzthAyge4fNw2XwbQyQnVVi4YAJbXxbeBAF7oMNPnHUPY1k6GCdqZANPcc5uHYH7PYom+IZW8bZnGMjvmAvsEoF3SCmXPGwDtlKxFua3MoFmxnrTJyNXWaQPOxwWxnfcZxGl6fPLb0niCp1i0EO8ASR1stkkAAZ/VrlZZSzviU16r/djM56Onk2OmFV3meHDl79giSCtspVWGsxZsLc+M20mWIvTZgtW2mIivu5M2c6e5UOZCRZoel01ZjCErUJ1WrzzluoAs/s5i19dalo2hC+Ajlm00aZLmjmWla5cVm3WwLTTYykvLlzUxZQGWa+LBx9Im5zT7sc1ZNhJyhR+J3+oMcSVY4FqW76svjV3YQNOVvpPuVV7x0d+uDTndLjM2KJ4OnflSIpv+PF5NO3l9JasM376R1wVNA8E0N9XHq/RJY07irvwdY4BXGpQA/ALy5menZtdWzttsakdXK+KK9fnM0p0o2/Ubz9K+Llcr54Rghgfu+33XTLKC9q22eVa72No8K19Wee2OKZcOn2ucNzRyxd8J0klJi4vh82kzUDvl5T2fliYPa1uL8tPOd4qptMpGfGQt48Uu3a3EPrPEN1SUFlN32ZX2u506ZLEyn2uTt4/5skpT2mKA7aJ9J8U38H85y88jeWzNy3Z8jqXFBdu1q10W04qYgznLNvzblibrfFp4Io/4xLRs9mSBgy1/K9cj61rmBam1GrdZcU4hbQFgJy54p+RK23E5y88bw8NxmVbF1420pU8LYruO5W3PVtm42Yd94lI25tSp6+/DYNaaqWXlWYtxvxbsWciaMcArJZ1iE746Ohl/aaXMVlcHbat54nhap+gkUNpWD7PKNllG3nikb3tlxSBdutIkrWwbe8oTJ27FHlu+rAnRZWNW3XzKbvW8Txv41gfXv60Y4FrGWdJkLWfbTpbXTqwsD6PBAIOvSVZ80ZY2LZaUx27fWI8rn5A0Jpmly3UMu6s2EDQBopV6mOWYZeD0NoBxsby16ouueHlW3VuJM7vKMsXVl9Pirz5psM6ObYTuytqJDxi24kK0A3RZ0s7k2G4d8tjic7xV1uVb5tUwjnwAN2+c2qf+ecHPJa2CNLXNgD+P0g4FbzVPXnc2zV2z0XyfOpnA105gO60c128fW135W3VtbO5xmq3tLjBdDQB1uaVdHPBhaWnnLleb06txNmpF2qXpreRpxb1LO7eW1yKt8+UJavsyo060uena29K2ct1t+rLyXK3y80RYOj1GOyEdvRVurS9Gp/W3E4xut7w8trh+t8K68tjhkx7Av/PmKbeVthbA1iobbccuHzbbziKCK28a88/jVWA78rS9T1/1KdfMb7MnrY1b9Xw6uhE6L4q3EyfqhI688Y12bfWdAbOYoE+AOi2G4hP8zmuzj5jMy4xd+tqcVUaauFhlu/E6n3StxlxbjaWt5bX0LcMnfm37nbc+rXocV/RWuFYGUCfKvRzSSnwwLwtxuXK+s7AvA2qVndhm87TfGNjT4n4mgNvq52N3lrTCStPaoxVpl+Xk1d8pLyerv3VSWhlrQq6aW+E6wQavpvJaiQ/6Xsi8jC3NTcqzwuxjj4+NWeLSl2Z/FpNt1ZY08e1DefpaWj1cCwt5jpuSNonm9TRc7N5M71OXPG3rm95kl4TkfCeIiaCdQvS1AKNWBq1PPlfaVhhFmk0+7lle6ZSb43POFdfJkrQ0rvZZK2bh686Z5fu64VnSSkzOVy8W20Kca0HKFBOgsyZnMw3W78qbhjsufT7Cucc+QFtcJs1PT8vvOpYWk/KdMTolefTlZTlpdciahcVvmz7bcZe7aCvD/O7DGG0AneXypNlry2eyAVtfdDGQNHGxDFdfM6+RbRyINHn6ge3a2/qUyXJ8xkQWc3eNS5utadcnrf/69l1sb5o3gcsx+4SZ37etMgGwXYDJco/aKb/Vc1eTpM24WQzENugEY7BNKj6TSJpLYWMjeScBV7o08PVlJT7MK4uhZA1kVxmt9EUbgLpstdnh00d8iYMv6bDZgT9dE69r0mmVRNj6eSt9cc2eCN0qbfdllZ2QVt2oVspPc2U64c75uko4XZY9vnblsT+PS5c3rW9e07Vs9Xr66OqUC+saX2m6fUHAp53y1CPPZODbXj5jx1dwno4tgvjMPGtVVif0dIqVtpInrwtl0+nT6bIYUNpx306dZb8Py2pFVxqb82F+PmWmMR8f3S4XL69NnfbKXG3XqX6elx37HMvjbaR5Ci0zwKwZIY0V+MwonWQJWba0Ip2uv7hQrbZb3lnaxVx83EibjjzsNu/ASmsH0yUy89hc6ayybLpc9eyUN+KypRN5WtHTKsjm7Z9p4GTT4WuDj07OLYsgvsi/VgwvjQnZBpBPjMMndpKlw5RWmQ7Om3ahOjGTpqVpZ0btVJmt5uskQxCS1u860dfzTjQ4jdkX8zDJND1ptrabrh1vwyWt9NEsIYyx2wHcqyqJDJYLmDbQbYN8rdLbXCIbA0hzwTqRXoiPrjTXzVamyUwYY9q188nney5vBzdt882bh33ivsk5B0ppAriymLkJCHn6DC7fp6+62jcrbVrfSxPffGl9Na/4jBOzHHwNzWNputPSu3R2oo5d6UpXutKVrnSlK13pSle60pWudKUrXelKV7rSla50pStd6UpXutKVrnSlK13pSle60pWudKUrXelKV7rSla50pStd6UpXutKVrnSlK13pSle60pWudKUrXelKV7rSla50pStd6UpXutKVrnSlK13pSle60pWudKUrXelKV7rSla50pStd6UpXutKVrnSlK13pSle60pWudKUrXelKV7rSla50pStd6UpX/h7L/w8pLtWRuU2fVwAAAABJRU5ErkJggg=='),
	(5, '2025-01-06 19:57:45.442538+00', 'Cliento LTD', 'data:image/png;base64,iVBORw0KGgoAAAANSUhEUgAAAcIAAAFoCAYAAADEn/vNAAAABGdBTUEAALGPC/xhBQAAACBjSFJNAAB6JgAAgIQAAPoAAACA6AAAdTAAAOpgAAA6mAAAF3CculE8AAAABmJLR0QA/wD/AP+gvaeTAAAAB3RJTUUH5wgXFzk0DHJphwAAgABJREFUeNrsvQV8XNeZ93/sOEmbNGWGxCDWMN57Z2SHiluKNShGs8Ayy5JFZgo1xe3S++72v+1224W+u1vYdtsmTUyiYaFZNDwjmeLzf865I1mSJcVx3I0tn58/z2dG8mjgzr3ne55zHkCIiYmJiYmJiYmJiYmJiYmJiYmJiYmJiYmJiYmJiYmJiYmJiYmJiYmJiYmJiYmJiYmJiYmJiYmJiYmJiYmJiYmJiYmJiYmJiYmJiYmJiYmJiYmJiYmJiYmJiYmJiYmJiYmJiYmJiYmJiYmJiYmJiYmJiYmJiYmJiYmJiYmJiYmJiYmJiYmJiYmJiYmJiYmJiYmJiYmJiYmJiYmJiYmJiYmJiYmJiYmJiYmJiYmJiYmJiYmJiYmJiYmJiYmJiYmJiYmJiYmJiYmJiYmJiYmJiYmJiYmJiYmJiYmJiYmJiYmJiYmJiYmJiYmJiYmJiYmJiYmJiYmJiYmJiYmJiYmJiYmJiYmJiYmJiYmJiYmJiYmJiYmJiYmJiYmJiYmJiYmJiYmJiYmJiYmJiYmJiYmJiYmJiYmJiYmJiYmJiYmJiYmJiYmJiYmJiYmJiYmJiYmJiYmJiYmJiYmJiYmJiYmJiYmJiYmJiYmJiYmJiYmJiYmJiYmJiYmJiYmJiYmJiYmJiYmJiYmJiYmJiYmJiYmJiYmJiYmJiYmJiYmJiYmJiYmJiYmJiYmJiYmJiYmJiYmJiYmJiYmJiYmJiYmJiYmJiYmJiYmJiYmJiYmJiYmJiYmJiYmJiYmJiYmJiYmJiYnpvlbfkTx0+lvFyLntyw8cL3z6oeM5K957zGZ43zG7/gPtFu4jHSbhEx1W7rOOHH6JM19IAlvmyBOWddr5x+H3n2q38B89nsN94E85wiOvFRkfPrb+84vad5sWtB0sQK17bOwAMzExMTG9u/rpzzk09vEvoWPrn1x4Kn/5+1pzuU8C1KRtBcIzJ2xcdqtZV+q0aepcebpXei383/eZ+Z91m7lf+Cy6X/WauN/3reT/1JutPdlvUzn6bEp3r03h7rMrXWBtfTbF8V6r7DWvWfUbr03/b54c/iduu/5vnXm6lzpt+p1tdq683cqvdNuyVrjsQnqbVfh4e07Wo75yw6JoLYcuVAjsC2JiYmJiunM6WfUMOrH7y6itcPkjJ3OFT3fYOaXXZjR7TEJ1z0rhaL9Z+EWfXXUCANZ/JlcVPGeXjw1YJVeHrRnYb8vEQ3YpHsqV4+FcJR7OUeBBuwx+J8MjOVIctMlw0CLHAQu5VcDPYFYFvR+xqHDUrMIhML9ViQdtSnzeprx+Lkf55rBFeymYzQeGVnK9Z0yGN/rMWb/wWIRXXHa+2ptnNHXa9Yp2u/HTzrzlj/g2GRZ41hrZF8nExMTE9Nb6v/mfRPhRjH5nS1sI3t2HTlr59Da77i/a7bodvpW6H/XYuFP9dt3ZCzZ1fMgqfzNoluIwgCxkUeKQFcBl1eCIWYkjJiWOmVRgahwzKwBochyDx0XBwhYpPB7+zgoghMeGzBq4JaZO3FfjoEkDjyEGvwMgkucPAxzD8DwReD76t/ZMeE0JDgBMA/DaI/B3fpPuzRGzPn7Rqjl31sy3ekz6H7XncnWOXO6bHSYhw2Ff/uH/tqgWvmbWsS+biYmJiUnUf5Xr0V/WahaczOUebTcLaa1WPtthMx7ymHX/0WdV9160qSKDVsX1EQASAU4QvLMQAZpVBl6bDAAlg58VIgypqSYsDEbBSIx6eUpqFGpT/uaGhRPgC1rE1xJfT5H4P9GCVvAibQBDAkQreX0Zff4ovE4UQBkHi4AnOQzPcdGmvn7epomeM6n6+8zKX3uswkGP2ZDtshhTT9k0j75eI1twrETDTgQmJiam+0mvrzaiX2w3LjyVz3/Ubc5a3mvK2nw62/hPZ7ON3nNmQ9RvNVyPZGtxPFuJRwlcTIoEjO5+I4CNJixshd8RLxJgOr78GjNprvtXcvHTZoPPaTX8pNNm2NhhNhhcucs/9sfyLy7ssH6JnSBMTExM81G/LdWjX63VLzhm5z/isWQ92WMy7O63CL89bzEMDZv1b/oTHhjx2GKJpcwQeFYjVg3229X3DAgpDOFzUEv8TDxIYiECRjt4szYF9ViHzVp8waa5dtamHuo3q/7Qm83t9VgMXziRp//4sfXahcdXadmJw8TExHQv640CHv2xPgO15hsf68wW+LMmY/2FlYZfD2RnDUVWCm/GV+pwCKBwIT8DnyvIgFsJHiCBLGBBGwGHnAaqBGyqewqE06FI75PlVKsMD+Vm4pHcDIBhJsBeiqNW8nkV+CIAcsiquH7eqgz027j/6bEY613ZBr6zQHgMo13otSoVO6GYmJiY7gn4FcuQI59H7SX6RadsQnKnWSh3WbQ/9Vk154Ys6jcjE3ttCrrPF7RJqNHfgYcUMelx1KQDU1PPMEIDW2T3LAjHl0tFLxE8QxuBYDqOWjJpIE/YrMHDNj2AkMeDOQrshwlA1KTBwZXcm2dXCue9Zv6fvBbDGpfNmHqyMOtBX54SvZr/BXaiMTExMd1tatuyAj2L/wYAmPW+VruB85qN+/pNvGPQrL00AoP7UJ4EX8zPxBfzMvFArgQP50hooEmY7pspcdykwvFsDYVg2KwD70kDnhL8HTzOb5fcU+CbGmQjQpDsGcbMSnxppRaPgiccy9bSgBq6fGqVigYTgbCJw1Gzmkankj3FYfCGL9g0V/qtnMNl5Y605vFPOfKF93d91Iwc1WzplImJield17mqZ1Bs3zcXnDRzH2nLFr7en83/Y69Ne/6cXf2mHwb3iJksAZJoSm0ipUFMZyDRnjSYJLFsKHqGGTQdgUAkDDAgUZhxkwxu7y2PMGAV8xFvBqEcx8lnIcuhZHKQIwMPUPw5Br8Pm8k+qQrAL4VJQCa9DZAlVfocEjxkz7zen6Md7LIY//6kmf/6CRP/ket/aUKDW59mJyITExPT/7Y6ywT06ibdgo5cw2fa7HxZt4n/1aCZD4VM6gQMpNhPPR0Z9XwiJuLtqaj3R4ykGUwOJqH5eLbxdARFImiGeIty+th7eWl0YnnUQoJmSO4heLnwWckyKAFmmEbGimkbBHx+eixkCZiKKR006hT+jgDVD5OKfjsXcti4/ziVw5W1FvCfPbnjqQXOsuXsxGRiYmL6c6sjT4M6ShQLnDbhs26zYXWXbfnvzlmF0SGbGgfsYoDLvQ6tu9FGbOAp2lTUmx41yamXecGuw125wqjLbvi9w6QvP5nHfeZU/vIFx3JZmTcmJiamO67W1SuQu/KZBSfz+U+25gqr3Rbh94Nmw2jczOMxsrdlzQQPMJ2B8M9kBIIEhsSrjJmlOL5ShmPZZPmYo3uq5y2auMum/V17Lg9AFD7Vnv/sghNFK9iJy8TExPRO5VjLoVPPGVB7Mf+Bdrsut8uq/815q370Yq4ewKfCo9lKfDlbhkctmRSGIQsD4Z9ladWcqJiT2E8lZeJGwTu8ki3Hl1eqaV1Uv12Bz+bKR325mv922YRcV47hg94nVyDnGp6dyExMTEy3o9dNBnQsj3+PK194xmcT/uG0TRsmpcfidI9PLEM2bFeCp0Jy/W7s+d1zie8Ju5vf6/jeKgEhibgdzMmk0bSk7qkYfKSA7yATR61icNKASQh7rcL/5ywQnjpmFx76wzcN7IRmYmJiulV5io3IVZG10GM2SLrNwtELNs2FgEV9PWBVY7IXSABIPJQoDf8HEMLvB3Lg/+zk/5T3WACLYlLt0bsYhGbRxP1CBc05JDYMXiABYtCeLpZ3y+ZwLFuAx/F40KbCfTmas61Wft9JG58xWLF8obeEdcJgYmJimlV/sihQV+kzqC2P/0i7nVvdZ1ve6jfr3yRdFwKJUH4S/RkxEeCJnRnGi0yTvauALVFG7B0N+u8EpDMvywbHjVSpuckUCZv6e5oLmPi7PzeIb+nxVnmiRdR4YXE1NfI9hGn3DRkF5LBdRZesSXm6CPkbOCZDFtWbXVZt6ykbX3ayUPiQa80X6HfNxMTExDRJx59To2NF6kUnzDzvsRt+fMaujQ1bdeJgSyMW5XRgJXmAEbO4NBqlA7SY/hChQRzyWQd2MljHs9V4NFsD99U0UXwwR4aHcqQ0aX4whyyx6uG59fQxo9kKmnMXsYC3QwtWw/sAzzNkTdQdJakHNincSuB3GXCbSdMvhuH9DFo01wetuqsDNv3Y2Vx15HSOarDPpurtsmndXTn6jp5c/QmwP/UWaH/fU6D5H2L0PvyuO4c7Bo9pI4/ts6p6T9tVg+dy1GHwii8N2pTXaCcMq1grNEy8YwpReC92OY2a9dsUNGeSVIchbaAi5JjQfT05HoHJxLBdSt93LBH9GScRoHBsSDBMcI7l2eBEbqKSpqOQdIuIKeGZw+uQvEsRhGJXDNJyKphoTzVmEoHYn6OMkkbD7TmCwVnCLTphYgn5TExMTOhiDYfeWP4U6swRPuY2ZW32WYw9F2z666E7vMQpVpBRUyODNvFayL4iaV8Up7DIFPPkAH5xknRvEr076uHkKETo2cW0AQLi0EolDmdrrweyNaPnzLrzvSbNsS6b/t89dv3feKxci9tmKPXas77hKeWf8RTr9Z35mrSTdv3jJ3P5T53MEz5+Mt/w4c4y44cca4wfdKwyfpDcP1lg+MiJXMPHTuTynzxp0z/eYdGlegr1nK9Q+LwrV8h25XIlTruuHl7jh11W4d+7bPzxfqtw/qyFj/rN3LVotp5WhfHniICOAcAJ7EhAUTxbhBeZDMQowJQUbDSf0C6luYPBP0PELUnQJ1V6YgDHuDUVX7SrsTPf0NWay288lct/7LsSHerfwJZLmZiY7lOdzOPQiSJu4Qk7r3XnGH88YBFGyT5U3CL7M5UeG08UFwd84smMrdTiq9/U4csrFQANUl0mEw/lSqiXGLRkAhTBu8kWS7ENWlWX+nM057ps3B+8du4HPSZ+c1e24WteywpFp2U5AG75oyfWPv2gt2H5wv/CCLn2y+/o8XJvLERd28rQ6+VfWHQ83/BIR47waYctS9VmMnzZaxJquuzCD3ps+j/0FykvnMmVxy/mqq8Pg9cYAc+aLCnHwHsbJR61RUY9x+EcEYJRAsxs5Z+lcADp4ei3aujSddySAbcSfB5g2J3HxV15wj85zLy2M8ewsNPKIkuZmJjuM7lNy5Ej1/iY12wo7VnJOQct2uuk4/olcwZNhwj/WUqPiQ1tRROrqwyDl0cDPmyip0dqjsayNQALHR4yq8fO2RR9vVb1L1xm/qDXZsxvLzAqAeAf//1q4cH/xM+i3//Nux8N+fu/NqDXLj+L/mutblFbEfdxZ5GgcuYZbB05xv3uXMP/683hTw9YtJf9dIk0DYdtqeChpeExgPwYeIqk9mh8JZdIkbjTkw8F9bxDieXraGLvkOwpAoyvnzHpXQ6rUPonu/GxP5qYZ8jExHQfyJkroHO5S0lATIrPZviO32QIjWaT/DTRGyN7S5E/U0kz2vWdPD94hTHSfcGajsNgJOrRDx7gsDUTAzBiZ0zG1l5T1rc9JkNBq53PbC/P+sCvC4WFfyy6dyqmtFoU6L+/mrbAUSx8sN3OKTwmvsxj0X33jEXTes6iCQ+a1dejFtFLJDVXAzlyOlEIJ4J+wtY7tSQtA/BlgknpvmbQooVbLUBRRV+bJOWfs6hCzhz19zpzhGT8hSz0ehHzDpmYmOapXPkC6ikRFh238E96zNz/DFn018Q6oJm0yPNgLokMJQEef55GuAGbmF5BA0WyxcoopG7moJmLnLbqT3ptmsMdduGb7TnGz/2xSPvglVWF6Pv2j93zx/31PB612Z5FJ3KefLDdtvxzJ83Gr3hWGvefzzacGDLpIsM22fXhgkxan5V0tA+Z5Xcsr5GAMGqRUBCKgT1a7LeSYggcmE5MzLek45BJeq3XxP3WYTUsb6vSPtBRwrELhomJaf6oa5UOvW4T0PE84dGTFm6Vz6Lr9lt0tJjzCOl+YBEjDYdJNwSrikYl/nkS2BU0gnIY7p+xay55bQaXw2L4ttts+AYMwJ/tKP3iA86c5ahz3Tfn7XfRtkOCnHlPo45Vxgc6c4XPttu4r3vN3HdOm7TOIbPqip90obCKPRvvjBeupJMbsjRK+jpGrBLa8omkiJDlaLI8TZZMR00yPAqTknMmvov0kDxlN76vw2RE7WXMO2RiYrrH1VOvRo5nAS4FwmddVv5An0UfICH1QbpfJQZoRCbtIYkdEubac5LTgTRKPQ3xsX6rcqKvIAnOCFjEaNCwVewoQQI0SDTooF1zvceq8btsmv905OvXt+YJaafydA+9Au8Tn6q4774b3FaJCuH2RFHWg6dsfFK3Wb+ud6X2/5016f2kWk/YkgnHGrz1xLImSTsJ0D6FYlePcCLgKGZSz7kcTbxAAkTyfUQtGQDDDNrWiVSlidDvD56XFPS2ilA8a9GFuiz8UW/+is/05hvRqz9qZRcSExPTvan2HCXKQQPouFnIdNiEnw1YdFfGzBqaW0YGvtvxMMSACxnNHxyhgS4i/IgXKaZHiJ4mGcDDtgwYxGX4nF1zrd+sPe20CD84Yea+fDLX8OE3Vn1twbHCZ9iXlNB/ln0V/c3WYnTSavxgp0n4os+q/aszZsUZv1l5nVTwIXurJKXkMknFMGnAk9eCiT0baem1O7WPayaQVeIhi/pat8Xwk5N2Pt2Z/3nUlqtnXxITE9O9JUcOhzpK1As7LQZjvynrf4IrhTfHTFrq8fntKgqv29tzUtK8tAG7lpZUIx4JCf33AxjP5Yp5a6PwmFFa5UXzZr9N39VqE/afzDFoTlr4976Wy3rmveUEpnw5ai/Jeq/LYtT3mAxHB02G7oBFeS1E+xGSABcOwMjhYZuGeuhhq+yOLl+LwTpKPGCTk4o0v+s0GwTfzhUL3Kw8GxMT072i1nwBHcsxPODKM6z0WYTOiJnHl8wKmrM2nCtNVDS5zXZAVjUetIPXZ9bi0ZUq+lwRi5gSQZ8/J5NUdnnzgsXo7jUZmhwWg/RUueHBtiJW9Pnt6kSxAR1bbXywwyLIvBZtU1eu1nXGqrsWtJG9vnQaeUu72lvuVHCTWAUnTJfK4TXspLWWDJ82aTvdOcI3juctf4CcW0xMTEx3tU7aeXSyQPdwhz2r+LxVOBMkEaAwyx/KzcTnCzJoCa5LK5U0f+22K8SsJO1/ZDiePZ4LKMNhUg3mOc310xZ1rzNXONSZb5QcX7v8gZM5zAN8xxOb4hWos/rzD7QXGjK7rMKhAZO632+VvBkEUAWpF6ealHIhv2N1XsnzRkkglUWGz9iE0+225YWvrdQ/9KdsFlHKxMR0t3oQZh06ZlG9t91m3HDGsnyQlPMiA9kQeGm0UgsNXJHTZdHgbYbnh81SHDGTfMNMWoFmzKTGfguPe8z8RZ+Je8VpNWqPl3EPtZuM6Lf/sJR9KXdInbvlqPMvAIh5hoecFqOuy8y90G/SnB+idVdliXQL+SS7Ex6imuYcEhu0qXG/VTfSaedqTqzUPHIym9UpZWJiuouE8ZfQyW/q0Umb7lGHJWvbGZshQIo9j5ozaYQnqWNJ9vZI4jwJrBihRbRvM8DCKha7DtvJzzo8aDbGe0xZP+u0GZ55wya895iNLYH+ueWyLEcOu/E97Vb+2S6z/meDJm08RHsq3tlapRFaD1WsCxuyiAFSZ+18pMMqNLbbde9vM+ng3NvCvhAmJqZ3VxdrDejUSj3qyNM/5jQZ6i5YjKEoCWixpdJC1mI6hJLO7kmifJR2RFDNmacm5p4p6b4fiRAlAI2QaFOLknqYcZMMD9g0b7pyuU5HrrGiwy58tO0bPHK9i/uAziIeuUv5hX+0at77z9/MWNSX+wW0/dn3ztvvfeD1z6PXlilRm83wEZ8la22fRd0xaFG/SdNhLEr6HYrl1cQ0C/FnJU1rERv5ysRC33MERZFoVVoOz55Bv/PRlRo8nMPh3nxt3GnV7unM5d7fmq1DwaYn2YXIxMT07slhMiCXTXhfu0loOG8VIjQIBrxAUrg6YL15/+dWeuCRBGziNZIUiLHsTLqfGLcacAhgSOpWns7RBNvz9T88VchL2wv0C9sK3/3QetcqAV3ctGLhT7+WKf/F1xR5v3lOrWkr0D/6V4sL0dmNafP2+z+Rx6M3SriFp3KEzK5s/jvD2VwgCt8TqWtK2j4RkIkVZcSgmqhZ7CFJIk1pQ985vMjwpFUAMqGiHTMsYg/Hs3ZNvMPM7XbnCo+57GwVgImJ6V1SWzaHTln073M9J9RdyBbCgzDYDeRJaN3QsXfQzYAMgGLbIB0etMNz5kopXC+aNdd8NuFYu92Q01pkeOz1Yj3CKwvvmuNx0qJFf7ApHzxu5g2vP6f/XrvJ8D2X2fgXJ63cB/5n5QrkzJm/+1qOfA515POPukwGW79F1zpgk10n0byk5RMpak4bKJuUFIaDdg3cauAc0YgtrW5n6RQmROdN+mjHc1zdSRP36KmVrAINExPT/7JOmfTopFn7CAz2tWdMhjDp2DBik9D0BbKMdWml+rZLpY1lk7+X4wE7AaGYe3jBLIu2W7Tfb7MLaZ2refBEdHflcTlbzqMUJKAOE5/ssCz/a2/u8vNuu+HnnSajuTPH+MHIc1nonwufmpfnxOslPPpZTdaCjnwhs9ek/+HwSl00TItry2iKC6kkI1akIfVldTDR0d92KTeSuhEyS/AZkzrsMPG1xy36R8g5ycTExPS/ovZcHr1eoHvYZ8mqHjDzwaEcFQBLQstmkZqRZPZPljdvNzI0ahFrUgZsGbSJ7vmVXJc7m1t9qlB47IRFh3CT7a4+Ps58BXrdvhwdswsfduUJe0/nGCMj2YbIGRP307Yc/tnX87mHj+fNTw/mN2VZqMtsRI6c5e93Wfg1Z7N1vvhKFfXoh+1pOGpNxVdWZtJzhCTkB27zHAmSZsL2dDwKMBwyC6FOc1b1G/n6h1pzWJ4hExPTn32QNyD3qqxFJy188aDJMHg5W0VTI8ieIIEgXcLMESvHhG+7S4SKJlIP2aXX+3N0/9Np5lacXPvlhY7cJ++pY+XK5ZAzj3vEazNsOGPTXxgGT+isRTPgMPP7jtv4pfGGZxb0b3hyXp4njpwVyLHq6YWdFv3y05as312wC9fIvmHIlkotYMsEu/0o0xG7jKblkCIKY9l6PGDOGjhp5os61hgWdRSyPUMmJqY/k9z5PPKtFRa0m/hv9Fq5/phV7CNIlrxoWyOTku7pESOd5kl04O1Vj9Hh0zmGOIDkhycLuKQfcwo0cuCL9+QxO56nQyfW6hcdt3ErPWa9a9Csw4M2/bUuu/61Div/9bYi/qGTufPTOyTf2f/92NOozW5c6s5d/t0zucbokF0J8MqkIIxYb78BMznnhuwKMA1dah0zqXC/VX+61c5nd+fqFzpz2J4hExPTHZavUIe+95EvoFYTZ+zJ1neEAXphWxoeypPQcmmXVqpozhfxBGPwc9wsn3OQI+HzxMabwcZMYmQpSZw+beMHHbasHZ0FwoecOTrUUfbFe/rYOQqWo7b1zy5wWIXPnzEZHVGLgAdgstBjzzrTYeK3tufyHz3+VT3qWjf/amkeL9Ygj92AHHncBx02447TVuPFiElLz5kggFDsNKK8UWLtFpPyafcK+Duy1xgj/Q5zUrA/R4a7rZzTkcM/+ccVX6bnLBMTE9MdUWcph17/hoCOWQWJ26r94wgMQjQiMFubaM+TSH5ODGikw/xbzfTjJhJdmo4HcyTUc7wEzzUCgHDl8p7OXIP1dSv30Anb/NnvceVmIfxf61CbRfhKr0XoiREvJluDz1o1Y505/P9xmA0Szy/VyLF2fnoyb1h49KpF+5DLkvVcv8nY7rdqcZQ05CUrAOTcocukUponGkn0p5wbhvLEeadK5KpK6N+PWNS418a9dsoqSE99lUOeVazEHhMT0zvU6e08av+agBx24bM+s/GnZ3O01wdzJWL0n1lHQXhbwQ6kFRMFJqkSI8MXrdrrfZasP7hsxic71/EL3QVZ8887svPo9zbDwlN2Lu90jjBAvCHy2S9Y5W/2mXR/clmMWce2f3FBZ+mKeXkuOcp06PRm7YI2q2Bw2fg/BE2661dWir0KL+SSPT8pjTAVC6nffkeL83b19U47/7NWK/fpk9kcwodYbVImJqbblLcmHbVZeXTMrn+sy2L4VsQiXAtbNHggh6RKKN4yIXqu4srDNoCoWY8jJjJwKa+783T/r9XOZb767FdQR4lk3h7T9gIOdebpH2or4Df3lChjxLO58k3wgkwy3GPWdxw3C19+fRX3wIn8+ekZntkuQz/65FfBQ+QyPGbjvwxauTeHYVI0mEMS8CWJykFyAKLytlMrAjkSPJirveozG46eMHPv67AI6Mz6JHZBMzExvX25YDDuKOcXOSzGyhGrPjJKcrdohQ8O+23g0dnTqGd4y4OUWY6DZnH/J0L/TokHzPqr/fblP3UWGZO67FnIUZo1749rRw542UXcB10F/F+etwlvXn6OJJdn4ABA4LRJ1+0xG/LdxYaHPHnzM/qxtXAF6iwQUFth1mJ3geFHfTb+CslDvbRSrDhDIkJD7wSE9gwcA6iGzHzUZzVUv75GeMDN2jcxMTG9XblL9Ohv0LOo3cR/vs8k9IZIyTMAH8kXjJi1MHCT6h4Zbw+E40EQZhntHjFkU1715vB/57AZP9edtxwd+8b90VHAmcsjZ7YBdZiFZb1W46vDViUN9IiQjhqmTHzGrDzfbtMXtZYbFnUUzE/P8NUvy5HDbkDtdv7TTpPwg5GVwuWxlTpajP1ivhxub79Yd4BM1uA8HbVm4tNWVd8pM/f0cZ0WtZex4BkmJqZb9QTrtegUDNSt+UKGx6x71W9W4+FcNS2Q7M8R60eSdImw5UaAzNvrPq7CF826Sz47/0NXsfBp1304W3flGpDrL1TIZRGe68vVDg/mKGnZsahJSr3lbpvqTHshl+Mp5he5C+fvHpfbYkSeHMMnPGbjt/tsxrGRXD0txk2Kdd9uO6ewRQswBCDmptGgm65s3W+dNmOy+8srkLuetW9iYmK6pcEJBmmr8UNuM/c3F62K62FrBh62aXHYLNDlqyB4hhfzpDhs4miH8tAcHQRuFE5WigE2MNMftKivdtv477Xb+I+1rdQjd7nxvjzOnXYBteVw74VB+qjfrLtGvOxhu4YuO4fMCtybo+tpzxf+wpnz9AJnwfxcJnWt0aFWkx6Og+5jTrvh2xdM3KVLJhWcV6R/pWxKoXYSXBS8pcLtWnisVux8Yc7AQZP2Wle28DedOYYPu2xsiZSJiekt5CzkkaN0+QPtObqqC2ZtnKZHkHwvcmvWiPl+MMsm+zjk5/AsRZPF/oNqWnQ5ZCGDuxqP5EpJYMyVHqvxh76irE9221Yg1zb1fXusu/9Wgd74uoCOmYSM88/xjisr5TRyctiuxiQoKWTS4n4zf6ojj9O0fZ1D7rL56Rn2VfDIuRImX3nCJ7qzDd/1Z+svj5lIZ3o5bd1Fuo9E4TwbyJHji7kkslRKI0tn7WNIJ2Aa8Ar1NPo0Zk7Hp22K2KlcfWXf+qwH3CUs2Z6JiWk2COYZ0B++rEXHs/msLou+ezhHiSNWze03VqUDGQmP19FyWuftijc9ufr/6ywSPtWVa0DP/o4dczd4hb/L4x44bTI2gXd93Z+biUN2MvBraT7miE2Pu83Cvzushs95nstCJ9fNz6U99/cVyPWNLOTMMXzaazf8/aCVuxYzqROTKjkFH0nAH6CpOySqdI72TWTfmuy7WgUK0kumTDwCEwxnPt91zMJn/eabGuTOM7KTj4mJ6WYlWul8qt8k/Hs0W4+H80hjVEmi2sfbBSGpK5kOgxcprKzDQzB49Zn0/9ZqMzxx0sbyusYVw5nIY85CLrtRfjqP6/aD1xO1y3GcQJDU0SSdGlYarnRlGw86CvlH3Xnzd2nvP/52Ker8Bo/arfwTTqvhp8Nm/ZtkAjWcI8FjZgm++pyEenikV2XAOkf+qi2TrlgM23ga4Xx5pQxfAi9ywMpjl8nwr50W7pMuE/MKmZiYponkt72Rb1zktOq3ByzqS2PZOphVq/GwPfO2cgXJHs6lbCn1Ci+Ah9Nt1b3qtAgS1zf0COMfsgM+eQJSxIGnxz/kLTB8azBHi6PWTDDwfACEo+ZMfHWlknRYGHLlGuyeldoFnrz5PZH449f16JiZT3VZhd9dtGlpV/swwG3UnIEvrZTRZfZhm3oOjzADB20Z1JsOWAy0t+XlbOJVKvB5i26s08RvayvRLnLksgkZExNTQueqOfTqU1mozWRcccai7wvDIDJsF5uo+u0ZtwdCsxJfek4Ls3MlQFDtaLNyfO9Xs9BrlQp2wKep73k9cn9jOfEKv9hn5wMRmxRHYeAPwq0/JwO8wgwY3DW417aitcMmyNvN83tZr7dRi/70BSM6Yddz3Wa+LWLi8FCODA/lZoJ3B5Mrs7jnPHsbLwlNzyGrEX4rB96jVgy0IccUbvssxv5TVuGp337JiPqqWEoFExMTCGbf6HUL/wmPSfiXEMyaR2DwHcyV0X09UunjdjoEBGn1GAGfMevPOUzcN38Ar+MqYBF7M8m7Q48cuTxqy+c/0ZUnvBbOVeHRHAn2FyjwcL4MBwsycIS0usoRrvtsK37Ybuc+0GGb30t7XUU8uvp93QKnVfhaj8Vw+kKuHg/nwATBTLqckGCiOTxCi1iiLUJTe1QATQ0esqvpUjPxLEcAjA6L4ecnLPzHT5rZOcnEdN/LWWhAjtrPL+i0ChXnzMrRqFmS6AkoNtoly0qzRYbO3VNQgXvsmqjDxFeeKf7iAx5bFjvYc8hdIqA3Nmkf6LJlHSFRo7FcCY7lq3EAbLhIhuN5aTiaL8encw1Bh81gO8d/AzlXz++O7K2FAjq1Wlh0ysqtP2vmw6RjhZgSocLjgTQznnu0KTQcQxJkA+AUC8KPF4gn7Z8y8QUzH/dZV2x4ba10oSOf7RcyMd2/g28xh7q+KSCvWZD3mXQOP83zI7NuFe33RjvFm1Rz7gOSvoOkPNaITYtJ49WYJQOHSISoTXvFadYebc/RP9Zu1bOD/RZylfKo6+vLkduSZb1g08SjOZk4RpLsc5U4kAffQ246mAQP56lxv537LcDws26zAXl/Pr+b0DrzeNRZxL/Pm80dGjZrrozkZWJS5SgO51yE5rCqKRjJOUt+DlgVtDoNKepO9qdJEe8oLe4u/j/pbEEqIpFl/3Mmg9NlMiq6vrEcdZSwc5SJ6f70BvNgxl1kfC8MMi+MmJXXw6Q3IHhywVtsqEvC+0kSOEmPGLRr8RApmmzNwH67Djsswi9O2vlPgbEDfQvyVXOo1cyhk1ZefiZHcyaWAx45AJBYaNrthTzdmDPHuP4XLZ9c4CiY/wEfDpOA2k2Gz7gs2v8YzCOViZQANxGAYvQogNCkoo2hCfxCc+xpR+DcjsH/B+xSPGDRXe9aaXy5o5B7xJXHzlMmpvtOZ45q0Mknab3LL58xCRdJ2bNwogwaGWhuLU9QQfdsBnIUeDBHRrtR+K0a3G82uNvNHP/GV/XI36xiB/sW1Z5vQCfysz7Vn685GSGVe/LlohEA0vvirb9AjbtzDH/ssBo+57TAd1g5v/e5nFaYsD2nRW0mvb7fzLlHbBo412QUeGQf228T4Ue6VpDKR6PZs5+/MQDolZUqWipwGLztCybDIHjWf+F96knkrmBeIRPT/TXomgV0wmr4sNus/VnYqqYBBm8HgmLZNHHPxm8j5bAkOG5W4vMWQ7DDZiy8uu6pBV35bF/w7chdyKPOYuNjXrv6X4IF8F0UJABIbul98ecI2LBNN+q1GVYhjOZtxZnJ6irIQr7tTy/wmI1FfTZ9KEhzLWV0qZPUvh2hLcFkOJ4tVjSaFYTgOV4yaej5OpJLonG1uH+l4d/b7MLH2q3MK2Rium/kLeXRb9ELyG0yFl0wqWJR0kXidqrHUBDKaWFjMhuPZvPXerKNL5zM5R7ttLFB5W17Pnl6dKKIX+Qwa77rz1NR4IVnsHguHG/wwr25+l+3FgufdOTxyL11/kc/dpL2VfnCYy6T/uVBi+4aOefGVspwFM4/0iyaNPclaRWkmszsgTQqWouU7B0O5KfRJVK/2Rh321as+vF+tMBbznILmZjuD2/QJKBTVv6JMybjq2RfJWDNuM0q/woaGEOWqSImPT670vgHh0VY4npOQGPBL7ID/XYH+jwO/aNdu9CTyz0fyNdMBWCBfGJ5NEpAmC/BZwpU0bY83vZHqx55K+b/xKNnB4c6swXksPNJHhP36oiNx6MrVRSGxCM8nyejdVrJnuFs5yzJjx0BWMazFfgiwNNvT8cRmwb3Wpcfa7Pwy9pWCsh7hE3imJjmt9eRDxf6xq8ucNi4mgtW1WUS8BKco4PE3B6hki6lkqCFHrN+sC2b/8YvFXLkLGa5WbcFwlwefb5MsqDHZjgYyNPgCMBvJgsXqnCgQEqjSXvM3N925i9/ryv//vBkSC7qX37go+h4tm6lyy4MkfJ9pGoMyXcVC8GrEoXeZy/9JxaI0NLHkrzCuEWCB838Zacta2vrKtlCRz7zCpmY5q06qjjUazKgLqsh5Xw23zFkhwHDqnrLnoKkkwQZaEi1DtJ5ImBVJnK1lDRx2Z+tv9ZhFg61FgrvcdkN7EC/AxCiFzLI97OfgrBQlgBfwiNM3A8VwQAO/zdakIkv5PI9HTajvMNsRDhyn0zm4BxzFwjvPWkVjpzN0V4bzc6kXVGiJi0ezU50SJmt6oxZTvfDSVBXPFtNez+OmuGcNqtxj41vc+QIqU6rAXnXsMAZJqb5OZsu5NEbO7MWOC381lC2/mrEZKB920gpr9lBSGBHkpMzAYSpNMiA5GkREEZJBRmzDHeZuDfaLIak1mzmCb4jEObxaO1fKBZ484SDgQINhd3MJseX8uQ4XiDBQ3m6K57crAoSNONce/8s6bVaeNRmF1I8Ns3xMCmpRrw7swCmppO121nhuGBVXW236bd3rFnBkuyZmOaj3Hs1qMMEg4eFX+yy6t4gvd2iJh2twxh5i+4SYn83MUQ9aE1E31lITzgZPmfRRdqsfHH8759e4FnFBo935uno0e++qV/Unc+9EixSzw7CAhkOFUpxsCgTB/P02Je3/Cdtebr3u3Lun+PvhXMNH/sGwJAvOm/WRUi06CCc03R51Cq7LRAOwwTPZdO1nrDzyafMPHLvYF4hE9P8AuFqHv3XP6Uv8FqMleet2ksX8jPErt8WDY7NUUItTGs2yqgH6LfqaEUOAsExazrtFu61CD8+mS98sCOPeYPvVB4AWYfd8Gh3rvYnoSLwxItkM1qsQI6HSqR4uBQmI7lafM5s6HZZjXLvyuXIW3P/FJHuyBXQiTz+gz6z8cfRbBUeyU2l0aOk2tHtRkGfsWuudOQINRd36xaQa4aJiWk+eRtWA3LkGD97Llv/KtnzI5X8Sf4VqcM4dxk1cYZNIOi38jhES1mRNjcy3G/SnOsw8yvavqxH3nIGwnc8WSkyos6iFR/vzde+FiqSzwrCeKECD5TL8WCZAo/lanDQnnXJk7u8NPjMN5Gr7P75Hsg55/nScuS0ZK0YXsmdi1gywCPMpPmstxcFLaOBND02/lhHkWGxg03umJjm0QBbzqH/lslRm4UrGFmpjMVMMrr3F6B1ReX0/uy93aR0z2XERpZROVpJhuwp9uTqrzlswiFfLv+wx84GjHcqR40ateXo0Qk7v/R0kdoTLpbOCsJooRz7SxRgShzPV+Jorh57C/hvv56rfciZd39FPJJzr6PA+HBPtnDUb1Jdj9DaovLb8wgtcvhb0sBXM9aey5f98jkVvXaYmJjmwxJSDodO5Aofcpk1/0p6skVNSpL8niipJqNRoLODkJSyIh6hliYqj4E3OJIjxzBbdp6y8dKTpKP4/1Gwg/xOvZtKHrV9XYdaTRx/Jl85GCnNmBWE1MArDBcRE6NIT+fo/+i0Zn3KYzXeV8eNnHutX+NQq4WTns42uMh+tt8quT2PkKyOmOW0WpLbov3FiRz+w+TaYWJiutdnzBthgP3yk8hhM/7FBYveH87JEAsPAwjjAEQSBRqwvvVy0Qh4g2SQGbOk4Ys21dXOPENt71rDA54ito9yJ+Qs4pA3x4Cc+YbiwWLl5Uhp+luAUFw6DRdJ8XCZDF/M1Z/zWA0633MGgOr9NXiTFlYnKrkHus1ZdYMW7VVSLUasIqNMBHvJ6HkcSvQnnD0oTEXLDIZyM/FZq8YP18xX277yJPLUsBUPJqZ7WqTh6xsFhvf0mvkfBGh7JfAgaC6VMtFw960iRmV0gPBbs6hnSFIoeiyaU6eswrJWM4PgHRvMyzl0qlJ4wFekPxooVuBoMRz3EumERUvg52LxNgZeYLAsA4fKU/BYoQwPr4IJTbHmUm+ZUBQq5pHzPtyvbTOTakmGZJ9V10qim0nLJVJBhkQ5k471tP2SRU07pcy2FUC7WpCmvgDSYYsGA1i/f6JQ/x5yDTExMd2jGvKvQG88x6FjFj69O1vnDdM6i2Jx7VsPICBpFqTljRZHrOl40Cq90mHltng3P73AXcoGiDuh3m061FnAo5MFwkf7ivn/iRUp8WgJeO2lshlttAQG8nIJDq5Ow2PFSuwHEAZKVdhRwjX8iNfdF62ZbppIlPHIV/PMwnarfsv5HM0V0sSXTPZI0QcKRtq1Xkn7Es5VOCJGCs/bM3HArsJei9F3wsLJjn2TQ04WQcrEdG/Klc+jfLwYOU1CxXmz/vJ4QEDE9nZKqqno3mDcnIFjlnTca9O2nbILye0WAXlWs/2TOyFnpQ65rEbkyDPyFwsN5y8VKQB24H2XzWzxEvheymGwBhDGSxXYXyrFAfidM1/3A2e+4T2ki8X9JnIutsE5edIuLOuy6U9Eaa9MOa2aNGzTUG+QBNFErHMXj6CTRVsmDtoz8Fkbd8VjNmz+1U7ZgvstCImJaV5o8J/UyG2BwdVm+FhPtvDLsJWb6Df4dgIIImYNrUVKIBg0Ka512Yz1v1vNLyQ1H5nukDez1oCGn/w88uUYNgTzuatkuTNOlkTLZRMWJlYmp/djxXIRhGvSAIxy+vsR+F1PgeG3rbmGjzjy788yd06YAJzIX0GgVXvRqrl22SRuAwzkkEAvHR4lP5NOK7M27gXPmlRSAlhGbenwWBXuytb/5o1c4WOtNh4Nd2jZycrEdC/JUcqjrq8uR26z8UsXsvmRqElxm5F0ahgc4NYmwWee07jbLIbMzudI4W42Q75j3swqHWpdy73fV6z/53ixCkdLJDiyCkC4SjZh4UlQjJUQIEpxcA3ZJyTLpQp6e7qYd7Tl8ktIuyJ3he6+O47eTQJqg8/ems9LvDmCJ2YFT9AqwYM5ShzP1gMIFTTPMDgLCIOJNk0xEkwGE7+oNZNUTvJ32oW/cHxDQM4StjzKxHRPyVUooDcqDIu6VwpHRwBmpHv87YCQDBphuwwPwUy506w/0lopLCIRjkx3Rr4mLepew5FgGc2ZMuXZaKkUh1bDd7VGgsMEgNOMQHG0VIlHwQsMrs3AgdVyHC+G/wMoni/Sn3bYBIXLJCDPhvuzPBhZqegs1y7qtBkPDlt010M56QBCGb60UofHstW08sxsICTR0yN2BQUmXVa1yfCAVY+7VgovtxcJD7lYgj0T0z3kYWzlkGelATktxifOreROkea5pJLM20kspoOFlfQalNI9k4sr1edarUah47ks5N7GQHjHBu4yDuHPL0DeAm6jv0x2NVIuwYG1crBMEX4AuvAq0SKrRYuXKcDg/9aS5VEYtMEjDAMUB4t1QWeB8YtuuxF51t+fg7a7Xo8ccI522Iz8WZPuPAHhUH4GvvychnamIM17Z0sXCsD5PgznO3ncpee0eJiAEbzKcyuFU/B8S53ZBuRey7xCJqZ7w8vYqkV9VgPy5fGWQZsiFrEpaWm0uRrshq1ip3lSbWayBa0ZNOKuP5v/h+MFhkc7c9hAcEdBmM+jtjzjh/tKVf8ZX5WMo6ukOFyuAcDJcHC19IatISb+Lpyw6Gr4bsB7jBVrwCOU4eFy1aXOcmOuc50ROe7jPdxOO49O5gnv67UY/r+gTY2H8jLwJZOU9im8mKOlfTQjCQtPWf2Q0ZWTsZVaPLpSgGtGQSvNnLbx0VP5BtMfCwXkq2STQCame0LOUhgISp560JWje2UokVwcsWjm9ABJKbXxcmrBxC2xiEWCB6zquNMi5LYawNOsYCC8YxDcCN9TsRa1FnNf6l+tGomtScWRVTD4lisp6EJrpFNhOP67NZl06TS2Op3CkIJwtQwPlSquthbxpSfL9eh+LoLuqeRRl7Acec3GvCGbMBrIkeC4NZ3u/Q0DGMNzgJCUD4xn63DExCf6F6bhs3YNbs0TXnHkCw85WXsmJqZ7ZHnIRJdFP9dn4Y/TBHqyFGRVz7kPSAaAMAUfacArmzCSTN9r0R8/YeOeaLOyQeCOfk/gYThzs97jLNZ+7+I6GY6tkuDQag2OAOxGV2VQ6M1sEvAAJ4GwVEf/JlAuu9pWxK15Y5UGOcvub8+l3SqgNhv/RL/VeDyYp8b+ggwct0kmIqcjCaPXhyVhVrECTcSsxQGrHpMthag5BeCpwp5c46mOXMNih5U1nmZiuuvVVatH3m88iTxW41/4TYbwaHYisXiORGICwkAChDGzjLaxiZEwcrMSD1l0171moam9RnjAXcaWhe6UHIU88pTrkKOc018oV54OU28QJiRrNHS/bxQgR6AXnmYTIFwLA/aaDGrRMpjkADgD5ZLrbSXa6t9XpSLnqvu7lx45Vz3r1Q+4rVnNF3P46wOFmTieA5bophK2JSyxEkIngXQiKLYcG7FpaM3RqCUdrh8pPmfVR1w5hq85zVmoazubEDIx3d0DbDGH/mu1ZqHbJuwPmbQ0dypCYaecA4SyKSCMmlR0KTVg1eDTNu5im00wtppYxNwdHajXcqhzzfIHXet0+/xr069H1ybT5U0aHAMgjK5Jp8CbycL0loAxnUaOhsvVOLwqFQfLMgGEmi0/3/8J8AjvLAiv/o0Zxb79TdS7eflCxyo1cq+/+9MzTpmJVyis6M01DA4WwHmdCxMMG3iCNrGYvAjAG1CMWGX0WiEeICnPFklUViJbBCStwpMjHPz9Kv0DncVsQsjEdFfLYxNQp93wUU+25jd+CjYFragRtM5eU5TMfG+AEAZiswr7c7T4gl0LF7/ul215WR9ystDxO6bOPA451upQR7le0r1W7QqsTcORdVIa8BIHT5CAMEh+JpCb0ST0sSRqNLgOfl4FIFydjEPladfbijXbMfoFcpW9c1A5ygTkrDQs6MzhHmvLETL/7Wvyr//HN6XJFOT3AAiduTzqgHPXbdf90p8L538egSEALofAUD4JhuMeoYwulw7miBPHsZWkNqmW/kyA2GXS/ndnjuHjHhtbHmViumvV3aRFHpLeYM7SXjBrLwzmZ9BqGQSGZA9w9s7csht7hDS6VIOHcnX4TA533WvjG/5Qyy1wlbHloDvmDZbokdvOP+As45oH1ymvhTaQ4BcS+anAY2uSAIoSPLxBSUEXAfBFJt2Kv5OAJdIn1hMoAgjXpgAQk693FKtrrycVLnCV3j6ojuU/hY4XrHigs8DwhKeIL/SsFn5yqoh7/TWrvuYnX05//0tPLr0nQEjO2SM/yUVem35n2Kq87s8nnSU0OJILIMwhxbUVU5ZHIxSMCjxE/s+iwle/qccBC4fP5ZKyazJ81qy92GkSjCS53lujYycyE9NdOQMu4VH0qSdRt9m4JmxSXQ3Z0+mMli7v2GZPqI+ZlHRJlMDQT0qxWbXYD/cvWIQBp9W4wpOdhZzFDIR37Htapyd7g5LTa7WO4FqYoKwDEFKwSXF0bTr8LMEB6hFmTjJJwsZBKKVwDJC/B4ASjzKyJul6R4l6B0YY3Q4ITz7Ho9a/4B84mceluFbpdp4vVh0fLNeMdq3jxtrLud2ucu372su1aOAeqSrkKuXgWjAACA3LB/M0Q4NFGeARKnEkDyYZ40Y8RbuMgi6UWColifSkQHfMRCKtdXjEJqZcDNjk19xWfXXPimXIWcpWSJiY7s4LP5dDf8pXPei1GL4XI01GSX1Qq1asrWibPaE+ngAhzRuEGXCY1BeF+6ct3G877Fkfc9nZUtCd+4545DDpFjlKDbsvrtNcI0udBITh9WAEiLdg4TUAwzUAwzWpFIQ0t3CtHIdXL7veXqLc8ruD73lbe4THzUb0+nMrFnaW8imnioXt7Wu5kz0blJdDqzPx0CrNm51l/N+22vmPtuXdW5Oh/h8okMsuoE5b1sd68rS/Gy6W4Vie4gYEExYCDzEIXmDQTvYK5TSSNEKNpFiAt23R0K4VIzlS7LHrf3AiT3jQxYpwMzHdnTqVI6BjucKnPTbD6+FsMqvNxIFxEM7RtVuEptiJ/tJK8CBNajwCnmSnmdvTsVlY6CpgF/2dUPCgCp3INiCAiq6nTOgKrlVQ+EXWS6iFp1jmJJv6f2TplFh0XRoOwm2IepVyHFiddL2tVFX1xsZlyFHy1t+Zr+zrqLNAhhyl3Ed6SjXr+teqWy+sU18Z2gAe6YYUPLRehn2l3KvtBULaySIBdd+D+8SkYMGJsmcWOHL0LYE8DYBQfhMIx2EYAhjeiCYdB6EKIKhONO2VYp+Ff+OE3fDpNivzCJmY7jr5NnLo+EodOmnVc91W/QWSDyiGgqsoCMmSz2xVZaJ0n1DMqbrynBxHrRo8aDaGHBbDV9xfNSLXerYseifUAYPyqXzhfZ5i7gehVSocJ8uZBGwbpKIlgCj+7gYcI9MsCoCKbgDvpiIdRyvI7+C7Xa/EgXUp11pLtWtObpChzrdoJttZsQI5ap5Z1FrOC97Vun8KrJGOXl6djmNrU3B89WJ8ec0yDGC82FkqfP3kt76EfCX35mTIVcEjz3MG5LQbvjJs5UKxfOIRKmaEYThXQevqhsl+OVketcknEu+JxeH66LMIAyetnHD8m3pWXIKJ6W6Tswwu+M9rkcvCl52xKy+T3CcS+BKgM1oFDQWf0l5p0gUeSSTdk0i5S9ngYcDfnLGuOOmyGB/3WIzs4N4BeQBMPds45F7Ff21otW7oEgFaReYNCL4tgwG6Qo5jlek4Ukk8Svju1qmwf0P61Y7V+pLOag3qnMV7O25ZgXpqVai9XPh49xrNjjPr5X3+9TDwA5Qvl2cCUNNxoCINB1ap3uwq0x1x1ejf41p3bweGkHPYacl6/HzO8tZowRwgBIvkymggTZQG04wvkyroNTIKE8uLdt1lRy6/xmPSIEcBAyET010ldy4MsqXPLOo0aV4ctGXABQwDrYkkBYtlpKJm5RwgFIMD/DaApi2NJt+7TcbvnSrQP+xitUXfsfr+Xk/bAx3P4T/RW6r/xRhZEq1IxcGqTPDspBM2F/ym/j98h5WqCRCGwTv0V2gAhBlj7rV6q69Ci5wlN4OwB4DW16iDAVwv71mt+efAhoxLo+uW4ci6NDwCzxFcI4HnyMTnK9W4e62x05EnZHbOg1QBVx6PTuYaHvbkc38TygewvSUIZSIIJ1Is5AkQKvAwTBI7rfoXO8uMi5z5bMuAiemuUrvdgE7Yl3/IZ9X8OmRNBdgBCLN1Yvk0KwGhalYQkos9albjYbsaXyxII57h1W5b1gac9RXkKGIgfKfywjF8PUezwFNsWOMv08QurU3Hw5vTsb86c0YARivmgiB4bwDCIIAwWpmGI1Uw6YHfjQAIh1ZnhrrKtV/oLdMg77RlO2etgFy1MHhv477hWSsc92/Q4xhZVgWYhtfDc8D9keo0PLY2FQ+tU19xbhRqHeu4B9zr7v3v37WGR7GvLkG+Iu3GYK7szdlBqKAgjAIIKRDt8omEewLCeKIUoTdH95sT+cs/1J7HgsiYmO6egXaTFrWZOHTcxCWdMem9UWs6HiDlpLL1tMP8iF1KZ7Vk0180VQKC4r5g1CKndUVHCjNxID8TX7DqRzrMhhXt3zSgrm16doDfybJcGY9OreVQ62pe2r9O3X4ZoBOplODBGikOVUnoHt/bNwBipRQHqwFglTBAw3OGwDM8v0p1zlGmU7vLtMhdceN7O1XIoT9ZuYc86w2l5zdpzg1WaXBovR5H18OkqALeDwEyPO/wxnR8aV0yHirTdbpKDamefAPqbb73u7J7K3Wo0wqecJ7umYE8fTBcAJPCfJhM5CtxsECJQ2S5tIB4ijJq0cQtgWE4Z9zkdO8wYJPg8zauu8MipLpMPPJWM6+QienumPGWC6jTZCBe4ZeGV/KhOHiD5wFopJ0MqaQ/lCOheYRhmlOooZFwoicoznhp9RlykZem4DgMAL1Woe1UjmFxh41Fxr1TOdfqUNta/SOd67lXhiqk1y9VJAMApdi/UUaBSPYJ375JcKwygz5HuEKFR9en4VjVMgChxtuexy1z5uuRu1oE4Qkbh06YNQ97Sozreyv0g4FK2YzPScAaqJbS93S6XH/411/JesA1jzotdFrh+rAZl/bmGR3BIgJAGZiCWgiAGCYwzJdTi+TDd0Pvw/GF64FUpKG3MLkM5MJ3ZzZEfOasr/Z+LQu5VrNrhInprpAjj0PHVhpRq01Y5TcJV+PmTDyQl0lTIWImLQUhrRxD86HGQThebxFASFIoSC5VUSoO2OXYbeb/8bide8RpZ7PddyJ3sRZhDakpqsvprVYFhqvheBMQVUoSELx9EJLnCNRIKAjjFGQp+PQ63Ym2YuMnx/cHj1n16NWv697TuYrbeGG9InDDo5wGQbJEChYCD3Fgg2rEU6l7trtGQws0zJvJYi545TnCo75c7p/8hQC7QoB+oSwBPwJBAkOyPCqCMJwAYWgSCImHGAQQDlu4a+0mYXXbF4RbSlNhYmL6X1p+O1ux/IFOC3cokK3Hoysz8XAO6bStpgEzI3biEcoTAExA0HYjZypmA4+QXPiFGfhCjvpNZ46h+cRaYaGjhM12b1cxrEXOdQbkrDCk9FWp3whXpeOhag0ertLRIJd4RZoY6FIlmbDIHDb5cXRvryoTBzcSkCkpFMnzn67Q/6pzjfGDnnUC6qwxomPrDA/5qrM2DFWpA6PVSXhsQwqObhAhPNnCCRBG1qnwmfXcrzxbuY92b5pfS+KuNQL61ybDAl+uoXkEoBcrlOB4AUwK8qQUeqF8FQ7maygUb3iE8gkIiiAkj5PjQZsGO6z8/nMbshZ6ytkeOhPT3bH8VmhAp/JWPNpj438ezFbhWDYplQYXuon0UxOLaos92JQTniCttThh4A3CTJgsi56xaUdPWjjLb7+iQ94qNtu97e+kiEedduG9rvXcwZEqybWrGxbjkY0qPFClB3Bl4Hhl6hQQEthFq6UzWgRsMgjjlfBzNUxuaLANeDHw/yQCtbtS81eODfzDZHBu1z270L2KLxyqUg6OVqUBPDMneaLSKUaWRYn5N2iv967ld6I/JiFX5fwa4L0b9ajTnIVcObxlsEA9FgGvMJqfQWFIwBcqVOFQkXYChOPLpBMG10c0T/QSh3M1uMe2/OedOcZHXYUsYIaJ6a5Qp51Dx2yGj/RaNH8Qm4yKXebFJrtSWms0PGlPcByENDqOBALkKbC/QI5Hc5W4324YPJZrEN5glTNu//so0SMJ/HNv5LK7q9UDBFij1ck4BB7cSDUMuFUyHAUPLlI91dO7VaMgrAGIwvPFwCMcqZFhf5Ucd1XqGzBORV0rs1BnIf/5i6sUPbGqxdi/KRX+X00Da2Z7TrJvea5SE/RU8s94NgiIeJXzyiPcqEPuHCNy5RmEs/maoUAxXA/54F0TEBZIAYQwGQQYTgah6BmK3mGEgBCuj0COFA8XqHC/xfhqu0X4qMPGPEImprvD+7BxqM3OpfSa5N6AFQZbkhxvEaFHYWhW0DxBCsJEtX0Cweh4qDhc5CMwEIzZ1bjfyrefzOGecLEL/LbksAioq4YjQRQZ/dXa18MbM8ATVOCRTeBxb0wG+KXjYfg5SPb3qjNvC4RjlfCdkWVRAGm8Qk1BOFIlu9pbpV/dv16L2tcYJV0VmtfJcmmsKhUH4XH+jRK4TZv1OUmgTG+lyuGu4pb4Ns7PlQC3lUcOm35pT4HWNVCqwYFCOI5FGdTCcD9UlIgeTQDwRvBMwuD6IMEyQ0VKfNZi9DmsfJrHwq4TJqa7Qm02A2rLNSw/a1WNBKww6NlgoDUnlkAJ9AgUSTNS0naG5EaBkf2OCQOPcKRQjmM5GtxvEv7zNSv3gc4ctix6W0twpRxylAqP9a/X/GVwo+z6WGUyQFCBh8BiG1NwdGMajfakIARIEhhGNkroUicF42xGHpN4XJykTAAMyc8ReJ54tRwP1GhC7s36Z72bhY/2VPM/Gdwku048wXAVTILIY6vSwCNNpXuLIXiO4EYRgFGyLEpyCDdKsWuD9h/bi7j3euZpd3tHLoeO5Wo/4C7mfjNSqgQvEK6NQjgWxRlwH44RXAMEhFOMALEgAUJSmJuaEg9Zeb8z3/ikKy+LnfRMTHeDTsFMt80umM7ZtZcmaogmlkBprzXiBZI6iqSwcOJ2ciJxFH4eKQavIF+JT5sMf3WydMVDzmK2NPq2l9/WCaitavlCb6W+4FyFPBgH7y+yMZ0CjyyLUvC9AwuNG4Dv0gYVDm/KwMNbU/CV9XJ8tlroba03SN0b9NsHKmWXI9QDFAFKXpu+frW4T0g8xBGAMQFivEpK9w+HNkqvOzdo67t+TtoXzU8vx71WQCfXPftQV77uryLFUjxaIMMxOOdHSmDyWCTCjsCQeIbUpoCRbCHAsctV4piddKJQjZ60cyv/ZAXvv5r1JmRiencv7god+vXTmah1pXbdOYv62uSAmCkduGEmG0qAMDQDCP1FmXgQbntWCg3/8Kp8gXcD8wjfjrr28ujMFxej7nWq5ec3SH2DmwEw1akTILxjVpOBg5sywQuE569Jx/7NJAIVQLhZ84arVljXW5V1OlAjeovhGtFjDG1MeIDVkgkQ+mtEDzNeKaHPNVgtu+Jaq87t3KBEvjrF/PTW13PI/f+2IW+upsEPnuBYgRLH8zUwCZTiAEmpIMArmgrCUMG4kaVSKb1e4uARDtuVV1vNulU/VyuRZwMrOsHE9O5e3BU8wr8qXeDK0ey+aFXdKJ02USfxhkc4OwiV2F8gwRfy1dd8JmN5/1eeQq617OJ+W8tuNRxqqzB+6nxN+n/ENj8O3loajgK0IpvAK9yceUctsCUdR+F548TLIxVqNqrwub1Gd3cj7/RX6ij4CDDFgJob3mSY7itKKQgDNaKHGCNRpOAVXqxSxNyV+s+7Kufv995ZqEPuPPDg8riy4RL51RgBYZ4a+8EjDBSJIAxNAaFC9BDHvcJCmHzA46NwzQzDNeSwcY3XDn11gZd1oWBiendFIvxcdZ9f1FWs/cGQTTWpfuikOokEirmzFxomFzYJHDhXqB3z5GSZfLblyFHAlkZv2Ssv5ZEjz/iwb72+aaBGetkPoIpsIhBMA3AREGYkLP2OWHBLKg5tSaMBMxGy37hJiUcOr7h2Yafq+mXSookuw87siUY3Smn+YYg818ZUHKsg+5Tw3VerRjxbOd5TO38HdUexgNwlPHKVCNkXi5VjkQIVHgOwBQGEBICRycuik2AoGvk/GR6Fx5MqNP58GfYW6r7XtuOLi8g1yMTE9G7OcgFYx0uefNiXr/3xiG1qIW3aZduuoAExs0FQBKEKZrtKfLZAHwQQPus1ZyH3OnZx39LxLzOg/5NjX+BYqzdf2CgbHNqqwBe26PDIFoARCVYZt5pJ9wGQN99Pm8OmPi4Ct8HNafAaGRPLn0M7JdgPsL2yAWBXkyZCeLrViCkbIfAWCUjJ4+JVGQBGBT5boznv28qpuucxCInn5lslIO9q4ZlzpdpQuEgHINTgUHHm7CCcZEECwlw1eI8y7IeJY08+/6Pjhcsf7mSTRiamd1cduTz6g834iNeq/bfglI4SNyBI9gAjc4EQLm5SWaOvQNvvtPMKt5lHbLnnreVcq0WnNguotZpT921RdxKwiAEtchwAKAUANuHNk0C0eRZAvU0bIx7fJgm+UAevtTUNj1an4ih4eCR4JlYDXuIcIKQRqGTZFGAaAziPws+BGiU+XaPp9W3jJN318/d7d6/XIS9cL+58Xt5Xqu8fKdDhS7kwCSyGyUDRtECZGYzsI47mqLG/SAKPl5JUo3/5k8X4SEcuu1aYmN7d5Z5cPXrdyr3fa1b9KkhSJKwJSyyHktQIsvQZIbUUaU3Fm416hAUK3F+o6WzL5Z9w5OiRewOLhHsrtZcYUMc6w6d8ldqf+jdn4iiFVApYEt0bJHt5EQBVbMvMFn1LS5/RLtVI4bWk+MJOAOH2VHxpUzIepR4n/LxZRl87OiN00ykEQzXisi3Ja4xXZ2D/JhXurtG4PNv1yb5d8zdIyl2pRw67HrXa9Yt7S3WOUJEaj5Ji2+AREm9vyv7gTSYHACpwHK4V8bES3GNV/+Z1q/4D5BpkYmJ6Ny9uC4faLdwne6zKNwJ20iZGioM2Uil/2nJovuLmHKmEieWm4MIuVL3+Wl7Wx1rzYda8j+VHzaXOTRxqq+If8WwTDo5skV8dh9d00MXmMALJ8CwW2QKw2pI5o0Xh/+jfT7xG+qTXTJ/7NQGQocSe5ShZGgVvkuQ5dm3UdLprNEu6tmrn77VSDRAs4NAf8w2f6CtVHYuVwLVSLHqCJJcwUCJGjUaKSKI9uS+jifbhRI5hsEgMnokUKLG/GDzCHMWxdiv3SXINMjExvZsXt90AXqEhqd+u8ATsEhGEiVSJKSAk7WYK5DMavbjzMnF3oer3r5Wu+FBbEdvzmBOC5Tw6WWZY6FjNF5/dpPFHtmbMCZ8/Fwhvx4inGCbPsUmCR8GDjG8EEG6W464ajdNdo03ybZu/KwHuKj1qXyOgV9es+PDpUuXvY2VSHCqFc79YgYMlAMJiMWr0Bgjlk0AooyAkHStiCRCeyVV6nLlCErkGmZiY3kU5ioyos9QoPZ2rOB0EEAbtspshmPAIZ4QgWJD2XcvE/UWqX56oePr9zrXswp5N3mod6iL7TGu5p85WqbvF5UoRardq0UkQDM1i4a3pAKwMsPRpRgAJr7n17b3m+OuKr02eQwogTMejAMbAFjk+vUXT113HSfta5vEeIYDQUW5Ax1Y/9YGzZapfxcrhWilT4GiJEodK0nGoWDbJI5TdBEIxoEZMwg8USfDZPNXpzhKjlFyDTExM76JccGE7VhsUZ/MU5yI50hnzBMc9QhoMcJORYsMEkjDDLVb9q6tmxft8LBx8RvU06ZF7B0BwF598bovmv+ObU3BkW9KsXt1b2rb027fbfE0RwJlgMKBvBo9wcyrAFb77GvV533ZeNZ+DZYjIue2ofup958vl/xomS6MAwlipCodL03GkdNKS6LhHSO/fsCjJJSSd7Ysz8YVC1cWONUZVx2oGQiamd1XkImyHi/FMvuoiKaIdmqWMGt0jTIDvpmi4YiUNCT9Tqvrnrq1Z7+upZFFwM6kTjktHpfAR73bhh8Nb067Ftj6BAwCl0Bye3VwW3g5/e7t2O6+X8ApDAMLQNoW4xEr2DOH27GbZkHcHx/nmOQjJue3d/NSj51fJ/jkI4AuWKwGEShwpS8XRshtLoqEpMLwBxVhhJo6TUmwEhMWKgbY1RnXbGrafzsT0ropchK1rs9QAwoE5QVggBsvMDEIVgFABIFT/c9e2rEcYCG+WMx8gWMA/7K3W7xzcohiNbE/CgR0AJPCmwtsybtmTmwInArQdt2FvAcLZXjuyjSyppuLgtkzsBxCS/cbYJjHo5sJWadhdq3/auX1+R0D2iiB8BED4UwpC6hHCsViVDCCU4EgJ3C+e5BUWJ2wChOBFk2a+xTB5KFYMtq7K0jIQMjG9yzpVlIVOlRjVZ3PVA7Fc+RwgFPcDZ8yPIh4h2NlS9U8JCHsZCKfIvY5HZ7cuX9BewdtOb1JejG9OwrEtEgCKCjyrTBzZDiCkln6zvQsgJO9nZhPTOQJwP7A9AcLNqTgCdmGb9JJjp27lqS065Fqrmd8g3PTkI+dXy38aWqW84RECCGMAQgLFKIFhyXQITvII80iADYCwSDnYWp6lYyBkYno3B+gqPTpuMqKTOUb1ObuGeoSTu2pHJhmtnj9p4388IICYn4JQxUA4g3z1WvTHUiNybOUMni3qTv92AM22FPAGYRDdrqSBJ+HpkJpkQQK/bWnUKBh3ZIhGwAS3kdq3b+Lfp088T2jSa1CbvoyaeG/kfVIYJsBNbwk44e8Htma+6d6mrjq+6WPIs37+pgNM8QjL5Ni/RoWj5QSEaQBCAF2pnFoUvMUoiSgtuVGIm9xG4dqJk5zcYhmAUA0gNDIQMjG92yA8YQYQ5mYBCLUAQumUztrhhNH7bwFCPwPhTeo7zCFviYB864Wkni3Cr4Z2yPHYtsU4uj0Zj+yE47YToLIj+a29twkgEYhlJuz2IDgBwonnypgRerPZdC+RLpnC3w2DZ+vdoXvFvf+pRb6m+fv9iyB8OgFC+A7XJkC4OhWTdAoRhDJqBIbjIBRhSCJKpRSEJML0TJF6oJXtETIxvftqLc1CreUAwjzNTSCcbHOBkCyL+m/sET7K9ggRutCsR94WDnn28R/s3q7/tn+L+tqlrcn40tbHAYQpeHhnBg7sTMKRnU8AjNKmeF1hAqtxS0ArlIAWBeA4yGpvxxKvMfl5ptuU158bhOMW2C7B3u36f3Xs0D/mq52/uYRTgmUAhAHqESoAhGmJpVHZNBAmUikS6RNhACHJIwwVS8jS6ABAkIGQiendFoka7ViTpTqbr74YmQRCujxaMK2x6KwglOMAXOCnS5QsfSIh13oBdVQZFrk28VVndyjDka0peHTbEhzdtgwHAGojO+GYbk/D8e1JCTAllh4ne24JEE2xmyCV9rbtpueZ9jpzvYfZQEhA3btD5fDU8ct8dfN3ItRdwSP3piffByD8WQg8wMAaAkEZ9Qij5RIchd8RI8ukdHmUgLBEiiPgAYZowj38f4ECB+B3F0pUA+0MhExM774cRQbUWWKQnMlTnY5MXgrNF/urjdtkCE4HYZAkEpdm4v4SxX+eWv30+53l93dCvW+fHv3uCzrUWcM901ut6SHpBiO1SQC/FDxCIFgrx8EdShzdKsHxrbPv9REITVmarE2/4dVRzw6gVpv69o3+Xfqk55m2DzjX0upsgTTwGS7ukAe8dfyTvp0C+h8kmZffradCQKcqn3rsXLnyP8IAvsBqgNwqKQVhZJVEXB6lQJTQdIpxz5BYqEROr5VxEJ4vUp9zrjYo3KtZAQompndViRJryadzlZ4JT3B8efQWQRgqITPfDNxbqvzdGyVPfbi96P69sF1lHHJvF5Bri5DUVaP/zchW8Bi2peLhnWlgmdi/U0JhFiVBJ9vg/nbJW+znTfYGxyGVnjAYfGtTbsPSEn8Pz7UzfdJy6e2DkHyewNa0Kz3bVKXnNqYg3zxtx9S5zoDe2PDkh86sUv2WgC+4VkoBGFmdDLeZFILx8kyAYCaFYWwSDIMAwkAxPJb0IwQQnitQ+DylQmpXCVtBYWJ6d0Fo41GHjf90X67yBF3+nIganQ5C+awgJBU1YnDh95So//THfOPHThXcv3uE3fUc8u3i3t+3Tf/K8DbN1TCAJkSCYraJy4fR7Wl4dNsyPLp9KQ7sTAUvUQTjLQW6wPNE625YrC5twqJTLJXexuawyc9DnveWg21mBSE87/YU3LNT++IbB556oKtlfuYTtq/m0Wtrsj7WX6b8UwSgF1pHvEH4DgkIV2cACDOngJAukxIQAhBJ3mGgWEpzcQMweYTJ54l2uPbcVranzsT07i6N2vXoDbPug1129W/ChYqbPL8pNlEtQ0Y3/UkEHNn7GC2R0JmwZ5Wu9fV8/WdaC/S0Zc39Js82Dh3fzj3Qs5WrGtyhjIZ3wEBZS/bkUifSDshtDH6OgmdGljpDO8HrA29xTqu72SIAu9EdyfS5CGyD9ak4uCuZmr8+DQfp41LnsJmf963ey6zeKpi/Toa7d2lfc+wyfMrVMP+8HNJ9oq1Uj14v4T7TvUrdFl4txdE14AWuhuMPt1EAYZR4h6ukN6xctDBYiNQmLVEBDGHyCEDsylH/6nULa8PExPTuL/XkcehVC/+oL1f3C7FNzGwQnJQgDBcxBSHckqi4sRIy85VjT5nOc8qmT+6w6GkT0/tJJ0uXI8/LPOqsNRi6a/Vd/lppYjkT4EFAOKOHl1iaBDCFZrHZQEZBuHMZwAm8ynoZBeHoziU4Dr8L7JSCSWb921t9jRlfd8oe5uRgnXTwbhW4v1Y15Nys5Z1b1cg9z4KmPBv0yFGkRW3F2pTetSpvGEAXWw0gXJOGA2ulFIhkmTRMgmcoCOG6gVtiIeI9ws+RMjUOlAJA4drx5un/9fcm/pFO1piXiendVUeegF6zLX9PV6H+nwO3CMIIndGK0XBk72MUbuOlctxXyl905Bl4l9Vw33Wo99VxyFun+0xvnfbfLtZraECMGASTemM/bgoAb4AwNBcI64mBN7YrTbxNWAR+H2kA6DWm4JEm+LkhGV/Z+QRYErwGfE87ZeLfTn6OGW0S6OpvBYTpU2xywE24ToIHt8mu9lTrq/BXNci7ZX5Nhsg57cnjkauIN5xdKx+MrIEJ4GrwANek48C6cRCK4CMwnLDyGyCMAgiJZxiGCaS7RP/j39qzHu7MZ3uETEzvqpyFAvpT8YoHuwv1fzNSqJx7WXS8XFSxGBY+ni8VLyZAlOCzq7QxZ5nhG65VBuQovn8u7u4GPXI16h/sqePqgjvSLpPlSn+tgiasR8nS5Vvs+0321G6AS7TIrvSp1jB+mwEQlOAYAPBS/efgNgmAqABT4eiuTByvT4HHpU1YtGHy86TdZFF6m/i/+qnvYeK91M0VnEOWe9NxbLsUX9jI/dxZwT/WVT2/Ksw4SwREPpNnPf+1ixtk0cjaTBwioIPbwFq4FgCIZL9wAobjQEx4hMFycp2oEvuFCuwuF/72tXLjg65VDIRMTO/uLHcDj3qbvrHQk6c7dHEaCCcHxExuLUOWRCcnDsdK5DSHaqBcdcVVwBd5CmHWvO7+2Pfo2sahP+3NQs5dwjN9deq+S9sW48vbluBQrUyMDqUpC2kJE+9P8ap2pk3y2FJvglMMgDeTRRtg8K1T4bGdyfjqzsfxUKP0et+hpwYuvvTFYKgpBY/tWjLpudLh8RnUxL9Nn/j95P8bt5lAOWE7U2YxEYSXAPwj29R93jqDrKcBPKhN82dlwFGsR52rwIq5vKE1mZejAMDwWjkOrZWARyjHcfAIxT1C2YTdAKIUB8oycLxQLME2UgQgzNMf6q//6sL7bfWEiemuE9n3+J8vKpAjR19zoVD15luCkCyNltzIjRqvqRiDAWB4lfS6u0i7rSO5fl7Xm5yAYBOHvPVgDfzjvh3q/3ce4BfbARCqTaIpCnTJEABBQTHJe4rC7yZHe04G1mRAiZ5cxoxGgBaphwG2QYEvNCqudDdqf+nbb/hhz27BH24mIFx6E+xik0A41SY/983vYcr7AVjfsJQpP5OlXvL5/bUpV7vqNOtOb8tA3nnUjcIDk7veY48id6l2U2Bt2puj61JxEDxBsizqXy+nHmFsLhCuSsNjxTJamPtisepqe4F+/T9/haPXIBMT07soV7UOdeTzqDOfy7lYpLo8JwiLxSLCk5dFaRkpUnF/VQYOwkDgLdN+52Th5x90r5v/yz2eOhjEag0Puuv1dUN1aZdC4NVdbNDicB0BQhIO7ASvrT4JgLds9nSGenHZMrrrBpgmA2jc+7sBMdHi8P9jjUm4v1ETaas3HPW08IK3Ufj1UJOSAirekDrNI0y/CaTjz3uzRzgTDBMe6i6A+K6UhN24H4X7gToY7OuTcaRuCT6zSfl/Tm166j2e6vnj7ZBzujXv8w96Vum+E1mfikfXJAMEZQBBGR5Zr6B7hDd5hKsnwXBNBr5UAo8rURIQjrXn8+ZTBQK9BpmYmN5ltRcKqKNIeHagQB0KAuxGytQ4VqgCk9IKGLR9TJEIQFpRnzQgJVYuGik6HF4LA+iqdNxVxP3rqwXGRzvz5/dyj7uYQ+4GHXJWcVlnt8l74ruW4NDOZDy0S4lDAMIoeIEkhSFEvKZdyRQUNyxtqk3xzm78HAOYxRqTcbApE4ebyDLpMrifgQNgY41L8ECDLOau45td27IedTcJXzndpA+GGjPhOVPo84QbEwb3I43TLT1hU39/A5jps3iiaeL7ou8TPktDyoQRWPrrMnEQ4D+8Werz7RQySV7lvFkazePQiRzhMc8a7t+HNshxeF0GWCa9Da2F406ugTXw8xoJ9QDHLURNIhbmLlXjMIBwqEQZcpfxX/CtZsuiTEx3h2djhlmpXZBczFH2BwF0QwDCsTwNjhVI8XCZhHbbjhffqKofKYNBgFhi1hstg8EfBoH46gzcX8D98ZSN/4TTOn+XRr0r9cgF3mDnVv4jnq3c/xckS4LgBU2JriT7frvEvb/ILhLhmTJhIuxuxeDvmpJxqDkFh5sBpuABkv2/QHMaHmrKuOzdxR1pr13xfmez9gF3o/D8QJMa/j89AcBUuP/2jfxtbIZl2Bse6bT3N/GZiBeaAuCH86I+HftrJVfctXxF+4kvIlfp/Bjs3cXwvZfoH+9Zx7ddqNLh4HoJwA/gthaOwdp0GjQjWga9Da2R3rDVJMIUjk+pjvYwHCiQn/UWc6quQo4NQExMd4MItABenzqbpzpJPEBS/ulSgRJAqMAjpSRARoFjU0AoE0FYnlgCKlPAxZ5Jq2qcKRFOdxQalZ35xnl7vLrBE2zdoVvg3syvO12vjgdg4Cf7fpPTEKbu+d0eCInHFmjOxPHGZTjaBBBsTsWjzYvxSHPmNV8T99feRuETnjoBObcJn/TW6f8Qoh4eDLbgQRIg3hYIm2YP0JkLhKJlULsEnnCwQYZ9ddx/dFbyH3FVzo/B3lMiIM8qnju7Tjvor4DJ33qY/K1JBYPvaq2EAm9WEK4Rq8+ESkj6hAqfLVGdbM/hP+20MRAyMd0dIIQL/FSJ8bGzpbpfjpDUiGIJHiuU4ggpBVWsBhAqp+wLTgdhlIAQBgKyP3Kh3BhrKzR841hBFvJWzr+LPPasHrVtyUKubVmyvlpdux+gFyL7ZPXpN6UrTF5mnArC1Buwm75s2XDDiHcWaMnAQQAggWC0OQkAk4T7W9S/7dojpHQdBAjuEJBjp0FzZpfq3FjD53AMoOlvkcDf3C4IU6fCrnGaTQb1FBCK8CPLt1fqkuG9Z+KL9Sp/d63wpZ4tRtTVeG+fC74dSuRdxSNPuf5rw+vV0dgGKY4D8EYBgjGyJLoWYLdW9hYghGNcqsQBsL413H+eLDa831HEUieYmO6Oi3wtj3zVKxZ1Feq+P1ikwqMF4IUUwcVbBBAs1uNIiXJKusTE/iCNihMThsleCMmhGi7XvulZbax7batmgWvN/LvIOxo41NrMP9ZTp//B8E7pdX8DCRZJwqO7km+AsCF92pJi+hTATTECv6ZJ1piaAIwImWhTMh7cDZ75bphotCThs42yPncD/+yJbRrk28mhE/UG1LlL+OqFBlnkauOncKxpGR5pkVEQRgCekea0t7TpILzx+qlT31vTzbC+8TnScbAR4NC4BF+uSwEQkkIB6bh3m+6l1vqsh7y77u3lUfdqAeGfcah7FbfZv05+LV4hwaMbJDi2LhNASPYFpW/hEZLlUZJ3KMeBMiXuKuVfca3mH/SwPUImprvEIyzQo99W8OhUIV9ztpR/M16YjsMlGXikRIMjRTrwBjNpwvysIKRRceAZriEJw1LsK9H/31dzDA+T4IJ5tSS6i0M/2f0cctYbsk/XygOR+mTsJ0uXdH8seUqkZawhfUq6QngOD2wylMjSZHj8900peBRA6N8jARBK8bkWxZinkdvSs8+4qKuFp5VOTr3CIVeDUD7QlH75SuMncQRgOQzQDLXA89C9xbc2+l7IbeJ+eLLNAc3pRiAZb0yGiQF4SCTZHyYHZ7bKPY6NvNRRrQdv6t4d9DvzePSn54SHulfxPwxWyHG0Aq4JAGGU7BOuI3uFEro8KkJwFhCCBdfIcbBMc82dz1edXZWFXEUsdYKJ6e4A4SoBnbAL6FS+4es9xfpwrDgDBwF8w6VaHCvSAPxSAH5pE3mD4yAMr1KIATPUG4RbuNAvlWXg/tWqP7RVCZ9wVc2j0PkNRuRt5JFnl/DZ07v0vx5uAK+L7Kc1plAvjnhAkyvATI22fAuAzOapgUVb0vHlpscBuKnY28D9m2un8Al3nTjB8FQK6HzbM/C+jFsHd0vfHGv+HA7uTgVoZtwyBG+21Fv2Hqcb3cuEz+pvhnOjESZNjUk4WJ98radWvfUQ/k/ka7l3zwdfKY9cJcIne8u53wcrZTgEHmEYYBipIDAkEaPEM4Tvfg4QkuT7AKlCUyqPeYv02X3FWsSWRpmY7hKRvbxWix6dtHEZ3UXqnniRROw6X6oQcwTLwLsBwEVpqsSNtIlwwiMkEBwlP69W4NgaCT67TnHh1GpOf2oNeC2btfPiGHW1cKh/v3Khu1moHG6Uj5EoyUAz8frAiyIRmo03L3lGEykKZK9vJk9Q9LhSE0uYN1sAPLuRvTJ8pemz+GJjxjlvi+HzXS8+iXp26iZAiLECdTUJ24Z2S66HwRv0706j3mCoJZVGmt6aTYXhbO+HvNfJ3uLUz5RC9yfJhGC4BSDQmCnuN8LvzjcqX/fW6Rd3N2iRp+Te61U59I9PoLbVHGor5/SnKzQXw1Xg2QEAQ5XgBYIR7zC2PoPaVI9QMsnIZFFO0ysuFCv6O/O1Mle+BnkqWLAME9Pd4e1U6VBbCY+OlRo/2l2seDVKS6mBN1iejoOrYUArleN4iWxKovBki8IFfqUMLvy1KppYPLA+47KzQlvqqUpBznmwT9jTrEPOOvAI6vlUTxN/PNyUSQtcE9gFiPdDlwWT3yIQJWXCbvLCWqZaKGGB3el4cI+U7g32NKq/79q9/D3du28spXkrwCP81jLUVaetGG7JuOaHxwdbyJIqWepMh+dIuk1LmdHCLckzLKtOtumfmewbpuOhXRmXeneoVoUaPot82+49r9C5WkDOSglyVuhKBqpkl6OVmeLS6Ax2A4TTjLRpKpPiUbCeIs1rxwuNnyD5u0xMTHeRPOUccq4zPuwt0PyQFN+OFKtpOkSALHuWSgGE0llBSJZGacFhsvwDNrI+HbvWar5z/BsrHnTOg31CX50eudZrF7l3GZr6W7jLMfAAL+0CYDRKsL9ZDl5PCtjcIJxzj24W8BCoBfak44EW6VB3s+7p3sNqdFx+w6PybuBQ114F8tVqcwaaJGPB3fAedi/DUerlpc4Ju/DuWWxOEN7CXuNkS3jKpABAd73ql45aw8fJsm73xnvLK3Tlgzf4TeHBztX6l4fAG5wNgnOCkCTcr5ZgkqfrzdP+paNgxXvcBQyETEx3lRxFHHJYdaijgK85X6K5FitR0BlskPRVKxM7bM8KwjUSHNiQBjDMwJfK03BonQT3rOL/1J4vfNpReO/vE3ZWGZBzs0HRv4PzkL2vsbokHIcBPtgkB49QLlZZaUyZMyWBLivOBpFZwZMEMEzDvY3aHzsahEe7mqceS9Lz0V2vQe5duicvtCj84d1LAGZLaaRpBGB4WyAEmM72fkItc+8tzvj5AYZBuD23Sxbz7NQVdB2WI2fJvVVSzFMOHmGp4VM9a7k/BCtktw3CyOpMPFCuueYs5qt6V+uQs5BFjDIx3VUiXSiO5XDoZD7/TM8q/RDxAEnuYKhckdgbnN0jJBf6UFUajgMIr5al0Zyqs2uEIcda4SnHah65193DQRKkqPYu7j3ueuGFkQb5m5frl+FL9ctoJGgAQEhgKFaASaERljPb3B5heHfqjBbZnUL222K+Bp3Ft1OJunff7F237RRQW50xo3+3tie6ezEFYQSek+Qczg67qRbaPRmSybO+n3DLW3yOSUun05dKSb/E042a/3LvNX6se/+9cz54awXUWaxDnau55efWaQbiFcQjJPuC0oRJpsJwXSaNIo2suxmKoTVpuG8VP9KWLzzTmiMgTyUDIRPTXaf2HAM6aTc87iviTsaKMnC0WIGD5RocK080IJ3VI8zEARJGDp7hZfAISRrF0Drlm5513I4c9HmY+d6by6O+MvCQ68EbrBMMvQ2a/hh4gaSrA02VIJGgjTC4NWUkPL6U27dZwBPanY7PtyhO+Zq5x3v2gAfx9ZuXFL07wZPfbvxwd7P2VzHiEe4lz5eB4wC1yN7kW7KbPMLZQLj7rYA+vryafNNSabwhCQ80KWKeRq4Io58g37Z745xwb9CjwVeUyLVRv2moSnltdAoEZwKhZMKmgpA0783AvjL+VGuB4YmOIgMbcJiY7sqLPpdHJy0r3ustVP59vDwZx4pVOFymBQiKm/2Tm41ODZYh+x8yGh5O9gqDazOxf0MqPr1G8c/Ooqz3e0vuTRA6NwiovTTrYdcO/UvDTRnXyT4gyfML0uRy4nUto0uQ/pZ0uoR5q+Cbnug+G3T8uyW4f6/uhfadyx/sapzZe/Dt4tHvt3zpgf49mpeje5bi4P4MHNwnx6N74P3tvTWL7EmesPCeuUE4NZ0idWYQEpuUikG9YloDNQWf2SX7nWuX8dPepntjf8xLGvFWCe/zVOj+v+GNUhzbcLsgTMMjG9Kwt1j3o3aT4VG3nXmDTEx3pRxlPMLZCPWWqbZGStPeJA1Eo6Ua6g3SElGTeqtRGNL8QSn1BGPlpN6oHEdg1ktypfyV6fjsWlWfq9yg9KzikbPs3rrwe2sE8LT0YLzu9E5VX4TU+gTPxt8io2XPCABJFRcRhBlvC4STUybIcmOIQiaZGr2/Jw3Hdi/DF/fKI90HuJW9R3TIN0uJMlKZ5MKLaah/n6o4tC/5SuggeOf7FDi+NxXHAHKzW+qE3eQh7kmdapNB2DI5nWLasuiUoJvkic9JQBgEqMcblmF/Q3K8u0Fd1rX+KOreeXdPkNybBNRTqUW+Sr3sfLWmy78FJn2Vc4MwQm7XZ+JYIsmeXDdBkmi/Ph0PrUu/7i3V1h166Ahy5DMQMjHdnUuBW/TIZeFJJ4onhwqVI7FVyfhyMVzsALnhtdIZEoRvlJMK08oa4s/B9Rl4eKMGn6kSrnVVCzUIw4C9/t668N07ONS2/ZlFnjrtgVDdMhxuIEt88Jmb02+qtkJ/R4A2ObqSgKAlWdxzuwkSN/bkArtJZGgajgL4YrsX49DeNBzYL8WX9jyBT+/Vdp5qzFrS3jT3MlrPQR759gnSi/ulvZH9KeARZoCnB5DblzSjRfe9xXLpvtQbRjzGKZBMumE3RZzOHGgjwnLck07C5+syX/fW80u6d+pQZ8vd6xl6K/QonC1DvRu0q8MV6ZeDNTDZq4JzoEoyxSKJdAp4DPw/TGIqUvElgGF8rQIgqMT+dTIchP8/t0Yb6Mzlv9BmJ814Wf4gE9PdC4BCAXUWGj7XW6g+PlqWgcdI2gR4hiSNIrh6WhHh8WUfsgy0LpOCMLo2HUc3gFdYqcQDVTzuq+B/3lmhe8y78d4pJeXZAhBsNqC2RmNGV4Ouk7Q/InU2w82SWSuujAeSTIHA7pRJ3t4sgSrgcQUBfgRQ8T1LcHh/Kh4BkJH9vp4m1U8djU++z9s09ySiazdMYJqzHulp0fwoSp7nALzfA+k4BlCcyd4WCKfb5MftudkLnC3/UCzhloqjcJyGmqWXu+q1Wz0blz/QtePuPS982/XIs1V4X88G9Y+D1QDAagWOVcO5Xj0LCDfAhKgSJiEVJLmeeIZw7ayTi50p4NroXq0/1lFqeNxZytImmJjuajmL9ejVAt1DvmL+e9EyFY0WJfVFSQWZm6rpj0fDkQt9negRxkh/tvUpdIkoVKXApzdo+tpKOWV7+b0xA3Zu1FCwnDskLHQ367dfaJZfIekIYiWV2UuPTYbgzQEwU/fP6H7cuIcFcAnvT6dwIjCMHEil+3yRvUm4t0lz4Hf7sxd2tcwNC1cJj5zf1iLPHi4nuDd19NJeAOrBzFlBON3mAmF0P0B6sk1aUo3uSbklEFIItogdNAIkt7AlHZ9rVHS4mvkUVwuHztXdnekU3ioOudbqNf2V6jPD1VocrcrEo9Vps3iE8J0BCIk3GIbHBROeI5kUkjZNodUy7F3Ff+v1Iv2D7nJWX5SJ6e72CFcLyFuyAjxDQ+7FUm6U5BHGSqU0hWJOECYKDkfXw2CwAQbYDWmYVOC4uEF9xVEkVGhxDXLl3P0w9FbxyN0oIEe98Ym+Ru0x0gcwQgf09DlrcFKPkACP3E6uFJMA4eSAlCmBKvvg78ELJBY9QH6G1wKP0L877Up3g2bVmYOpyLtxbo/QAce1ez8M2i2GJy60SE7E9y7D4QNptwzC6L5pBsCbMALDSTYZhOMwHLdI4vNTL5h+9vHjkEr3UCMASlIkINachANNaVcdDcKO9o26heO1U++q66CEQydWkDJ22s0DG2XXhqp1eKwyHcerUijoKADHbaLSDEAPzvsQ/G54oxwHq8EzrEzB8bXpeGCVZtRVaLC7ipbDOcY8Qiamu16ufAF15Aup3aW8J0QCYsoltLbobCCcSBgmy6PrxQGBzITJ4BCoVODu9dwvO9bxH3Ouu/sHANdGAZ2o1SDnDr5wsEE6Otb4BAze6dSziSQqtsxoLTOkGSRAGJkWwXkTTAA+xCsk8IruT6YgHNwjjXoadV9wN2iRe+1be0zeHQDwii8s9DXp6ocPSK5FqXeZMqNF5wRj6hQPkMAwMgcIp0KR5D7OHG1KQUhyG+EYkhzHaNNS3NOodTrqBJljl4COvy/r7gLhTpgM7TB8tKdG88vARhmOVMvxlSr4/gFuE55gtVS0BAhjFITwWatkeLhagcMAzth6gH6FAvvKOE9nHp/uymMQZGK6N5YH8zn0ei7/Hl85/w+hVZm0ckxotWKGYBkRgnRvkETJbcikUXSkEDEZKMjMmHqF1YqAo1L/xfatOuQpemezf+d6YdwWkNs7rZ4mPRkEP9BTr/o5CeyINS0B7yyTLvuRdInZk8lnSTcAOIiBK5NsOkQAQKED8Bp0Xy+ZQnFov2yoe79e13vg1pYN3RU8cuw2oPZdWZnn98g9o/uXwvOlzGgEhnN7iWmz2xwgJJ+NfNbInpuPQ2B3Gj2Gseal2E8ibElx8KaU6727dEdO1Rge8uy4e7xC304etVfqkHOL/su9W9QBf40SXwHP7hJ4g0ObVJjuF84IQvAYK+C7hMlfoEqN4+sleHRdKr5QrcHOCuPfd9i5Rx15LFqUiemeENkb6bcYkS9XKAsWy6+QYBj/WvmsHmGELokmIFgBniPMiIPVMvAGYSZdCY+BgaJ3neb5k6uefOidFuF25vDImcs//JpZ/cmfr5Qs/J1Ndcc+d3taFnLXAAg36Y3n66QDBIIEcv4WEYSiRzN7mbQ5ITgZJpNhuC+Fwi90EAZXgCHZJwzDYy4eVJzvPsjLeo/e+sDpa+LQn3Z+adGFPbKj0f3wPAdSqUUOJsHzJ09AkNxGJ9v+G3a7IIxSzzZNtL03p10EaVeMZBxvWYyHYGJB+itebvwMvtgg7fY0GLW+BgF1t9wdMPTWcMi15ckHPZvVz1/cKscjm1X4yoZlOF6Vigc2ayaBMAHDRAeKKFk6rYTzpEKFIxu0FITxDRn4TJV2rH2tUPa3ti8gTzUDIRPTvbE0uoZHHqsBOW2GjMFcoze4RoYHN6Ql0iRuLh1Fcgcn8qiIN0iBSIwMElI8WpWBL1bKvR3beEnnFhhkVj192+/tN19XoN98Q/Hh/35OXXHSzn32lIVDjrI7M4D2NOtR9+GnHujaqWkONqRfjzQl40BLOl3Oo8uiLclvUa9TTEifMfJyUjCKCD/R4gCsGIUWHMP9qTh0CF7zcBI+d1jW1X1QSOt74W2AcKceefaA7eaU5/dLvYFD8B0cBC/zyOfwyPMEtgBagGL4MHiLh5JmtgQwb8WTJEu6s6ddiKkXYoI+yY8UI0wju5fRaFoCykjjEji+abi/WfUDR5PhEd9dAEJX+dOoc6MBdVQaM3xb1I7oliQ8Vg3fUTUAvSYDB2vg/N+YIVp15pSgGZI6Ea5OxqNr9OAJqvHQxnRMehdeWKfpdpTwcncRh5xlbGmUiemekTtPQG02w3v7c7L+bmQ1eHjrU2ctKBxZPwmEpGHphkTD0vGkYxgwLmyUX3Wu5ba+9uWnF7hW3X7UXEeBDnXk6z7SXsT/2FEiFA7vkS/wbL0zA6izkUcdDcKnehs1r43SCjApFIRkT0sEYcocIByHoBjwMiXyclowymSYxPcvmwAh+Tl4GF7zSDI+d0Tm7T5oSO178e0NnF7SLmr9U4u692l2XzwgvRY5sATHD38OR44sxiNHYbA+nIrjB58AGC6bZkmiAQwjB1MmLHxwKgznCrS5Gf4pYsm3PbOkj+wR8yzPtMjPu5oNKzqbDain5d2NIHWt0aMBo2ThqS3Cpv463aX4lqUwkVuKQxsJAOGc3pg2IwjJNkAQfg7B7+PrVTi2QYGDAMKhKgXuXqf7UWeJ4X3uUpY7yMR0T8lZzKH+LTColvP5g2vko/HVaTN6g5NBSLxB6glOA2FwoxwPbZLjM+u1rzur9U94qgBmtbe3ROTeDB7gZv4jPZXq/+mu1PzasZX/tLvmnS83uasA/E0Ccu4SvnyuUeW/3LSYRouSju+xxN5gaC6PkEAwAYPoNCBEExGhMy9FAggPLJsEQvAKj6Tg84dvD4Qnd3waeZ7nkPuAkHb6kPREFCAY3/84wG8JHnwxDfuPpuJL+57AkUkQjEwxAOGhlAkLH5xk0957dNoS63QQRicDcVoCfnRvysQEYnhPJvY26MArND7iaXr3lg679oE3vUFP6os+4duke3VouwyPbobviHh21QqAoET0DGfxCGnn+io5jlem0/M+viEdX6iUjXau4Qq9h1XIWcCWRZmY7il1bedRe5kenVrFLz1Tom6PriLloqYBcK2YRC9Gio6DcByCkokSVCSKLrRRikc2po91b9Gt6jUuRb11t+cVejdpUWcN94GzNbJfD21WXOrZzq3p+nt+YfeBdzbb7t6jR779ukVdjdyhQJMEX2l4ggZ0iOH+S0UQ7k65GYJ7xvMCU6bk3k1OOYjQfbpJXtYkDyt6cBkYeBwHYfA8kEwhSDyzi4flPgrCF97+Ulr3Dg55SswLuw+pKoaOJI1dBq8wejADD79AwAceIrwOBd44/I4k3bDpIKSWnLAZlksnfS4K/MnpFomIUzpBmJQ+MqW2KW37lITPNsnPuZv5J12N+hm7bPxvyFetR+erpHCrKx7YrIhHtqTj+KZ0HKkh568SQJiJ43OBELy/UKUKR6vgOFeRiFEpPrNB1da+mlvqWK1H3s1sWZSJ6Z4TiXB7wyos8hby+4fWqK9HJnmEkXWTCgyvn1Z4eFItxggdJGQ4spFU5EjBZys1/+1YJ3zSvZ5HvuK3vwzW1aBDbfXCI6e3yX82ukWCz29Wn3TX81Lvdh3yvQMYAgCRp1H4ZH+T5tV4czK+3PQ5PNKSTgtqx5uXiPuDMyTGj6dDTPcCp6QgkKAVAAUJWAkdnOplRQ4tBQAtxcFD6RSKoaMEUkvx0GFlb+8hIb3/+dubMPTs51DXHv4T/fuUvwgflOLAYTUOH12GRw8vBqDBax2B9w7gI3bTMukE+Gawae9f/Ezi76PTUi+meIfTgmvGq9KIk4plOADe9+kW5Q8czVnvyl5hV7kOOSoNqG2D8eM9m7l/D23NwPHN8F63wLm+Cc7jTTDJqwEobkqje4XUJkAoped4qEoJXqEKfr8E7qfgoXXaN32ruP2OPG7RvVp4nonpvpdvPYdO5gioLU8w9q/SXQzfDghJaDkZMKqlMKtOxwNVsri7Ql90rmYZcm16+0tFXXs41HbwqYe6axV/F9uWgoNbMt/01mm/C4P+Y93NtwcN0i+xs0FAHXUG4UKT+uKV5ifAC1yCh/bKSWI7Hmt5XKwPOg2EEzmB+9LmBCEJMiFBMOMWnuRxRQ8BeI4soyCMHErCQeqVLcGDh5RnfAcN8u7Dt+dFOFYbkff7GuTbx33xzGHhfOCIHF8+tBjH4fWCR6eCcLJHGAYLHYb3eThpBpv63sn9yZ+LAP+WQTipRFtwDzwWbgebpBd8TdxTXc061Gn/3wVHF3iD/24FGG7jC0/v0ITD2+D7AI8wCiCMbYbPswkmM5vTcXBT5swgrJbBrZxWUwpVJ9Ggmd4N+gunioTlJ8s41F7CvEEmpntWrnweteVmvb+nRPez4ETUaOYkEEppTcXZQEiSjKPVaThQraApFcGaZNxVpfivziLjx1y30aHbU8+j15o//0DXNu23RmpT8dj2pfjcTlXAsVMo9lWoF7q3vH0YkrSDXzZ+HnU2GaoGW5RXx5o+S8E3uFeNR2YBIRnExyEY2z83CMPTQBg5nDphUeKBgUcYOAwwOCQCKHL4CXx2v2y4Y7eBb99jQK7K2wsg8e3mkave+HDPIW5P+HDS1WsHRG8wNAmCUw3e2xHxPQSnmQhH8t5TJt57+HDicyW8wrcDQjHlQlwyDeyF97Q/jaZYkAhSZ2PWe7v+l71CDwky2m78hG+b9peDOzKxf7sEB8AiAMLRzUlgMIHYkob9W6aBMDHJGzdSlDtYnU49wu713E9PrTG+v3MtgyAT073tFcLs3GFWgIehLxlarRiLrU2n7Zbi6+QAumS6DxJer5wEQUnCExTzqyKk7uJGCR6pVtLSVKPVy/DFmsyYc72uCGOEvOa3N+CREnDYTzqH6xsDO9Lwpdpl2L9Tgs816Lr6mvmvuCszF/S/zdqVJH/Ns3v5o2eaZf8UIG2GWpbSvavAbvAASHm03ctEANJODJNsUlCImCs4LaJyfyJv72DKjahMaskTFgUvMHqYRHQuwQGAUQyAEgMw9h9RBB17hK+ceNGIPOtuDwo9q7So9wUt6j7ALT57WPKryBF4X+ARxgC08SOLE94g/HwEfj78OIVc8HAGgJJ4psRzJEu1YEfE2/ARMQI1Sv8PwHVEzFEkwT5RcjtRmeYtKtZM8aBFGJKuG2S/9WKz9LS7waBzthhQu+p/ByCeXPH4uiuMBYOblZHgdvh84BEGtwLsthKvkCyRwncInmFos7g8Om7ifmGmaADFAKk8AyAMlGvirlyh4ML6LNRpZcuiTEz3vNrBK2zN5x/vLdK+EV2TiWOkByHAL1KZKjYqnQJC0ROcCCKoJiDMxMMbFbQ81aXqpTCrTseOLfo/nNrIP3Gi6u0NEqQ1TuuuTOTeoV0X2pF67VJdKg7Uwwy+UYq7moXXHbsM8pNbslDwr2890d61RYvaN/GfO9+U7gi3LJslRzBpCvxujpCcoZj1eFAJBeGyGY0sh5JgmZHnAYbPJ+H4oWQKpv4j8sveA0LFf73O0ZSI25W33oj8P0tCPQf1T545qnCHX1yG48+Dh3s0BQdeAE/9BfDsji4FGC9JgDFFhB/8TrRlE0Y81xgANAxeY2AchIeWUQvTpdFbL9021VsEEJIydPuS8FBL5pu+ZqGlq4lb1NX8vxNl2VrAodYy7vHuCuG/A9tlOLADjsHWNGrhhEW3pE0B4AQIa+BxNRk3Amg2wmeC8/xsKfdGZ47xcbeddaJnYpoX8q7mUNdXv7Sgs0y/PbhGfu1SGcx4qwBsFbJEu5lEQ9IZQBgFoUmSAABBS0lEQVSpEpdG/RulOACe4egmGPRgAOmr1V3q3Mht6d2ue8C9/daXM90VOnRyB4c6tnJfHdmRFo/thMG8QYZDdWn4dKPuumuX4d89LULSsY3LUfD7mrf+bNs45NoBXu92znChUTJ0I4DjbYJwBm9wAoJkX3BWEJJ9QgIl8AifJ/cBhIcex2dekGDPQf6wt4Z/wNfyzroV9B4SUP++Lyz0HtAWnn4hYyT8EoDt+XTsfykdj7yUgf0vwmD+PLwugC8OXl/oyNJJILxhwaNJ4LVmAADTE0ukyTTvMAi3waPiZ43tn5ZiMZEmMjsIxz1D4oUH96Tj000qh6+JS+9q5tDxz6n+vOc2fPev/7VhgW+Dvsq/SXrJvyMVvEHJbYOQFOX2V0mvdazS7/B8+dkFzrWs0wQT07wRCf/uKOEyLpSqvaNrMvBItQLgp8YxUmNxQ+qUZdHJIIxWi4MD8Qr9pHgxjbxLxcNbM3HfNo3DvckgcWw1oHNVt1hTs0qPOrcKqHOzIIzslI6E6mAw3wXvoRYG6l3peKBB+aavUfixa7dhcUezgLzNxrmXxTZxqPOQETl3GUqGWqRXZvUI99wqCEXPiEJwPDjmcNIcICT7hOk4+MJSGjEaJftvRx/HF8FT6zqg+2l3E/9Y7753vrTWs5dDPS3CI+5Duj0DL8gvxQBq8efh9cEICEdehO/lBfjd0SU0ujT0fMKmgJBUvcmke5mXANajB5+gS6PhRCpGmNyfpSrN9P3DyXuqoQMZ4D0DUBLRpIGmlCtdjdqN+H8Q6vozdrF3r+SQe5sBOaqMGRdq1Kdi2xbj4E6YCG2V0CXR6SCMbp4BhJvSJ3mD6ThWnYnPrNN6T1bwmSe3sCVRJqZ5JXexHr2xUruoq5Q/OLxecZ3kBkY2aGh6RKwydUqAzA0QSmkjU9q6BkAYrIGZ9mYY9EgU3mYCQ+k1Vz13tH2v4RFn863tBxEQdm/mkG8Tn3ahVtbt3wUeSn06vly3GI/VL8OX6pfikXrltb4d3I8dW7jFHXV65KucfYnNu5lHvbWfX+iu0x0cJo13d88GwZvLpk2tw0kGe1KVJVksUzaed3cosRc4Y3AKAQgA4BAMps8vBgCRqE0CpCdw4KUl+MILyo6eA/zivkN69Ke/Sn1H39/p3XDMDhtQ1wHjJ888r/378NGM61cOP4EvHf4sjr6wjHqGQQBiFGAYeTF5wsKTYXhkGf0slwCAVw58Fo8eXooDJPgGPudl+F3swFIKyZlsOggnAzFICo7TThepOL4vCY82P4H7mjW/c+0yfsrbzKNTGcv/LOe0bxNM7qq59/Rt0x+Obkq/Fq5djEO18D0CBCPbAWzb0qeAMJawKUDcTAJnRBiS6jND1crrvlX8oWPPCQ+6CxgImZjml0dYyCPHOiPqWG1U9VTouyMkZWKDgpaWCs8IQlKZXwYeoZQ2NI2Q5SOYPRMQEiODSRgGkt5a9YCzjv/af9UIqH/nrS0j+ephANvBf6hvh+J3fvAGIwSEtU/geH0yHtu1DI/VpWJ/vfyat47/aUedkBn5K92C2ZK0vTsF1F775CP9Dap/jbRk0J55M0EwOoM3ODVXMEX0jsZrdoKHFEpEgRKPaTYQho+k0cCTyEufBe8MBuLD8B5eXIZjLy7GgwflA94WXugCj9C96p0vsXU3aFH/iwLqOcClnT6o/6/w0czrV448gUeJV/gS8UrTcfT55JtASPYQw5P2DEcPP46j4DmOvKi4eu4lYWzokPz65b2fw6MkKnUWz1fcP5wdhCHwCOP7lop1WPek4MEWaczboC/07FShruY7v7x4fhWHfreLQ531/DMD25VnLm9agv074TvbDsdg280gjM0JQtEjDGyU4r6Nui7Pdl7dtYdH7kIGQiam+ecVVgjoVNWKh7rX6F6KrRYr6weqSUWNzBlBSHOrqklelZTWaIzWpNKoO/8mOQ5uAm8RZtJR+Llrq/7f25sMH++8Va+wgkfHqr/wYE+t6u+G68CLq0vBl+qW4DBAMdwIXmcTQLg+BY/skrzZW6f6o7eBe7qrecVCX/PNgQu+3QDVJsOHzzdL/zBKI0ZTpkBwcq5g5C1yBcchGDp0I/cuSNIRjswBQoBg6AUA7cufBk8QQHgEPsMLKTj+PHiFB+SXnc3GMt/zy5G3/s4EjrhhstH3o2eRZ59BCjD8JfEM40eT6Z5h9GgqhWLkhUkwJB5iYgk1BB6rH7zHEID6wkuSN/te0P1L7/NP/eXZ5w1jl8ELju9fMgsIk24BhOl4bM8T9Lj69ytwvGUZPtsg+ydHS9Zjvj8DCDv38jAB4j7hreV/HtqmwqPb4HPWwmfbARM1kjYxl0c4vl9IgLjlhkc4Ui3HPdXCK53Nhvd4alnKBBPTvFR3Cwyidh51lQjc4CpVX7QqGQeqMmjjUZoqMcluRI1K6ZJRpEYEIQlBD24iS6QAR5hNX9qcgge2aeKdO/mqi3s1pLHsW74PzwYevfptuN2hrR2ozbwe2ZmE47tgoN0FoAUQjrTA+2lMwWP1SwCK4HU2azyuBr68p0X/wZNVPBp85cZr+LZrkGur/omzjbLWKGmdlOiSMHk59EbJsNSJ4I9IIiqULIXS5dBDSVOKV4+DkP5MlkDBkxq3cMLEn1Mo+CLgAUZeIMBJowCKPk+8r3Tcf1D1Q9/erPfciX3Cie9xiw5dxCtR9z5ecfqA5j8GnpddC70EYCfe3tEk+h7CL6bg0EvLcPAleB8vLcGRl+Fzv0g8xmUU7v2HNcd8B3iVby+3uPeQ8OvQ4TSaE0kiSYnR5eCDYlRs8BB8LwdTE8eKlJUb3zMUjynpw0hAGNu7FI5zMoBQQrtTnNutIh7xF3z7BeS9g/ttPQ16dL5ev6hjB19ztlYVvwTAi4InGAYIBmvTKQwJCKfDkHqGcM6O1mTiwDYxlSIAIAxtgvN7owyf3qju92wXBO8W4c+6t8nExPRuL5Hm8ejUcysWOYp1e0eqUt8crYBBrlIpLpHOZNWZE6WpphgtXZWB4zCI+LdIcE+tzgOzaL6r3oC6t7+19+PexSFPA/eNi3WKGFkajTSk40sAvmhDGg40ywCAMMA2ic10/c2puK9JHXI0C99xN/GZ3kbhAd9B8TW89XrSjT69t0HRNbE/uOfmXMHItDxBMSI0WfT+Ds0eDEM9v6M3vKpIYs+NLDVGpntf0w28sYGj0jbfAePjvYc45PzynUsncK1To78jn38fn9xzSP/ds8+rQ6GXyRLtYhx8ORkMgAAWACiSvUM/gDHwUgoOviDB5w5o+rv28Ct9G7QLTrykJdVrvnnxkHKQeIwkepSkVpBk+9gECAEah1MmBQglT2npFCaBMnSPMJn2YyQRpMP7JPj8PjWGCcB3XHWGh331dwYs/Rt1qK0lCzl2CrxnF+/x12biS9sB9gC94Vo4j2szcGxb8gQIiY1HkBKLbM7E8Y1SgCJ4rpsleGiTDMfh/PZXSq+7K3WHOxsND7t2MAgyMc1r/f4fdKi1FGBYzmeeW6N1XiHpE+AVhm8DhFEYSGKbFTgKIIyCh3h6i+6nznr+Y55bmE37mjkCQ1n/LnVfqAGeBwA4Wp8kgrBJhoNNErBMgGEqjjctoW2ULjQrrvY3q05179GXupu4D/73955B7m0c6tjMS3vr5b3x3eCV7Um6qY3SdBBGp4Ew/DZBOGEvJs9pUbDhF2Uh3/PCV3q+xyNv3Z0dYLvrdajniIEUFPhg9xHj+v6jWvfgi+lvhl9ejOPgoV4+shRfgfd/+QiJMAU4vZSBew7xLneLwdZVr3+oew+PuvYIMCExPNp7WHjJfzj9ehT+huQZEhCGaaDMpMLdc4IwPQFCOGbgGYb2peGRAzLcu1/V7t7DJ3n3vvPPjpEBOesE5NzCf9RdL/zjuQYVjtYm4/h2mCzVyvHgTjV4helzgjCwTQrnqxRf3rQMD2+T45FNKny5chk+Xy3p6ljPKzrW61HfVpYywcQ07+Ut5tAfbLKFviLjtvBq1dXLG5JpBZm37RFSGGbisS1yPLolGY9syRjr3qTZ1PVy1gM9TXMPJh6AQmct9yFPk/DLoRYFgDAFjzYAPBqIdwjP3ZgBQJRTIMYbYEBv+Ay+0rQYRwGMZ1o0QWeT8f+46w1PdTUJj3qaOOF0s/xsZPfSBAind0+YHYTinuAsqRGzgXBaZObEXtw0IxGcgRfTse+oZm/P+mcWef9MngYJJOrZrV/kaTGou/brD5x+Xt158XlJJPxCypskkjX0guTqwCHdxf5Duh95DnAG91phoadWfC+nPgEe4csG5N0vKM4fkDkJACM0D5Hsj6ZQT5B22Di0bG4Q0sbEACUAYWwvfE9wS475+f2yuGMvX/Ta3z2JPJvfmUfsagSvukX/oLOWrzm3SxML7ViGR3fAd16bhgdr1XigTosjAML4NBCS5dFxEPq3i0uko5sy8cB2DY5thHOvKu3N3i3qvW11yx/0sSVRJqb7R615BnSyUFh6eo3ujTFSZq0SBoiZPMPpICTpE1syqUVJm5utMLPeocLDtVI8un0JPl8r73PWC0+3HTIi3+bZYeiu5FF3hfYBZ4Nh/7kmDQVhrAFgBRAcbUiiUAw0y+l+YbhJ/F28MQnHmgC4LZn4zF7d9f4mxdnefbq/HvjWM98aOqgOj+yB9z8pKCY6Q4rEFBDOkCgfmShknSwWtibdJKaD8C08wckeYQhg2PeC7E++/YbPkOXRP6f6DhhRd3PWQ669Wct8B/hv+p7nalyHdDu7D3OrfXuMvKfF+FjXPypQZ83TU0EKg3/vjqwHfHu47ecPaS6FAYDkcwaOpuIgWOzQErDFs4KQtKkKH0jkYu5LptGjYgRpEh45mIkBvj9xNRoe69l/+yB0rhLQsb/So86dwlPeenV3pC4ZX9nxOB6tXYaDtZl4aCecgzuVdJ8wui3tJhCOe4ZhgGR0awoe2qzDQ1vVeBTO7QsVqhPutfpk71odGxiYmO4n+dbqUcVX34d8ZYY1gxW60RD1CDPfFghpFN7WJHymXomHtsOgsj0JD9WlY+8O7X+Dx7GsaweP3I0zw9C3S49O1BpQ207B1N+oiRHwxcAbjDZk4ku7YCAF8BFvcKQFvMJmGMyaU2lLJf9uCfxM6lqm4UvNn8PDu9OvDx7UXQ3ty8SB/fC4/em3DMLIDCCcUsD6aErCkm8JhOHp9hLYy0vxwItpQd9h7stdf8khV87dt+zmreGQ94iAPLv5xd79ht8NH5XB519MvcLA86RgQBL1CmcD4Y3qM+Nd75MnLAJe4oV9yjO+Rl5LgrVu5/N76wXUfUCLvC1csm+n9lcDu+Q4RrzB7fBeagHWOzOwHywEQJwMwMkQHAdhdAt8li3J+OJW/fXQFoDnFvmYZ71ubQbCyFHIyqkxMd1Xcq3SIhdpX7TO8PHuSt2/+SsSJdWqpbcMQmKBrVIcIlF7cD+4VUYj9gbqlNe6dgjfc23m3++ZJbfQXa5HzkYeddQLKf1NKlccQEiWRGMNEjy2Kwm8wBQcAPAFW9JoY91482LaZHdkN7z+bhhs9yThq42fpEW1B/fKcGz3ElrrcnqH9dsDoQhB0RtMudkjfGE6/OD5XkoRwfdSyoQF4efQy0twEP7fd1h7oHPdUw947tJAjK56DlBA0hIMZeePKKO0iPfRxTRwJkRqkk6qrkPbOM1QlzQ64R2KwTPEyFJpuCXlale9dtPJXXXIextLj+5aPXLX8O/37dJ+b7hBem20Ac7DnekUfIGdcP7B5IvsFUZ3wHHfkQnnoPQGDLdN3SuMJKJHQ3DehmtkuHez9j87avlPuGo51Mk8Qiam+0/dAKkLuVrUV6n/8sAG1UWSO0hSJUgSfaxKTDIOVcsmgTA9sTcoQpCUshrZLseXNqXi+FaYmcP9CAwwARh0zteqo13buPXuo9wib/PNg19nUSrqagCPsWH5I70Nmv8boR4gPCfAkECReH0EgqSzPKlUMtoMAzMtn5ZMUyRCLSk43rIE+8EzHN4jwbE94nKc6ImkTEqXmGST0yUO3iidFplk4yAMH02lFgEIhI5mANTgfQAYLh1egkMAP/+LGTj6wlIcoekJSWDJ1MIvE/iJtyR6M/AtgMTLKfjci5ITvv3cE72H+bvyXPgdMiCS+O9pET7dv1/5G7InGHxxGR5+Cb4DslQ6XoaNNv5Nosdv/FjS4zpelxVASAJniInVZlJoLueZJsV/enYLH+t6m93rPbt41L7XsMhdx68d3iUJX965GEdIkfZ6BXiCUhysy6R1aqM7knBsezJdGg3UihOy6HZyXsLxJ57gZgmObkoYSaOA31/cpLzYUy185fy2LOTbwCDIxHTfyl0MXlke/x5vuXBgqFJ1NVwFg1hNJq0aE9pEWtLIEyBMv8kbDG/NmKjnOH0ZKgiz8t5d3FlXneGbnTIlctbMkAzfxKFz29LAG9GW+htSL/mb0nGgIR3HGmFgBRASIyAMNyfTfoIzFdIW0yXGO82n0H0pUi/0pg4Ss+0JTlkOTRK9wCOpEyAkFjoqwYFXYPB8YRm+dhA8vJeT8MC3lLR6TOTlz8LPS8GWifYtgOK3khO2DPu/DcfzlRQ8/K2U0Z7n9SUD/61Cnq13JwxJBRi8F25bdGX+w9LREYAgAaG4byoepxmja2nAUaIu68EUMdfwgLhEGqJL1Wl4ZG/mgK+FM3Yf0CH3mlv7/F1NPCKtvjp3Gr/S28z3jdUn4yu1cPwb5TgAFiMA3AmTldr0hME5WJtB9wwDcBvfnoTHti0F6KXSSNHoJvibTaQOaTIe2Cl/07GZO9SRzz/sWMMCZJiY7mt1/aMetRYKqLVcSO5ep381tkGKR7Ym4XM7YWZNwDfZG5wOwi03QtOng5AsUQ3vlOPzW9Udvjq90FOjRV27ps66XfkC6mrUIe8uLvPMLrkn1JRCA2OiTZNBmCrCcPfsIIxMgDD1tkEYotVZkm7kB5Ll0ISNAgT8L2dcv/ht/urYUembkZeX4MFvKcADBA/0WwDCby2lcKQ2DsJXiFcIAHk5FWCYgke+nYp7XtT9i2+34UPdB+7egbfnoA51HeA+e/YF5R9IebbgC0k0bzKaqLc6W+WZ6SCMJUAYJl0rwEP375Nc9TYbNv2CTIBuIafQt1OPXC068Ag5bd8uzfGhJjkeaVLjwC4FjteDd16XnABh2gQEx0EY3k7OQ5Jkn0bTKfxwf3gHMTFYxg/3XTt0f+qsFVIcdTxym5g3yMR038u1mkdvrv4qcpcb7IMbVMHQpqX4fK0Ej2wis+iktwRheFJtx3EQkkofl7eQslcp+PQu9a+7tgtJfTsE5Ns6dRD07uBR++blD/sadX8ZaiQl0uA5mpLvGAijtwhCmkj+fCrt2BB+nsCQ2BJ6e+nIE/jikcxo//e/+OvwK5rI6Iufw8MvS7EfgBf51udw8JWlIgzBQq8sA0uitxH4/7EXkwCEMPh+Ow2f/XbmoPew/lnf99Q0avbu9Ao5hAcR6jukqggeSb4SfWEJbd9E2jaJRcbfHghJdZ/4niQc2JuBu/cZ/s3dJHzI1zJ3+TLy/85GI3I1G5f1tnD/EWpKwvGGxXioWYuHGjk8tjMJX65bMisII9vS6PkXrIVJ3U4FAJCsUMB3uwPOlx2L8YUdGf72et7SjT+NHCU8GwCYmJhEedZzyLmBf6ynSvP9yAb59ViVglbeiAIUZwNhZOtU+E02MhBd2gKDY10GvlCrerO/lv9x127jZ7tqpy6Reqt55NylRo6dOtPFBlk02JSOw43JNJE+/BYgHAfgBAT3ztBl/oA4MNMAj2kgjExaEiVpAv4XUigIIzD40/2/F5fR9Ifw8yn4/BHlvzsOCkWDL0sDYy88AR5iGgVheAJ+S2/Yt0WLgHc4Ssqcwf8HXknFw99dirte1OzzFD/zQHfT3esVdu3jkXe3kDJwJLOT5EMGD6dPpJNEqE3rwHFkUuL9QXHSMfEd7BNBGNojwaf3c2e8u3ld1xHwwjbODiBPC7x+I/exrhb+b862qK7Fmxbjyw2fo6k14XGPsH6qRxjdeQOGEYAe8QQJBEdqlQBGOBc3w3exGX63TX69d6vyL93Vxse8NQyCTExM0z3DAgG5ynnJxTVc22ilGgdh4AhvTpoThDNBkBopfgyDkn+7Eg/vkuOhesnV0zu0rzh38R8i5dUmy1krIMcOw2e6dun/NEKqyQAIQ7cCwr3JUyE4GwgPzQzC6BQQptDGuqR+KOnpR1obhV9KxUMvS/DZl9QX+w5xX3Qe0q8ceCk9TvoABr61TPQAX142CYTwN9+G+9++cUuAGPvW4zj8SjIOfGcJPv2y7FXXHsOnvYc55Cm/OyuYdNVyqGvz5xf1HVXuG3kh83r4cBpdIo7SSNqETYFh8sQxHgdhdBIISam74H4JHtkrvdrTpKm41PwZ5Ns180TA1wCvvYt7v7ue33dul3KU7hvDORCHc+JqHfEE02iKTQRsNhCGa9Pg3BNBGNwho1VkrtaQPoUa3L9NOOHdycl8dRz6OZKzi56JiWmqOgo59JePP7XAU6kvOLdREYhsIfUYxXZLbxuENGAGBqQdEuyvJ62WwCPaIR311utafI38+7omDYQ9LXp0os6wwN3IN440S65H/xdAOD1IJkSqqMAATwpXjx0FeL2YigMvZ+IL31Jf735B/4q3bsXDPUdU6/wvLL0aIR3hX16C4y99Dm6TJoBHYBhOQJBY4DtJ4AUuw5de+gz1Dv3fysQD35IGuo/ovtz/XSXyNd2dHomvSY+6X9Qj3xHecOGo7PzY0XFvcByCyW8JwvHjH98P3+W+TOzfL4P7KfjMbuXfOVueei+JGL7JE2zkwQyP+Op1OwYaZJFoQyoONsJkpBkmVQDEsfo0fKmOVB6SUJsNhFHqEaZREBLP8NKWx2FiloK7a/UDru2C9aJWghz5rLsEExPTLHJv4pBzS9b7ujYrXhzalH41sAVm5KTjBEme3yTBYzVSCkA/ycsilf3nACENZ98J0IJBKrhTgkO7UvGFXfJw9y7t9p5DwiM9kzoy9IMn0FPHcRcaFWejzSIIQyR9ooUEziTR1AkCv9DulJv6DE5AcFphbZrXdvAGCMVOEgmP8AhZGp28PEo6y8Pfv7AEx0jQzIsZOPBSBj79gqq75xCvi//so+js8/KWyItP4CD8X+jlxXj0xcdxELzG0CQvkNp34HnBAt9NwiMAwivwuMjLSwGEchz4dsb1nhdVtf+Avktz9+5Wde8RkGv304+de17+kzjpakFzKxOWWB4VjUwqbl4aHU+yj9N0lkwcOCCldUhP71G0OXYbnvAdAI+46gaMfM0C6moxPgKToZozjdKRsYbP4dEGsftIkJwLZMkc4BfdBdYAsNsF5yOAMVon5hSO3xIoxgF6MYDhyE45XSa9svVxfLE246qjVr/f1WB8r6ueLYkyMTHNNQBu51HrBg61VfKLfdW63wS2wWx+G3hztRIc3yjH1ypkOLw1HV+sA1Bsl9JGqKEdopHZ98Q+DbV0WgcyuoMkPMP/15EZPnhZDZJg1y5NTWfL8ofdMADi98JAuJFD7VVZj/TUaf4uBJ5gaHcyDuxOpXmD0Rbw0JqX4CBAcWQ3vBbtLpHoOE87TKRM6i84HYI3vEDSoX2iW3vCxqNE44dJH0HwJF5+HIdeTMf+lyQAwtTrpw+pD7gbn130i425C888rzlKEuiDL6fiKDwu+hKAgOTZTYbgZPvuYhz+3uN47GWAw3c/CwZe5reT8dmX5T/yNj79SPfuu3dA7oKJyes/yESOA9qS4cPpo5cPL6HHKTzt+FEjxzURMDNRoPvADc/wMkxSIvvT8cgBCT63Tx7uOaD72pkXtMi7W4+6NqmQp9mAvI2G97oauY19zcqRaPNSfLllMXzn8HfN6WLgVFMarUNLirJHGuD7BW8xAjAkQCS35NwaN3q+kRUJ8B5j2+E9bE7HvZtVv+rYyi9u38KhC1uV7EJnYmKaW54yAb3+0wzk2MQ907NV1RPeLMHhbSrs36IUy1SR0lYkUGarEjzCzDlAmFiqqhVBGIGBKbALANoMA+Iu6YivQVfp2rv8PQSGrmIeeY5qSVullQNNknAUPEDqBZKO8ySJHrzCUHMKrS4z0WbpLUBIIxgnVUShA/Y0GI6DMHYkg/YVDHxriVg55oV0fO4lxemuA3p990E9enXHlx84/bzupQh4gCTwJfry5xIgTJ0ZgsQr/O4SHP4+DOjfBg/y+5/Foe/B7769FJ97WfpHz56sT3bt55C74u4M3Xetge/jIIece4XMC4dlXfEjSyZaUE224BFiBITJYv9GCsMbICSVZuL7xO8jcDATDx2QvtnVotnYeTgZedbrkadJQL4mwyMegODp3crhwF44l0hVITLhaUmfiB6OUhCmiQAEEEZ2ERCmJ2wqCANkSXSbDMe2PkG71fdt473uWn3WG3YF6jvIlkSZmJhudSDcIKDW1U8+4NrErbu4WRUe3UygJ8UDO8FLg1n2pZpMHNsko5U83sojpEb2curTaeUYkjRPAmIuNkqGXXW6ypO7l7/3VLMRkaojzgbDR880KP+DgC8OngFpv0QqzIhVZkh6xdSmu28PhEtFuwmEJF8Q3uvzybSaSvx58ECPpuD+53WvOPcID/v2cuiP2/8CQKh9kTTA9QMIw9/6HBg8L/H2pkGQLItGv5uEowR83wfIfleCQz8AT/P7S3H8O0vw+Vek3d79grTnRY42Kb5rvcJmHrnqnn60/6DsH4MvLJsRhKEJEI43Mp7qEdJi3BSISfT7IPVgu5q5H5zaZXzI0SigjibDo64Gfc3FFvlInJTJg+98ZG8mHiQ1ZecCYUPqBASng5AsiQZq5fjK5qV4cKss1LFTWDWwKmthVw1LnGdiYnq7A2ELBx4a937fFv3zgY2KK1c3LsWB7Wl4CLxDAsHoNvACtqfN4Q2m0TzC8M4UOkBFYCALkUGrgRj5eQk+V5/u79qlqfc0Gz/g2aNDF3ano54mbdlQi3SMQDDWtIzuFfpbJDAgptKyaiIEp/YcjM5UT3QaCKn3Mm0gF1smwcD9fDqOAQjDcJ+2TzqSPtR7UP/smZe0NJ3glxstC0+/oHs+9DIMtK+k0PzBMAmOeSVpmheYJEKQghDg8H14L9+XAgjh/7//OB777hN4+DvSYN/zwpfOfIdDvoa7F4Skf+Lgr5ehroO6ioEXMq9EaCrJMmpTvUI4tlM8QnFZmhz/0MGURDk2OM4HyPeWjHtbdP/T2SR8uLuef79zF7etr0nuJ/Vkx5oXgyeYgUcAgmTCE20WCyuECQQbx0EowlBcEk2fsMkgDO8S967Dm+VX+3boX/r/27sX6Lir+07gV4ZAIAFCKCWAbWn0mhmN3iPNzH9Gwpi20KRpkoaEntCkyTYFcgIYTADbes5Lo9FI85Zk2aaHbPaw221I09NNu+l2w262pWkCxcaWNO+RZMmy9Zj3aCw/7977H8mWZGQM4eHH95PzP5J8HMn8R/P//n/3f+/9HewWbhk24LkgALwPvm+zC/UuLfFv1206vK3x77LbeRVYxYJQxQKxlqZaJCwIpfkgXBOC+a+lYggm28tpgt3Fp/iC+aWL2Ly+SlwruNh+D53vLM+GDQ2OgFG4K2RSk6BRXRQ2CP8+Z64RN9zmk2f4BTLDLo45c6G4l+j6m2tfpCJ8p+eDS5tnx51lYmW4wCqfuFdGJ9zKn4cs2jsiPRpxduePv/YXBZOuBmvCy3eJKc1XhIPse+wuWzVBJrMiCNMsCFN72ffcw87HPvb5vo30xJ5COr+7Ihd0CV8LDQok2H35XqD9jwnE52avf49OM+Wqn1rZaeP8eVwabl4RhGtnkPIATC1txp2zSOgxa8PEmKP54ZBRZZsy1qSSZnaDY2Y3HwY55a950iyjxw0b6YKheCkI8zdRmTXH2qHR5NKRaC+lsZ01dGK79qfBDt3GcIeOBNsQhADwPo18U0UObRfIwcc0dZFtDb9JPF9F0zukNN6SXxqxPFnmnYIwxYOwjYVgBwuazjIxCDO87yC7cM3pa8Xegic7P8fu9ovpjKFyMWpqfNlv0G2iw4QcNDQ9N2FuPJFlVQLfdJtfLFNmViGai99jEJZdWhC6810lTjrYhdpTfSLo1G7jS/+DejXxb9OKe15OOpS74u7ys/ND7HsO8IpQcsFM0cyaijC7t4Tmhti/fR87T/vuoSeHNtPZ3bITI27Vnx3c20gCXZf3cB2/CfB1NN012df4/3iXjYynfE0QFq8IwrILgjDfpYIHoZwmbFX0hKWIzndVnp50PjA5Y6k5nu0qyk+MsijYxwqx8XLWWJKfKby8u9C7BqH8XAjyQJzpqKLBHY3/ceh7Qt2BR7Uk2N6INzIA/JaVwVMqEm3dSoafFj4/vaNqItdyN82I1aCSJnZW5vd25EOju2TiQvrlZ4PrBmE7HyKtpNnOEnqiczONGSvFI26Un450Nv54+MUmWaBbWx21aEZ4+C2YCpfWDrIgNJVcNAgz59oBXUJFuKK3YMJTLE6WOWEvplPu2onRPm2dz6MhvidYRfSUmkR/VM174v2nWZf8RHyQXXR3b6LJwaJVzwVXDYsuHbk9Enaw772P/QxWES6yinBuqPz0iLvh2wf31ZHgZR6EvEJ/c+cDn5i0KQeTfFatKz98nHLwJSj5m4mkvfT8M8I1QSguobCyP+9RsCCspou8e71FSme76+lil4QetxTSWHcFnbNUsde2lJ4ybqILRgmdNbPfB5PiIkHIRxb4c0J2w9XJfuf4yEOrjMbaFPRIa8OEv0X3RTrWQwLP47kgAHxAojsEEnqm+bpoW+MTx16ojGV38OUT9XS+pZZmXpTT3I4SurCjLL+ukAVhtqUsPyy6PGTVfn66u3iI0+DzwZgwsGAU7/5L6ZxRcSbcrvpXn1H7l8Fu7X+dMNWfiXXJxSDkQ6RZY35LNfE5oSXfcmltFZjqXbF2sDe/1k3cCsxRsm6D3aSHBaVY7cjphLPh730W3W1hW344jc/sHB4UyKhDeGDaWxdPexQ0vncTjbGAOz7Afu5u9r2HSsSh0MyKI8uO3BB/Tsgqx32sEtrHLurs88QeyQmfp+GRkd1K8fnj5SzwA1YR/m0dCds0T8ac8pO85dScl72+Lvbf11csNvDlu/Lkbzjyx/mbj1KxTVP+tcm3wsou7T+a4jcvFva6WPJrQ3lfyTR/jU0sXNnNDl8qk+QzhI3S/JrSpUPceo/fUIn7j0rFhfUZ9nWuVSK2ZZroaExEOlRPTDx/34boDoQgAHzQw2R6DQkZtTcPP6tqPbyzMZv+AV9HWCUG4cKLZeKO/7GWGnZU56vCVumqSQznZ/nJxTv8tF4mfkyJF7lycc0g30Vm2lx3NmwWjsx5to7OW1VnEuIier6Mgg+PyvIzRdcJwqSt7B2CcGlPTOf6QZhmF3jeWDfmrKSH7SrjKw99pSC4Yj/QqFMggR6hbMpdM5LlPQd3b2aBVkgX+tnPWRGEy0dmLx8W5WHIvuc+iThrNL6PPyuU0PhQSTrqUH9hYqiRBHZd3tP5R7/XSN62NZHhbu2Dsw5pKu4toTPeCprlM2vt/CikCfvqDblXbsyd7i1dvcnBUhCee/0s+Q0SkivabPHPxa+N+d+HlUF4LhD17HfNVC0utD/RXi7OSD7SUbPo72g0Bsy6m/iyDACAD8Xwc2py6BnNrSM7BPvcC3WLvCdhvtGplCZaKulMq5LOtdblnxG2np/AkGpfHYSZiwQhb7rLl0tkWOgt8A71vBsFC8FEl4zGLTJx5uEHHYQpN18TWE5nnLWZaK/m6xP/RUX8KzpEhLvUxNfZ9OkJV81PUgObacbLt1Pjzwn588HipSBcPpaCkIUgrwxj+wrFIEyzP0uwj0cG5ZPhHk3jxAD7GU9d/hfssF1LWHVePeOUjse8peKG43yJCT+nPAiTy+f3fQVh2UWCsHydIJTRRGcVC8IKGjNX0IWOCjrfWnnS19rgGX5R+Mzw82q8UQHgwxP6UxXxGZqJ/4WmO4MvavYe3VV7kj8bXGgpzW+yzbuD86aou9jFccXQaKpddr4aXB4aXScI02YWLKYimuYzRtmf8zVkfOlEsquEJrtLVl1I126pdtEgdOSn/oshyJdNrKoIy8QgnHY1RkM2XXXUqSO+p89Psgi2CISy/wUdyudmB0tPH2d/n+8ukw/B0vyxZ8Xw6N78kebPBl/axIJwE13YW8yqyBI6PqB8fdSsvSdo0xD/05f/8F24S8Nec+GeIzbFG0n23530lrMg5Esp+LZ0+cky67VoujAIyy+oCHkXkZV7yL57EEppVs9+ptilREFn9LUnQzsb9o206u481K4h09t/D29UAPhwjfQ15jtGdAobQ23CX092qE7HWxU008IudLvKxM7gizsl7Ouyc0G4MgTfrSKMsUpwtquCznUpaNxcKe4wwvccTXUVsQup5B2rwUsJwtTKSTLi+sHzYZhiIZhyyeikXf0Lv0l3R8S6OqB+SSpJyKsm/j517eGBunC2X0pzAyzg+EzRvaXrHOz77iun8Zc2skqwkB5nITi/p4oGnCpv+FndjcErZM/LEAvCYYPu1iO22n9IusrF9lQLYtNe+VIT40sPwrVVId8jdm0YXkoQZowSmmtnNyGtitMRvfqVNzub7nlzl5oEB/8Ab1AA+GhMGATyukHHLpDa4gOdTf99vFN1ire/4SG4sJOFYYs0P5NvOQhXVYQrnhHq3yEIWfDNmhV0noVhzCKjCXaRTIoXyfzkivcWhGXrB+HKoVEPu7iyIDxib3j5TeOWG4LmCyu1gEFD9j/fdIPfpXbGd5edXfAW0tie8osGYXJfKasI76HxfRIWhKX02O7qeb9d+GLwP6v5ZgVXxGsdtAjkQNeWT047lH/D92PlvRqz7BzOexTsXJZ+LEE4Z5TTRIfszJGWmlcDHdpC3y6BpHsxOQYAPmJ0exV5zbSFHNBri4N64dWjrTWn+W7/fKJMvKWKJloraLI1v4SCB2FK7CMnX5o1Kj0XhMm1Q6PGsqWOEyy0ugppyrKZJizF4lrCdLfsvQVh38qKsGT9IHSz7+2U08k+Ze/rzz68IbDzwmd3E2Y1ifYrScTZqJ4fKJvI9JfR+KogLFl18GeCfEeZfBAWic8Mp701/zTS3fS7QYdARr54ZUzoCLEgfNv2wA1TduXLSd6hg0+UYQE476n8UIMw/Q6TZVJLx3yn/Mx4e91PAp2CZGynivz8fyrxhgSAj8epRxTkre5m4m/XFIdeFP7b/M7qU7kWVtW1ymi8rUrsDbfYwi6crAqMGepoQl9NF9uLaa6j5NxF7dyFbqkCEGcL8k23zcXicGiKhWC+9RK/iL6HIFyaxn/uGeHy4VweFl0OQ/YzPSy8XfIzYVv99t+ECPE/+c7VRdSiItF24RNhZ0PrsQFF7vjgZrowVCw+H0zxSTEvbTx38Cowto/9m166l6b3bWbVYO3MeJ/wNf59Iq1XzoSOwA4tGX3x96+fcNa/lHApaJadN968OOmqYOeM3eCsmTW66uBD0z35dZ0Z6+rO9Znu0nNttNYGIX/9c6ZCcau1eVOFOHkqq5ewG6dSOmOsOhXVN74S6lQXRVobSMiowxsRAD5eo99gF8odOjLyeFNhYKfqh5NtNYvp1lJ6nB0ZvgMNC8RkZ7XYTy7Ne8mxqvB8JbhmWvxSEK6cRbh8keQfM+JG25cShGXnZzGuaiLLDmd+f9HzQciHRllwu2Wnwtaa7wR3lxLfU+t3hQjYBOLrbroj7Fb2zw1KF/nWaRkWdLziW9gjFY/snuUKsYiFYBGdHpRnIi6NPmDU3hyyXlnbfYVMAgnoH/jEhFv5VwlWBfKJRVnnJnGyTIxV0im79KJBeL4TxcrXi32PiwYhC1tTkfi8+Ji5WqwOF/X30qMGxQm/Xv1Dv6lpI98UfLhrK96AAHB5+Ld6JRmx308O7LjvrpFWzcBsW8XiyZZCmmqtoDN6FU2ySvBEaxE9zqrBeYOSzhvrLq8gdMtowiU7Nd5d/c0pDwvCbetXbFT9MPG51CTYpbsz7G5wTg1VpGb3svAbktITgyX0BKsQ+Y4yab6QnlWKRwaqZgIudUvAINwe7L7y1rfxRf/BrgdumHDV/1XcUcUqanauXZvEYVHerSO91LH+3YJwVUX4LkHIj5hZLvak5B0p+J6zRwyKhYBBPTiib77b1/V7ZHhXLd54AHAZVoe7NGT0ReF3fM832Kdb6jLzrBpMtFWyACyjJ1s30+MdJWIoJgxVH3MQlq55TsiC0Fl6aqy7+lvTeyXE9+S79wn02dXEb9Z8JuzQ/kXYq3ltaqg6Pru35MwsC8EjQ+WnJoZq4mMDyn8OOlSPRA26Twb7rsyNn/nG4IesD9ww7mj4Uaq3hp03Fk5udpPDzl/CIzm/c4+99LcKwuSKIEyYyuisuYJmDYX0ROfn6KxRkRkxCl0jrbrPHtyBoVAAuMwdfKaRDD+luc3XKrRFOxrmeOulEx3FdIHvM9opE8NwobP04wlCx3pByP6/rpJT49bq786+crfYNPZSRHdqSPQ5YUOoW3O336n5w5BbtT3sULb77A3f8zm0Dwa6hLumH28qmPjBlXvx5huDv22+76Ypp/LVrL2WZjyyfBCyypDv0bochMvH+w5C04oZo+wQnwkaWEVtqJwNGxvbgibtLb5uzAwFgCvA3BMq4jepSbRDffPBdvUT0Q7leExfSdN6Bc10Klh1WPqxBWF2OQidpRfMHGVBeHait67ltU87Ct7Pji8+snXVcbUIdanJiEn7mSmH8uc5pyK/+YBbIq67TLiLL6i43+8zwtVByMLVWELH9Mqx/Z267xzS6248aNSQsccewRsMAK4cPj3vOt90/aE23ZdCbar9fFssvlHy2qHRlKH8Y68IM+KEGXbhdTV49m/70nWBNuxVea7q7RNI0KormnDW7c86pGL48WHRlEtBE66y1cPO77citKwOwphJSg8bat72daj/eNjwwHWjnU14IQDgyhQx6Mhhq67A1yY0jnU0/mymXXEq18mfE0ppXC+j2Y4iumAoFMMwIXagYBdWU8mHXxG6LqwIU95yGnGqfjzc3vSpsAVDcMv8dg3x92q0hz0NxxIuvnawTFxQn3GWi0sneM/H9YIwyV6LhK2CvS5SMfwWrCXikbHmu9XzNlrxbgU75GLj5QW+6bqx9mTE0PCPIZNaCLbdXxBECALAlS5xSEpGnxfIIb1uU7izwXusvSKV6SihWT27aPIWTOJ+ouxrg4SmTGXiptsfeRB6WSXSL6WTLs2BiFUrGXcgCMUQ3CYQ/1A5CfcovzPpUi7GPDXs/ElpzlnMDv5skAdh+UUqQvZ69sjPV4Q97FzbeDjKaIwFZFxs3ltJs2Y5e/1LeYPmbNis3j3c2VQ4sucPSeAHaKoLAFeJWLuaHGzVklCbcOvwLu33pzsqx5Kd5XTOXM+OGrG/3KJ+k1gNJkzSj3xoNOVlP9dTTg+7GmdGe7TNI/1aMvo4wjBkUJMDzzx43YRDaT/mqaIJd4V43pZ3l0myUOS7zawXhOledoNjLV3qUi9jwVfJArBKPOIsAFOsKsyJuwbJ6GSXciJgUG8PdQm3H7RqyUyHCm8cALj6jDyvJYeeue/6kFH1hahR/fpRo/IMb6sjPic0skAzSmjWVPwhB2HZhUHYX0oTrCqccilPBG3aZ31kEwm0Igj54n+fqemOMUfNP8e8Uj6hiKZ5CyZ28POXcLHq7iJBmOk9PxTKgzBpU9CUVS6+XjlLET1lLqRxi+JUuKv+//qt2odC1ubrQ91YHgEAV7lRUxN5y7G1wG/QyaIdDXuOdFal40ZpvsOEoVRswvvRV4SsumHHLKt6QnbN34Ut2jsiNoG8VXft7mHpe1xH3mbn4JBZq5lw1k2Ks0VdLARdEppaDkK+hOIStljLD43yZ4Sl9Dh77RbZa3m8i1f/8tS4Se0eMTcVTz1fS4J69BIEgGvlIssueP52HfG1a2/1m4THxjvrhuf08jNzXdV0zlKd34D7XYOw7H0uqC97hy3WWBCyI90vp9OehumQTdgSHdCQYMu1WxWGOtUkonmoIGBX75j2VJ0Sz5VraenJ8u48jhX9Ht8hCPlkmXivnIUhD8FiMQgT1ko6bVaeOWxpOBTpUX83YNDcErJqyegL9XhjAMC1J6DXkpChaYOvTVMX7lS9csSkzMXNskusCMt+uy3WVvUjZFUo30PTXUyT7sqzY3aN6cC2+zaETcI1+9qEWTiFzM13Rr3K/zXnlbHzxIdGy5ca8krFG4osO7/8yAfhhTvLJPvKaMImp9meEprrlrDPq+iEVUj7LbqXAz3a2nC7bkPAjKFQALjGRW//OhkdbCB+Y9Nnx43K7x/RKw7NGuVn5y0KmuhiF1wzu9jyThTierMKmrOU0qyFP3OSijMSkz0yFoRSVm2wi/Sq7hNla7pP5JvIitXMyu704tAoD8BymuMXeHcJnXDWv8kq1bKgXUMCz117VWHUoCbhfg0J2bWfP+pQzC+4ivNB6GQ3KQ4ZC8MKdh5ZODrKxL1GxSUUfGKMTcKOIprpKxafHfLXYtFSxIKwmM7Yqk6PWzVvBXuaHvd1CLe/1bOV0Bs/gzcAAMCyA/qt5FftXy7wd6irgnrV0LhFFYvx/SZNxSwMeRsmFlLdrLroXmrHxD5Pd1fStLWCZlgo8qn5qYv2I1zRmHdNECb7i2iCVYQZZxWrCiX0qKfiZNgudESe114fbr22qsJ/u3sL8bFq8GBH0y1+p+qHcbeMLjol+U0HxK3oeGUoE0MxwarDFL95YEHIew9mbCwMeyViEPKbEP55ylpMj1hrYj6r0H/IoFVEnqvf4GvFsggAgHWNGAUyqtfdHDCovzRuqP/5EVN1Lm5iAWiSiJXgXE89TVir6PGuUnraVERPdLELb085TfTKxWdSqzvUX1oQJrwlNM4OfqHPuErpvFdOw+6G4WCvtj78so78uvbamcr/q+oGEvwRO3rVXznirptP97Nz6ZWcP1+uFdvUic8I2Xl28NmjpTTGP9oV4uzQjI2dx76yXKC38R9HTdo/Cei1nz5gbSapJ2T4JQcAeDfhnmZyaOfDxG9u+lzILDw9oa8+MG+sOJXibXnMlSwQZSz8+LR8vk6tmOZYlZjjVaLtYkFYsm4QpniT2X72d/o3ixtwJzwyerhfcTroVu0Om4XbItZrZ3g0YhdIoLvpzoir9mdJXi272U1Cv0QcGs2vISwRF9Qv8GUU7HwmXMU0xrdc6yunCz2l4vk/5qw7FbU0vjlma3ja36X7XPTROjLZhnWBAADvWUgvkLBeuyFg1MiCelX30Z7asWx3ydmMRU4TXdU0ZlXSZHeV2PE8Z2EXa1vpukHInw+KIciPNZ0n0q5KmmBBmBzclO9Yz475QQkd89bMhRzaRw9WbiEh89W//2jUIpDok1sLIo6G7x/1VuR4n8akp0TsMpHi7ZdYFZjfVUYiBmLSwW8wSsWh0GyfhMb7ys9O2WujIYfaGujVSn3bHtrgb0PzXACA375K4TMYe+67Idqr1ox11Q1NdAmTM1bV2USXglWFLBR7Kum8rZomeqXrB+FyCC4fK6tCZ4U4azQ2UEgT3mKa9rDKp7+ExgYVdNyp+rXfpK05uEdNwjuu3jAM72gib3saic+irT/srB7mM2lj7koxCPksW952aTkIs7wSZF/H3Oy89VXQlE1+9qhDMTVmr98T6tVowpYtN4StmA0KAPCB+o+Oh8hYSyMZbbvvppEO3f0Bq2rfhK16as6qOJPsqWLBV0OTNtmqIEz3XVoQ8ueCvAqcHeCVYLG4wD5nV9AsC4BYv+xMxFH3arhH2BR2qUi09eq7wA/rGkjYqyaBbs094+76v53zSM/ydZZJr4SmWDXIJ8akXPkg5EOivAqcZSF42F17dsxRPz1mrd8XtarvC3dtuWnCqSOjO1EFAgB8aNI7a8mvu7eSgKH5Zr9ZaI52aQaOWhVjib7y03xoNG0rW3pWKGXBWC6uJ8zai2nOIck/0+KVjEtG4265eHFfYKG46ODdFOQ05pHT+O5CcXJIllU6OV4Bee6lM97yEwFXgztg0d0ecgtk+C+vnsrwYFMNifQKJNgufCpkE4wzHtli2lsoNt/NeO+lMW85jbsq82sH3UUsGAvptEt2dsxVMxl1Nu4N2jQPjBjvv9lvaiBvGP4Ev6AAAB+lEfd9ZLRFeyO7GCuDPSr9lKX6zWOWquNxGwsxForHe4rpQi9fP8iqmaU1b3EWhPNuKQtCKU3xoGMheJxVjgusysm6itjFfyMLwk007eHVUDnNssoow6qiSbc8G+xrMEQ6m2+JdF89Syqi3VoSNTbdEHFpto15G2Kz3mr23ythNwCbaZYdKS9vWiwXN9w+5ik/wc7DaMhR7wj0abRjet0ng07syQoA8LGi5C6y33U/8e0Qrh9p1xWNtAuPT3Q3/O9ET0WML6tI91bQ+b5qOu+oock+OasOi2jOvpEF370sHCU04ZKySrCUxlkVmPAW5Z+JuWU07VKIk2hinkr25+U055LQeacsNdFb2xI0Xh1hGOnRsBDU3BByab497qmfOtZfyc4Dq5TFZsWskvbwSrmETjul6Yiz7l8Dfart/m6dNNSx9RP/8jMJmf/6n+IXEADgcuK3qMhwh7ogZBXuDFl0fxSxagemuhuDSVvVqVwPqxBtxTTLK0R7CU2yajDu4hM+ZKxCZJWihy8Ur6ApPgzIPorPDz1FND7IDz58KqMnnexzd3FqvLfOONrZ/NmATSCjz12Zw6Rhq0CCJvX1UbvuW0ed9VM8/HLuQnrcvZkuuFnoe6oXx+wqf6hPsydgUz/sN+nuDT754AZfpxa/aAAAV4JAu5b427Q3hs3q6sPdyu1HrbX/Y9qmnJrvqzmdscvE54Z8OQUPwqSTVXxOvoNKBT3uqKALfGKIp5Amd99Dk0P30MRAIft71aw6UrCg2ERn3cW5iFM1FOnTbTzyso74O6+s4cGQVUcCli3Xh62aR6addeEcOx98NmjCXX76mKdmesKt/FnErn16xKJT7G9pvnFkSEn+zx98Gb9UAABXojcsD5HXW75QcMi45bZDXc1CuEf74nSP8p/mehTTcVvZab49GG8ttMCOnKOYBWEJXXCWi1VhzC2nc145jfWXijvPJFm1mHLJaGJoE53pl5484mr4m6BNW+Xfpd0Q6bn8h0p9320kAfbvHG3T3hKxK5+dclZOHfNUnZ50VR0dc9f/Q9Su3hHu0zSPWptvD72gKgi8gK3QAACuKiNWgRza1VAwYtTeHrFphAlr/fZjPTV/f9hRFRxzVaePeqvPxr28C3s+CFPOGppw1lG+sDzl3Zxv1+SS06S3jPKZlXP9sjNjXuUbLDweDVo0Nwcv8x1ohr+lIYEvq298+zntn/v6Gv9lzFX30zGnsO1tq65xxNx82+g3txT4nv19/KIAAFwL3u74AvnNC18rCNqabwnatTJfn/BIwKHqY+Hwy2m3YnLeI83FXfKz+UXkJawqlNL4QBFddG2kJ/tKaII/W9xdStMDEnq4v+ZowCm0+226e/c/UlEw3HJ5NvQ9+A0NGf1z4VPDTwq1/i6tzK/X3frLrz5Y8MZjWPcHAHBNm3jhqyRoriSR1i3XRSzaOwO9mupxp+rrQbuqhVWLPznmlA5PuSuOzfTLF2MeKasGWUXI9yZlIbjAKsMUC8iZwYrFCU/9LyI27R+HO4VPBtsvv6FS33b1qgMAAGBdkee0JPq0tiBo2XLLqFWzKdCtUgdt2j8LOwXTlKfh1Rmn4t/n3NJo3CtLJLzli3Fv+dljAzU06tEeDtgE08FdGtlrdbUFv/pGA04mAABc+fb/7kYy/tdfJf5vqTaMGO+/yWcWfifco5FH7cLWSJ/wSKhX9WzUreoNeIUf7u/W7nn9WdVjr3257vafPlRNfE+j8wIAAFzlol9pJKHP6woOfFd33ahRe+OB7epP7X9Uc/0vmgXiexJBCAAAAAAAAAAAAAAAAAAAAAAAAAAAAAAAAAAAAAAAAAAAAAAAAAAAAAAAAAAAAAAAAAAAAAAAAAAAAAAAAAAAAAAAAAAAAAAAAAAAAAAAAAAAAAAAAAAAAAAAAAAAAAAAAAAAAAAAAAAAAAAAAAAAAAAAAAAAAAAAAAAAAAAAAAAAAAAAAAAAAAAAAAAAAAAAAAAAAAAAAAAAAAAAAAAAAAAAAAAAAAAAAAAAAAAAAAAAAAAAAAAAAAAAAAAAAAAAAAAAAAAAAAAAAAAAAAAAAAAAAAAAAAAAAAAAAAAAAAAAAAAAAAAAAAAAAAAAAAAfjP8P+k/nGaDdWzIAAAAldEVYdGRhdGU6Y3JlYXRlADIwMjMtMDgtMjNUMjM6NTc6NTIrMDA6MDDR4fIXAAAAJXRFWHRkYXRlOm1vZGlmeQAyMDIzLTA4LTIzVDIzOjU3OjUyKzAwOjAwoLxKqwAAAABJRU5ErkJggg=='),
	(6, '2025-01-17 07:42:17.429145+00', 'Passionware Consulting Internal', NULL);


--
-- Data for Name: workspace; Type: TABLE DATA; Schema: public; Owner: postgres
--

INSERT INTO "public"."workspace" ("id", "created_at", "slug", "name", "avatar_url") VALUES
	(1, '2025-01-06 19:34:24.692936+00', 'passion-zoo', 'Passionware Consulting sp. z o.o.', 'data:image/webp;base64,UklGRuINAABXRUJQVlA4WAoAAAAQAAAAYwAAYwAAQUxQSNcFAAABoIZt2zE3usOp7TZOatu2bdu2bbtdG3WbDZa1bce2k+nMPD/mw/N+fVf/ImIC8H+v6cx3JvkFEgVK7wcioi8c5PYDKd4pKTHnAFL901Fe80jjl4VlNYM0n3KQU5c4bTRcSi5XSedtFxlNJ90zJVTwpr4HBeTTiRgnfiwVgu8unzSwvq+JIZjjFkPJqh2HLJj305eC6maSYvSbJwEHxrlpqZrH8aqUlsIDfvjtxstkUowrIqYKac++uKK6yhhiraviNunEiyzSmmYSU82mjYjen6ytMIVngkL5dQ9Jb2hRMRVidBE96mC3i2ehXcnPSH9CJTEVXzFQYn0AX/PMAuD+u4UhzUOM2xsO+skPBc6wFTxDnMl+gqJYbN+XxAme/sBwYv1QU4xfHAvRQKzmsFF3eMXw2KqJqfaOKaBg+ywGiiqHg8Sb4yOm8nMm6lD4Nsd3aJrAlFFejMd9rs8wl2MyviXm9NJiSt7mSq9TJk9fXNlykVxZ5cUU+I2LPnH4Td8XOEDcqeXEFDnFRs1W6uvtS+xR+cU4f8b3aLWut71+4nsJwYP5jH3UWVD9TCmMhuB8P8jghbcoDBdhSw97HxZ66+7dB6+jc2wi5kC420suK4UermUq5OnZsolXCVNB35FvzXw1xWHUc5ZE/9UFoLvFN7FMq2HEmZH6cn6baIJq/lo+vgUUAI+V7zkOuBoi3xFdT3c2gKJT391Bj149ePD9wf5V7eBY56RNV1olGLPkNm2vL/aBfb0df8aQem7qpQ11AaBQ//s6AkpBcMEe80e2cwaA1aka7m6oAgDdv0vMJe0fzCk3hwJAZ39NW2FvalijDFPPsxlERDdalQMw6ZWS9c/ZTgCwI8NiJt02a/o+NwCFvlKLngTA1Hzf7fiYhND1I6rq6h5Iqk8/HVgAqL3tYkIumS/NdgRQ4QeLmXgtr9oDwKoUIsqJP+EJOPssv0mqj4dr8womzdG7OpR1RKP5v76/OA4Amqd/MBNXXtZoAJgYbk77qjeASgMfkOYHQ/KrNYwgvQFzqjnAtdunC2H/0GIlfmt4PwCYczmgDYASwx+SzteDVFxvk/4HB4Y4Q/Wk1UZC43oCQPuhAIr2fUC6oxaXtOvynjjDtnRQ2Z9tI8E3SkPZd/oN4lxbDMByYs39aqhSxUgLCd+oMuivJJbbVQBgPwud6aK00Ubi3xVUqPhJLDHaXneE4qccCSdLKF0jI05VcDsRznGhhoMSvtAX/kUTKHokGSJQAaO/CtcX7AONy/W8W18Byv1zDfFSCf0/ea7HvzE0t//Eqma5v6kq1MeTIWNU0Gzs9y+1XOkP3Q22/pFkd3ZUUWgdYIy4Mipw9GwXEGpnfXN6Ymlwluw9rW/XqlDM51O7nAOARjZDpPRr7+WkYF+k9ojFMztWMUG06/jv7106saImCtdPMETOrTNfb17YpuXI0Q1h3Kan0oiI0r8Z2aFrtCHITPbxj8IvDzbMyIekevtH/+fG0HplkqMxhiSSxvioJKNR7kKTEfqGkWZrruEopq8B/DLoow8qISz/NpLgRpOo7k9lkNJP1FckxaOCit2Uw0VXMY3j5BBZRcwIkqOlk5ilkqCRYjbLYqKYDbIYLmaJLHqI6WM0ax5XPTFdmHJO/hbPk+1/icnsI6Yx07rmUy9aOGwXhk6+yxNfXEx9nr/KoNIW4oxekM91USRLhElMXZbYLoDzGpbHHYFCW1neO4hpwHFnHID8/izPOgAod8/G8MxRUIKuxMDmAFArjiVlOgAUnvxAV8ZVBzHFAh6nZ+WoWcO+7w7FzsS71g7w3v4g2aLh5c3gIxCev1hZ77qtu/Qa0qtReai3juZZpATAsbhblWrVq/l5li+Oj9f9DU9/DZK8xpLlJ5s9LC9cZNOB5Qike4IhsZ986mTqO+wiH5w364ntDBn76xkOKdd9pO1cQTmh2RMtx0tD1vWeqAU5Q96tHir94gGZF7tARGkzTZC724msiM2Q/xcj8D8wAFZQOCDkBwAAcCQAnQEqZABkAD6RPphIJaOioSsXjLiwEgloANGvz31XmqV9+58FcY/uUzq/4/1MeYBz0fNF5qvpc89XqafQA6Yb/FYA12xf47w38rPv2WfTdwCzQrL/EppOJnvj3+sPYJ/ln9x9KL2Lehl+yTgme6WFcmzzFxYuVJkMFkzxH+w1blytXmJ0+do4Zo5aTBAKbXxZMs9orul0EEnqKMbjqauggrirBIP5rsepRF7aHADZiYuCL3ymD74+9JG5rIGKFBi+lQUvEf0TkW8S1ZHfIbLBvqcIxjhB2mfoyaO6mhEF/q2w1W+Zy3c8QC927Ga4XOn52kfPOXAocJeXNjWc4OFKgVRaZcHjLVArkf7og/YEzWQfH94r7oIA+34ql5aI2M+cSFvOt6pCTuEAAP79tO9fNDirBDy6NyNRVStnnbD+n7IZClm7Zym1Aqz7OF4xonqcyvAODXO84GkR6/6Xkmx/IAGOvyczRk7L21AACKsdKlretOfd3bd4vPQKVJlanR6tN5/JTWtUSxBzG4ze8paCoa8mALH+kG03pDML9QzoRdFvKFB8n+nF4GlP/tjrJIHPgFQSBm6BO341fffXgB5yfY7N1bzGMmes/ZFE6fhviv5jv+N2pHEASruRfoKNkQ4+b1o/pLtJF9lh3oTnQ/am8rUgeOn7eaKB6QQWiFKO57gvGjUFhLRG+dfq0NmPjWN2/vlz6V8theyHxtvBTBbsNOes8PfwI6bIrnbmivy++KEHIg1dRLJw0OQaJQPh2wchOenNDlUmKOedSIu3jrsGfkacpcCFtW02Edz1i7Rk/sLH0SRdLDv/pODlP18G6gzSwyu3IgSLBg8c+XBM4vxIO+e24Vj6AXiLBApozWr00ee4rstwGwRXzwoNt8/76ciWmcSa20hYZrQNOvRYwmzuCEhOzpj3TwQwEWdvSZt6+XL9ZWoboOd4Q07kDP44vAuWng4QKN/V1fqkxUVWLLljU6r6hxZseY8bBdQMQ/v237jDcYU96NQdqLxZKG/ffO/pbdyX0qMUzgTuBIJ6+v7IRNpDGsqeO6z79JrztP4eArjVT8K0/Wzr7d/ancyRSm/M1fr0IGa+N9OQMNttKDIv/992drw+ymJ4vhz0n9BomDbgDzhgarswpvsbdi2vAzlYWVzsCOP1tSI7YT4cmfkCi2Htfic5+gYiDPDY9hOmo9/9OMUYDf9jWT6Op3RhQbV2gfrWbJCZO+arKSoBdkl5CLT7KZment0dx2v50XN3YlYllwU951DOMPgYm+2+1itHfZN0jUbdkR8k63RiS8cBUZoZrOUYwpctK0JXaEqA9Doc4JKxXWy0FIwBRUSOQvrbutCIHzk1fYOIvV8TTxYFILAy1GA8hN/lnqrwbYbElnMVo6htLTmjZMylAglsGXeAfIyOsEjIODwVQisde81YMMOmdilrf/eHO5C80D8aO1cENaOJV4Mz0aZVmWiLlT1pJ/7vpN55xIHu72dm07w10BQm2DLq/HZDvU2+1/tYPI9vHvQVXdLAuYrEoDA8IPSu+iRawr6hNJv5ouYQadj24Vja5YUMwkud5APb+fCjqzap26mZWIpB7L2H2z5zIlc0mOSzirxAz/9b7NR7jQE5b9WRv+Qy/joadrPq2MSlZu3T94d/FzED0Xr20Smr+BaPMPQtj8mtpd6eYtOklfB439qAkX0r2R2iEuaqoTrjMMlS6eac3mM+icGMy3hJwUn7J9+yp6HyDpJfTbJUfuMFXxG7z4i7mZcgVYmvg/p9roxjeJEs6f+WnprSsSj4/xr4OWNxwuo+w49G+l3iYHEeyUTKrejuZ5lMhwir9QZ/pO2Gu3MoPXdOPKFtwMmvvEjOTtZ9NbpbudSvfX55K6mf5oEAON5Jk2dUiXrtnilfkYZ4oRqynCYMvyv9b9Xx0wG1VXuU99rCGjjDGhc4ucYkLMsQrwZYPTjzgc0p8OTZ5TuKGI4jviWNmU1oR/gpOjdM6lpo/MG+0r50fhgoEQ8DTZeIMUqDL3w7zF3hi/jts4YfUg+Flal9ZLk6SXlIoSRmt029p7CZh0sD/ConQLXvp+TkIxEZKmuJRvqmVJmBAh4J7m/drxvn2lHS1n6fkxPt1tlG4Wq5HAcVOdmMMo76ssIf2FPaBaD454om7mDdJ5cpXvIEdequkOmoI+lwPc7cR/daoAIPNEPHX2lXVDZJyVv1gyNqALiEVHgkmVZ2nXuGuKHJafNoqhozpmPKx8Y06WKl9kK0uuOBAVrivOkYZbPVLFwupaYMU4ZbMXRGvIp7jZW7Pf+biP0LODRLYyEXEFGW2+66ITAETkYNJJBahS6pe3Yw1mpHVF1N2HGOmHhYv6hwcw5ZbaBZxO07hpkQ9iYogJQma+NpTw3n2SrhSC+iqs7xRFVFRMje7JO9Qq2fYA4ywO31WvXzcVOth2UiMePQWsYODNNgd2ob8JuxIUVj2W558K9js5m2PfOBoxj7gCnquc+D9U4cTtmAGLjftGK//Srhsd7ZqXI8QXG3triokOo54Fk1dPZ0qf8QVr2efSM0tEIxspUofox1HqrZAMtuV4fjpX0v+/wF4a8NMSVMkwxJT7sfZnF02FLcjmrBuC3pwPQS+gXHVNJaAs83rPsRS1zMFwPPFfPXnP+x201ZqNYkg4KNWozS4aTzjRZO1b/QENdy3dP98AAAAAAAAA=='),
	(2, '2025-01-06 19:36:27.858285+00', 'passion-abor', 'Passionware Adam Borowski', NULL),
	(3, '2025-01-06 19:39:51.127846+00', 'demo', 'Demo Workspace', 'data:image/png;base64,iVBORw0KGgoAAAANSUhEUgAAAlgAAAJYCAIAAAAxBA+LAAAACXBIWXMAAA7EAAAOxAGVKw4bAAAgAElEQVR4nOy9eZwcdZ3///70NdNz31dmJpM7JCEnhBAwIJcschtYUBYBWWTV5Ydcy7KKrCIquoqoiH4VEVEBuRTIZpHLEEISct/HZGYyZ0/PTE/fd9Xn90d3Vdfd1dXdc6Tfz0cT3vOp6k996lPV9f58XvX5fN6EUgq6GR8f178zAFRXV2POmDPmjDljzpjzVM7ZlFEhEARBEOQUAx0hgiAIUtCgI0QQBEEKGnSECIIgSEGDjhBBEAQpaNARIgiCIAUNOkIEQRCkoEFHiCAIghQ06AgRBEGQggYdIYIgCFLQoCNEEARBChp0hAiCIEhBg44QQRAEKWjQESIIgiAFDXG5XJNdBgRBEASZNCyZfmHaBZrCnDFnzBlzxpwxZw1QGkUQBEEKGnSECIIgSEGDjhBBEAQpaNARIgiCIAUNOkIEQRCkoEFHiCAIghQ06AgRBEGQggYdIYIgCFLQoCNEEARBChp0hAiCIEhBg44QQRAEKWjQESIIgiAFDTpCBEEQpKDBMEwIgiBIQUMopfr3no7xNTBnzBlzxpwxZ8xZA5RGEQRBkIIGHSGCIAhS0KAjRBAEQQoadIQIgiBIQYOOEEEQBClo0BEiCIIgBQ06QgRBEKSgQUeIIAiCFDToCBEEQZCCBh0hgiAIUtCgI0QQBEEKGnSECIIgSEGDjhBBEAQpaDAME4IgCFLQWDL9wrSLr4E5Y86YM+aMOWPOGqA0iiAIghQ06AgRBEGQggYdIYIgCFLQoCNEEARBChp0hAiCIEhBg44QQRAEKWjQESIIgiAFDTpCBEEQpKBBR4ggCIIUNOgIEQRBkIIGHSGCIAhS0KAjRBAEQQoadIQIgiBIQYNhmBAEQZCChlBK9e89HeNrYM6YM+aMOWPOmLMGKI0iCIIgBQ06QgRBEKSgQUeIIAiCFDToCBEEQZCCBh0hgiAIUtCgI0QQBEEKGnSECIIgSEGDjhBBEAQpaNARIgiCIAUNOkIEQRCkoEFHiCAIghQ06AgRBEGQggYdIYIgCFLQYBgmBEEQpKCxZPqFaRdfA3PGnDFnzBlzxpw1QGkUQRAEKWjQESIIgiAFDTpCBEEQpKBBR4ggCIIUNOgIEQRBkIIGHSGCIAhS0KAjRBAEQQoadIQIgiBIQYOOEEEQBClo0BEiCIIgBQ06QgRBEKSgQUeIIAiCFDToCBEEQZCCBsMwIQiCIAUNoZTq33s6xtfAnDFnzBlzxpwxZw1QGkUQBEEKGnSECIIgSEGDjhBBEAQpaNARIgiCIAUNOkIEQRCkoEFHiCAIghQ06AgRBEGQggYdIYIgCFLQWCa7AAgy7WEoDTOsKxJ3hqPOcGw0Eut3e90xxhNjPDHWG2MCDBti2CDDhhgaYWiU0jhL45RSAJYCAJhNxARgMRELEJvZVGw2FZtNZRZTicVSZjVVWC1VVnNVkaXGZi2KR2pt5voiS53NUm0zF5uIiZDJrgAEmd6gI0SQDBgJx7r8oS5fuDcY6fGH+wOR/lDUEYq6IrFoYo0mSiHhmRQMAAIARLqJAjBsYltqU8IGAELEBuFTrCZSbTM3FFlmFFtaim3tJdZWu7WjxNZRaq214U8bQfSCvxYEUSbMsL2h2FFf+Ig/ctwf6QpEu4JRd4wBAN6nKRh890zZSOzDJRHZTqLuHeGShQbhU2IUnGHGGWEOeCNAA8KCVFjI7NKiuaW2pfW+RZUli6pKOsqK7WZ8FYIgCqAjRJAk49H4QV94vze83xs+4A2d8EdCbGILBSpxe4ZRWtpXcblfBT/Ldxnlm6SGN073uEN73KGXBzxAAYCUmE3zK+xLa0qW15QtryldWl1SW2TN7lwQ5BQBHSFSuERZ9qA3/Ik7tMsd3OkJ9gRjDJVJmjSNy9FhEGVFNGEkenvyTcksAIDIHDARb0prAAAEWbpnPLBnPPBc1yhQaiEwu8K+urZsdX35mrrypdUlWVYmgkxfMAwTUlh4Y8wOd3CLK7B1PLDbHQqxmq5M2hE0ZoByPzJt3BdpTiSDw0ozT9ORtZvJikr7mhr7mpqSM2vslVZzusIhyKlDxo5w2sXXwJwx5yDD7hgPbhrzbxr17/eGIinnR9K7FKq+Sa+hjoYvTPXoSGbdPz5PChmcpsAoNsHymrILWiovaKpcU19ealFwiqfMvYE5Y86A0ihyCtPpj7wz4nt3xLd1PBhgWABOeEy4FtFITvUeVWZORM1QUkQT29SGmCa/KSRTRVQy6BR0GmEWto75t476HtvXX2Y1n9tQcUlL1WUzqhdU2nXVO4JMN9ARIqcUUZbd6gpsdHr/z+nrDkalfbLUcE3QMuQOyIiRGt4pPbp8jKjCOFLhdzM00mau2/DH2Y2Dno2Dnnt2nJxbXnz5jKrL26rXNlQAgpxCoCNETgV8MeYdx/irvSNv9o+6Y4zAHcnFx3Rypdr3DKKSUdr8RS8Fqd6uZypzyWlmI+om8+30hp7whp44PFRjM1/UUPrZ5vJP15eVWXBKBjLtQUeITGNCDLthYOylkyMbh1zeaFzc4VMcpSncBIIUmTvJqyKqNemeijuFfFF0G6mRqPyWzKRRcX6S6fwUCHFF4y/1e14a8JZbTBc2lF7TUnlxQ2kxTlJEpi3oCJHpR4yl7znG/9Qz/Hr/mDcWT3oXuQKpYIBsZ7Eh7KgZVES5/xlTRLORRkU5KBUgM4PLk3BVI00BX5y+Puh/fdBfbjF9trFsfWvFuXWlNpO+PjeCTBnQESLTif3uwHNdjj91Dw+GZO//pEyWKCr3qAYyJ5kpoiIlWKJqGlZEFYurrJr6YswL/Z4X+j1NRZb1bZXXt1YsqSjWeaoIMumgI0SmAd5o/IWTzt+ecOwY87Ig7LLo1iS1x4iCUl8wh4pocmK+DkU0JY1moohSwnlN4VwLY4poQlmVKKJ6VFMAQhyR+M87x35xwrWiqvimtqprZ5RX4JREZMqDjhCZ0ux0B39/cuyvwx5fnBVtUNAk00qCBAiVfQsAcqiIqoiNVH2TWlFF56JDEeVTcjBYlIhT5KcGsn1EBgXY5Y7scg9/86Dz6pbyWzqqLtI9owtBJh50hMhUJMiwrw+5f9szutcTokCogmqnhpoimu7ruVFE1TPSlb8gE4OKaLadWZWy6lFNJWdBASDA0D/2ev7Y6znj4OidC5tumFWrOD0fQSYXdITI1GIgFP3tybE/9rtGo4xeSXOKK6JAi02mMqu5zGwqtpiLzaZiE7GYiM1sMgGYCInFYiylLJAYS+MsDVMaYWiYpYE4E4jTSGKsZrJ8SkYuFVG57KlHNRUa4q9zvfAdruDtW048tOvkbXMbv7Kwsa20SPnyI8hkgI4QmSrs9gSf7h7565A3RrngfJwXM65JJvZQU0SFGFVES82mhiJLc5GlxW5rKDI3Fllrbea6Ikt7TVVNkaXGZq2wmos0pxZoLxwVZakvxownPlFmNMoEzTZHKOoIRfsD0cFgxBGO+eNsTqbPi4VlUNpHSxHlvkXUrpkzzHz/wOCPDg5e31F796LmM+vKNE4cQSYMdITIJMNS+sGo/2ddzs1jfjbl+pLoEBQ1NEl9aqo+UZQAVFvNs8uK5pYWzSq1dZTYOkps7XZrtc1sMyn4uerq3Cy/YjOR2iJLbVHqpypZQTHCsK5ovMcf6fKFu/zhTm/4mCfU6Q+7wjE2WXDISGMVoEc15RFnor5jnMKfukZf6Bo9v6nygdNbLmqpNEunTiLIhIKOEJk0WErfcHh+1uXc4w2D5MnJiYtZK6Ka0ijVyrnEZFpSXbq8umxJVemSqpJGGm0sspim3iO7yGxqttua7baz68v5RIZSZzi2o995yBc57A3v94QP+6OhOOcZ0w8E1aOaqhupXriKnAvAAnlv2PPesOeMmrIHTm+5dmYNukNkssAwTMgkEGfp60Pun3Q5j/ojvN+iYr/HdSvSekLtp6f612Uhluwm0+KK4lWV9uVVJcsqi+eXFU1Bt2cYltJj/uhed3iPJ7RzPHTQGw6JxuEKz1SxN5e2KqS9+YxYUGa7Z37NNS0VFpyPj0w4hNIM7tzpGF8Dc55SOcdZ+jeH5386HUf9EQW3xzmnDAdNSuAdZLqvU2goMp9RXXJ2denqmpLFFcUlmi/zplE9p805EGf2jQe3OL2bnb6tTr8jHFXaS6OShYj3MeoLAWBeme2+BXW3Lm636nOHU7+eMedpkTNKo8jE8daw5wfHHIf8keTffN8MkkYmozQ1wr6nUURrrJbzGysvaKpaXkzmlxUVZhek1GI+u7787PryexdDjKVHPMGN3cObRgObRwPuGCPWSAFAQwgVqKYJi4i+lpFxPBD98q7Bn3W5H1ne+rmZtfmvBgQBQEeITAybRn2PHnPs9oSobFHpVP+BS6Z6x22qjWBU2NkCsLqu/JLm6ktbas6oLUu8jsq0NXqqYjWR06tLW6H69lnVLKW73eH3RvzvDvt3esIMVaxh2VjTFHovnoZxwB1a/8Hx1XWDj65ov7ilMptTQxA9oCNE8stBb+jbRx3vjXgFjg54g0pSMtPV0g8TrbKaL2mpvnxGzSUt1Y3FtgzyLlRMhKyqtq+qtt8/v34kEv9gJPC/w/73hv1eyco+APqHiRpj+0jg0rcPXzKj6vur2pfVlOQ4dwQRgI4QyRfDkdhjxxwvDowzwjnfmuM2ZeNX1Iw0IZYaiq1XttZe2157fmOVHcMDGaW+yHJda+V1rZVhht08FnxryPfWkG80xkpV06wVUSUDAIAFsnHQ/c6g5+a59d9e0TqjBJsySF5AR4jkniDD/qp75KddI/44QzgZTd5hoKKHnk5FlGgoojUW82ebK/9l3ozzG6t0jrZA9FBsNl3UUHZRQ9kPT2/aMhZ8ZcD7lsPvSr5KTOySA0VUbPA2iQM80znyUs/Yg0ta7l7chIu0ITkHHSGSYzYMex45PNgdjCX/FgihQkMuiupG+h27yfSZpor1LVUX1JUVm036x5UhmWIxkXX1pevqS3/AsDtC5Pmu0Tf7xoMKqmk2CAf9pgx/jP3G7r5njjsfP3Pm1e3VOOkQySHoCJGc0RkIP3x46J0RHxXLlXJFNDVnh6juo26kFNEzquyfb62+qqmy2oZ38oRSbDZd0VZ9RVvNWCT2co/r2c6RrSM+IDmURpWvfVcguv7945fOqHxi9cwFlfaJOFWkAMDHB5IDgnHm8WOOn3U5IzR9H086c1WXusb1EggAQI3VdP2M6pvaahaVY/TXSaa2yPrlBY1fXtB40B38zTHn812jo5E4AGQhjRKtfSgAwMYBz/K/7b9vcfOdbSUlFnwHjGQLOkIkW94ZGr/rk2PHfWF+Ijw/Qx6Ebk9FEdUvjhKgq6pLbm2vvaq5UnvmOzLxLK4q+cnqjkdXtr3cM/b0Uef2EV/mginf84M0/UVKwwx9dN/gn09Yf7i04fyG0lycAVK4oCNEjOOKxO7ddeKPXQ5KCBDdS4NCxopokYlc01z1rzNrV1ThMPopTanF/MW5DV+c2/DJqP/nRxwvdY+F2YRD1CmEgtbdQCXjhOmJQOxzH/f/c1vld5fUV9twEA1iEHSEiEH+ctL59Z2dw+HkoBiFQaHyFGGSPp2soch6S1v1rTNrG4usWRYYmUjOrCv7/blzv7+q/emjw08ddoxGGR2XXHNivsqoYgrkhV7vO8OBH5zecE1ratlxBNEPOkIkY5zh6F2fHH+ld0QyR15DEU2l6BZF55YX33Na282zG6M+b06KjUw8zXbbfy9vu2NGyQt9nl90jXf7FVc0BdncUlBTRIFAcmk3sTEaYb60c+i1Qd8PlzY0FuNjDckMvGOQzHj5pPOuHcdHIjEAqWSloW3K+4IaOurSqtIHF89c316fmAuo9uxEpgslFtNts6pvnln110HfE52ug94wAMimz2egiKoY5M3BwNax3h8urb9qBnYNkQzAMEyIXjwx5j8O9r866E6uISIMn8QZRJyS2IfK3gTyHUgQG8srSu6b13BpQ8WpFP8IEcJSunE48KOjo3s8EUGy+uUWSgvpJ9UkU9bPKP/BUnxriOglY0c47eJrYM45yfnDMd/d+/r6Qok3gsoujQIlSk6OgqgDqBhiaWmF/YH5qi5wqtUG5pxlzgylb/aNf3vvwK6xAADoUkRVDZEL5I32Etszn5p9YXNqze4pWxuY86TnjGPQkTTEWfro0aHrt3f1hWMpESvx8CHcyE9ximgfPiPZzgljXmnR71a2v3fu3MsaK7EjWCCYCbmqvWb75UteOn/eoio7EAqEACFSI+EOEwZVM0AQkytl9Aajl7599D929EWY3C58g5yCoCNEtOgJRj778fEnu5yMkbXQxF5QZrQUW588vfWjdQuuaq5CF1iAmAm5rqN2z5VLf3P27PbSxKhgwf2RHF2lc6ypwtY4hcf3D63bcPh48q0kgiiDjhBR5fUh90Wbj+32BJNjXSj3VKIAlJsCyI0FTQ0KVUyhXAoFoFBhMf3X/Kbt5y24qa2mMOPiIjxWE/nS/IZDVy97dHlrldUMlAIV3F4EkveN1ODVUwqEu7eUjO2j/tVvHHixe2xyTxOZyqAjRBQIM8z/t+P4HXtOeuNMUqoCAEL4xjcV659yI7WCjFg1tRByx7zmbectuHduI64Og/CUWsz/tWzGoWuWfrGjypx44wxGFFFFwx1jb/jHifv3OsMokyJK4JMIkdLjD13wzp6njg0AgOJwPtmEQPUZgeLJ0Oc3VO64bNWvzpo/6bPj4yz1xBhWuuwpMsk0220/Wdb4/nkd59TySwhpSKPaW8UGhd/2eC77sL+Xj4uCIBw4jxARsXFw7JYth8ciccGYPUiKUPxiobLJ8hJDsqAoBWgtLXp8xZzrZ9ZPbvSckUj8nRHf/zp8m0Z9AYZttdv+a+nMf53XPIlFQuQsqSz66zmtrw34vnVwZDDMKM2jT3QXaUpy0Gfs8YQv+MfJp1c2X9SIy5MiKdARIklYSn94qPdb+7qZ5HsX5VHpEkO+WKgkxJLFBP++oPXh02dWTl6kpOFw7A2H9w2Hd+tYgFsRjgIhJ0OxO7Ye98aYexe1TlbZEEVMhHyuteLixtIfHXP98sQ4Q0E2U4Jwc3MyM1wReuO2wQcX1n59XjUO0UISoCNEAAD8sfjtW4++0jvC6UmK6lNy1AsR/ClBojWuqa94evX8pdVluS2tTsai8TeGPK8Mere4AoLeaeJ9J7cTgUf2nbx9btMk+mlEjQqr+duL669vrbhv3/D2MX7kpyFpVGAwFL572LV3PPzUqqYyjOKEoCNEAKDHH1q/6cDecb+gQ0ckaicInZwORbTCan50eced81ospol+0IQZ9t0R/5/7x991+iIsXya1tj/xx9g944HzGitVdkAmmSWVRW+e0/bsSc93Do364qwBRVRgECCJV9b0zaFA96beP5zV0lFqm+xTRCYZdISFzpYRz/WbDgxHYtw7GIn6lFwHJqMQS5c21zy1en5H2URHzT3oDjx1aOjlAbczyiQLrUvgJTacwjG1sZjI7bOqLmksvXfP8LvOkAFFVLwOUvKF90Fv9JJ/9P/+rOazazHYfUGDjrCg+WO348vbjkUYNq0iKkFNFK2ymH98xtxb5jTltpzahBj21d7Rp48NbR7xcqWT6p/qBmmx21bWTI54i2REe4n1L2tb/9TrfWj/iDfOhzmEjA3BQg+jUebqzf1PrGi8sb0iL4VGpgPoCAsUltLv7O/57v6e5MzklCLKeRGZ7JkuxBK9pLn612ctaC+duI7gyUD418eHnjnucITjmvqnKsUm8ps1c4twRuP04fPtFZ+qs9+9Z/j9kWAm0ihJSqPJG5oCZ8aAfG2n82Qg9sDCGhw+U5igIyxEogz75e1Hn+8aVo9rk1IO9YRYspvItxa23Ld87oQ9Rz4Z8/340MCrfaNRhuVe/OgTb5MGAQIzS2wvrlt0Vh2G7JlmtJVY/3L2jGd6PN86MBJiQaZ/qhl8I467z0nyhqCEPn5kvDcYf2JFA+rkBQiGYSo4fHHm1l09m8b86n4isxBLSyuKf7msfWH5RHQEWUrfcfqe7Brd4gpyaZk5QL7XeHlTxc+Wzqi0YqSeacwRb+TOXcP73BG9L7BVSe50Xr392TObKzF+U4FBaCaLa0zH+BqYs5DDQ86bdnbt84ZS0+SBNwhng0AK5ZrMSiGWCJC7F854dPnsYrMp37URZ+kbDu9PTjgPJOPYGfN/FIDYTOTR5R33LJrhdbvzWmbMeQJyDjPso4fHftk5ri5dkFTTTaCIJsVSIJLfwcpa+98unl8SCeSvzJjzVMsZpdECossfumJr58lQhPvxp1dE+S1yjbTWZn1mzcLLW2vzXew4S18b8vz4xMhRX0T3QFBVo6HY+tK603CyxClDsdn06JL6dXUlX9s9PBphlBVRAG4NbpEiyqkDXHRDoEBglyu07q0jL61pnF2G0yoKBRwjUCjscfnWvb37ZCiaSpIOpiN8StrQN5+qr9x12Rn59oIxlr7YM3LOh8e/vLfvqC+iUR6dxpq6ih2XrUAveOpxSVPp++e3ra21CzycwODHgiXhxQ9lo8sfuezDgf3uyISVH5lc0BEWBFtGPJe8t3c4HAUAoIJIbyKDAuUazhQopVRsJDYRCvee1vr2BUtbS4ryV2CG0rcGXGs27r7hoyPHA1G1KfwZGTfPbnjn4tPbSvNYbGQSmWG3vn7OjK/NqUpI+dy9zQ2QofIPF+9JwQBnmLlq8+C2sdBknhIyUaAjPPX5x/D4Zz/YOx6Np5KUptNxLWiS1IlIMuoSEWwqt1he+tTix1fMseVzvsEnY76L3tl3+QcHd7n8AGmHOaTHBPD4ilm/X7ug1IKDIE5lLCby7SX1z57ZXJ5cOE0w/pMAJG5tws2mSNzgSVtiABBwx9n1W4Y2jQRVjoacOqAjPMXZODh25T/2+2Nsyp8QuQG8wXcRJSlA4LSKkq2fWXlte33+SnsyEP7CR0fWbNz9gdMrKhhP5opomcX06vmL71+My2oXCle0lL17ftuCcpt06dsM7p5k4y/A0Bu3Ot52ZDZwBpl2oCM8lXlzYHT9pgPBxBocqoooLx9R7h+ZIkrpFS21Wz6zYmFlicqhssUXY7617+SiN3b8qWdEFDuVCv7N3Gix2z64eOlVbXkf0YNMKeaW2f5vXdtlzaVKiiioK6JUrJpSoDQUZ7+4zbFhyD/Z54TkEXSEpyxvDYzeuPlQhBU0inUooqCkiP7nkpkvr1tSYc3XGONXekeXvrXz2/tOBhnudU6C7ETRJVUlWy5dtqoW58sXIhVW07NnNt+3sCY5KFSXIkrE+ySNCIVbt6MvPJVBR3hq8ubA6A2bD4YZvYpoArkiareY/rB24aPLZlnys9zGcV/on947sP7Dwz2BiLQ8Qi+YuSJ6fmPlps8snzmB670hUw2LiTx0Wu2vzmiym3nBE4wZMUpu3T68YQg10lMTdISnIP83OHbDhwfDib6gDkVUbYxondX89gXLPt/RmI9CRhj2u/t7l7+5c+OQ0tpG2Smi17bVbrhgSTWGGEQArmureHXtjAabWYciKhJFJZ8YS7+0Hd8XnpqgIzzV+Mfw+PWbD0ZYmnIMym3cpOyZ7CEKFNGEMa+seOPauWvr8zLl7pPx4OqNu7+x72RQWM4cKaK3z2164VOn2XEdbYTjrFr7xvPa5pVZM1JE1TTSTU4cR3qqgQ+LU4otI56rNx0IpVdEU8tqUJB6Sgpwdk3phjVzOvIwUzDIsN84PHTplq59bq5lLffTIEvRbXxtVt3Ta+ZZcd1kRExHqXXjeW3rGhPxtoxqpBRCDHxhq2PbWDiPZUUmHHSEpw57xn3X/GO/P87QhHPTp4gmx4kKpNErmypfPHN2PnTFbeOBT2/ufKp7jGr4Kapk6zMemFf/7UVNZoykgyhRbTNvuGT++o5q+fR5DUVU9AEKlAbi7I0fD+G6M6cS6AhPEbr8oSs+2OeKxlPeTqtpmxoRCmJF9Jb22l8vay/Jta4YZdlvH3FcvrXruJ97fCi6NMmrwUz45sKmB+fn5XUmcspQajH/6bw5dy5sAJAon+mkUX5+ISEA4I6x120Z7PJHtQ6GTB8wDNOpgCMcu3Lb8ZOhGOXD6oLcSED4FCowEpEl7p1T/5/zm3NevCO+8J17+vb5wsKjKxhahU9jfOe0pq/Orst5yacRYYYNxNkgQ31xNsSwYZbGWBplKUuBBTABmABsZmIlpNhMKq3mjhJrnkYCTwu+f3js8aOJ6AQ6KkGlZTbTbt5wXmuzHcdkTXsydoTTLr7GKZ9z78joNds693vDlHCdKsL9dNWNxM6USyEAj6+cc89pbbktM0PpbzqH7tnZFWRYweGVXBoFkUdUjRgsNUyUfn/lrPsXt+WqzGpMes4spf442xuKjRJbrz/SG4gOBqODoagzFBuNxv3ReJzSOF+TRLAmEFW4CVrtlu8sabyqRTTJchrVRvY5/7LT/Y39o3rVB5Xf0cq60ncunQ9Bn85sEkzB2ijwnLEtM72JMuxtu3r2+0IUuGmAaRRRAKCUcB1BLuWp1fPvmNeS27KNR+N3bDv2cu8oQMLHcUNx0vbxMuHRFSkveIoRZtiD3shBb/iwL3LEFznujw6HYwxNDu9VjaJF+DuBc4EJI/UtACD9ofjtOwfLLa0XNJRO0vlNMv82t8puJvfuGaFEh1BBlI1dY8Hr3z/x/Jn1GNd+WoOOcBrDUnrn9qObEitTS369RGIQftSoJMSSmcBvzz7tplk5frv2yZjvhs2Hu/zc4DrtQXlUxz5KxiNL2/9zyanjBVlKO/3RHeOhT8bDO92hw74IQ4VvTfmGDteLT2ySGtw+wgHBRMFgKDx+dLRgHSEA3DKr0m4xfW2Xk1ELPJauDgHgnUHfXbvoU6saTDhKa9qCjnAa8+j+nue7h0XaDt8plBoJGZRyimgyTreZwO/PPu2GjobcFuyXxwbv2XEiTH6yNPwAACAASURBVNnUEAONATDCwTKZvBm8b/GMby2dmduSTzwMpT2B6AcjgU2jga2ukCPMpM40UTUKV5OTtpUNPm+B9g3Kxn5PoU8D+Oe2cguBO3cMM2p3qI53DS/1+TpKrA8uqpmIEiN5AB3hdOWP3Y7vHuzhnpQCfUxdEQWxImoi8IdzTrt+Zi69YCDOfGX78ee6h5Pd0LSKqNG587fPbf7+ilk5KfOkEGHYTcPeN/tdGwfdx7xhrloEGl2iB68gxwGA2hNZrIimOo4K0mjC4MIVFTSfay03Adyx08kIX1QnxpABl6IijfLGD4+Ozyyz3NheMYknghgGHeG05OMRz53bj1EAQgj30FNUREV+kR88AZDsC+bWC3b7w+s3Hdo17heoSaBlSLygbkV0fXvdU2fNnY7zBUMM+/ag++WTY2/2udwxRuD2QHy9OEU0JXtKqlRRGuUaH+nUPN64ZgY+uAEArmktZwHu3CnQSKneOkwYFODuXSMdJdaz6+wTUWIkp6AjnH70+EPXf3gwwgjiSkj7BEIDEs9KKpBGAehvc62Ibh7z3777sDMa4xLSeSmjiui6xornzlkwvdaOibF0s9P7/Ann633jybmeydMhshMUpIDkavIjQtWkUUh+M50imjBWVtkfXFjQc06EfK61PE7hKzsk7xoAQE9dAhCIsfDFbcNvnz+jo9Q6YcVGcgI6wmmGPxa/7sMDw+GIyEXwKg0oK6KUMxIy5VOr5+d2dMxzva77Dw7EWPHwxZQQl+3QUJ4lVSWvnrdoGq0j2heIPNvpfK5rpNMXTsnXWtXBPYeT2/UoomJDhyK6sqr48+1Vn2+rKJ4+NTkB/HNbeSjO3rtnJNlyJOkVUYkxGmFu3ubYsG5GGWrO0wp0hNMJltLbtx3Z6/YDr4hKRDB1RZTvaTy+ck4OZ0rEWfrIUcdT3aOpMoBc6JMZwla3bkW0tcT25gVLaoumQXObpfTvg+6njjre7HfFFdoovEGSf8tjYwHIBoIKU+SqqeCbKiJendV0Q3vlTe2V88tzv4rsqcEtsypDDP2vfWM6FVGZAQc8sa/sdD67uhEHkU4j0BFOJ354qPfVXsEUYPk7NpkiKhkseu/cRsms+Wzwx5k79/RvGPaIH9/6RNEMFdEyi+n18xZN/fiCwTj76oDnl12uw74I1z/m1U65AeJ9qOjcRdKopiLKD5DhtG9JV3F5VfGXZ1df1VKOXcC0/NvcqvEo86Mj45l1xAn3dpbAmwPBnxx137tQ72xuZNJBRzht+L/BsUf29QCAVJPhZ1Wnuh2E7yhQThGlQG9tr/3P+U25Ks9IJP6FHT07PCHgjiqd2a1mZI4J4LlzFkzxWPPeGPO7k+O/OuFyRBnxFo3qEO4j3lnoDtM+iBO7KQmhFzaU/n/zas6tK8nlqZ7qPLSodizK/K7bl4k0yjdHCBD4/mHXsuqiixqx2qcH6AinBz3+0C1bDzOpTp6KOCPWJIU7Xtlc9b1FM3JVnq5A5LpPuruDMYUyKAp9WSiiAPDYilnXtE/dYR2eGPPrbtcvu1zuGCv1ZFqGekWB5E+N6fPKiqgJ4LLWqq/PrlxRNdX70FOTHyyt97GWl0+O65ZGifDqMAB37nC+gwNnpgnoCKcBYYa5cfOhsXAs9cpIsV8lVkSpYLDo2pqyny9ty9Uiy/u9oeu29wgGiPKHB9mDXEaGiigQuGFG5X2LW3NS8pwTjLP/r9v1sxMuV5SfCK8hhGprpLIU/tmqqoiCoiK6rrH8sVUzz2koz3RtRoTHYiLPntfh/L/YJocvXY+cKBquKHvb9uEN61pQjp764BWaBjy4u2uny0cTSmcSCok2aMoAriNCgAs6n0iZX1b8+5UzcxVZ6aOxwBUfdzmT8Z4IgGDimlDekxuGRNHllfYfnz5jCk4ZZCl9vte9+r3O/z4y4krOCEygxwBxH1mYzvcROY8IoG5w154keyezy4pe/vT89y5dfE7DlJaRpwWlFvOrF81dWFkMQARqh9zgvsD/Qjljjzv6zf0Y3mcagGGYpjp/HRq/Y28vABgLsVRrNW9cOzdXsebfdnpv3dUbYhV9GlEqGGcYCrHUYLP8/dzZbXZbTgqfQzaPBh46OHzAGzHSw00iEYsl+wi3KnZDgGuCJLGb4e65tf8+twb7H7mlJxC79B8DzgiTbkeVbiOF365uvKa1LL+lRLKDUKr4UFNmOsbXmNY59wQjF390zBNPxDASr/kkMgAg9QPkQyzZzaa3L1y2tr4yJ2V+rW/0hs2Hoywr24sXRVUe/RREHlFfiCULgY0Xnn5hU9WUuoJ9gch9O7pf7nGxBtwf5V7iplLU5lnyTo4PqCSIrMQ/aTnt+1N1pf+zrHFumUKLYUrdz9M0521j4Ws3D4QYKnN2ROGiyIwqm3n7lQvnVRZPZJkx54xyxsbj1CXO0jv3nPQyYtlNrohyslhyAyeNEkJ+vWaB0Atmw4snnTdsPhxl+VVLiMzQLQrq49vLOi5sqsqmzLklztKfHhpc8rc9L510sZkJofKT107h1U5RgsDgdTkotZAfLWt6bW2rohdEcsJZtcVPrEwswySXRhUU0ZQoAwCUuqPMTR90Rxh5CxKZKqAjnLr8oNOx2yuYnACgND6T25qYLCF4Yv7n4vbPd+Rm+Zg/dg/f9NHhKMuNEZcWBrQMqmMfmXH5jJoHptIAmQPe8KUf9dy9o9sbYwAyPh2BQQQpNN2oUcUQS3ybg6yuLv7HebNu66jCudv55rq28vsWcsEl9Kz7CqKU7aOBh3cOTkRBEUOgI5yifDjm+0WXk1IukADV+NDEJzFQlFJKgV7RUvut0ztyUpIXTzpv2XIkTuWFSKD5CDbUceooKXrm7PlTZIBMlKU/PDpy8Yc9u9zhVEMjBwZV2kQEKQBUsCxQ6jZIDge+Z17N385pn40dwYnigYXVlzWXJuofIHFRiKoB0pQf7x9+d9A7KSVH0oKOcCriicW/fqAvzr++pXJFVCiNpuSahCK6qKL0uXNOy8lkiVd6R27eciSuIITqUEQzl0MBwELguXMX1hdPidlXnf7IZR91f+/oSISVnJIBRZSk24eIUqTSaKrfX2U1/fms1m+chlHRJxSLiTy1qmFBRaLlwa0EBErSKAA3xT61KU7pbZt6xsLxiS01ogt0hFORBw8N9IWiJP1M3tSLCspNqC+3mP/yqcUV1hzMEH3b6b3po8NRVq0MoGXIvYA+4+GlMz/VkJv3mtnAUvrcyfFPb+ra5Y5kIYTyhkQR1fEthT0JUFhSUfTeupmXNOIoxEmgwmr6w1lN5VauyaIojVLVTb2B2F1b+ya2yIgu0BFOOV7pdb466E6KosofIhVFOWmUUPjtmgULK3OwsNNHY/5bd50Ms4olSIexjhOFc+srHlycs6VQDeONMXfs6r9771CAURQwMzVAkEJlKerfEimiABSubqvacO7MjlKUQyeNueW2n69sSL6Q15BGVYw/dbpe6/dPTtERddARTi2c4ehdO45zf+lSRCkhiUBLBMg9i9quba/Pvhj7PaEv7OwJJdYLkyqi/NusVDGlhiGqrJZn186f9ECDBzzhCz/sfnXQBwBSuTJng0V1qKYiaZQAwN2nNb10/gKM7zPpXDGj7KtzK5UVUTWxVGD8x57RYRRIpxj4o5pa3LXj+EgkJh1KmFYRBSCEfKq+8tGls7IvQ2IdUW9cY4yoUOiTGfLXXvqMJ86cM6d8kqN7v9jv/sxH3ScCUYBshNCEwV8s7Z1VKhMAIDmx0gTw+KqZP1ndMemtBCTBw4tr1tYWKyiiIEhRNmA0Su/fMzZxZUV0gI5wCvGXk8Ov9DozGCbK/UsprbFZ/nDOabasVxUZicSu+6TbGY2rHDsdRseUXN1ac9PshiwLnw1xlj58yPGV3QOhRAtANIDTsCJKBClUcMqKqqlsEyVAwULIr8+eff+SnIWQRLLHYiK/OrOhzmYGyFQjBaD0zcHga30okE4h0BFOFVyR2D07TwCASEsRKaKJrgMRGolhoiZCnlmzoDXrddT8ceYLO092B6PqY0Q1FVGj0miNzfLUWfMmcb6EN8Z84ZPen59wce32nCuiag0EkKWIpFGLCZ49Z86X5k1mEwFRZIbd8vNV9SS5NlB6RRQS/+Nu8v/YNzaWftk2ZILA6BNThft2dQ5HogCgroiKjGS3JfH2aGHr5a3ZRimKs/TOvX073EGxmqcojSoZRhVRAHjyzDnNk7egaF8wdsP23sO+SPLvbBVR7n8ak+XTxqsCAAALIc+dO/fGWVM3/pQigTjjjjKuSNwdZfwxJhhnx33+OKUmAiaAYpPJbiGlZlOl1VRtM1daTdN3cdRLmkr/bV7VU8fdXIKWIir5KY1G2G/udz11Rg7e6CPZg45wSvCuw/V893DyoajVrxLtkvh3aYX9O8ty8GrwkSNDGxxe8Zt/HmE/SbN0JGPjytbaL8yatB7Pfk/4xu0nB8NxoNyjymAcpQxDLKU7lomS35wzZ4p7wQjDdnoj+8aDRzyhY55wlz/cH4i6okyUoSwnMIO6QSjYTKTaZmqxW9rtltlltjll1vllRWeWMpUJ1XHK841F1ZtHgvvGY0A4WVvZgOQbX0EI3xdP+te3lV6AwXunAOgIJ59gnPn3Hceo0EVIF6EGYQrlDAJQTOCXy9qzb1M/1zv2VPcoAHCvtRTLAKqGUSqspidXzzH+/ezYPBq46ZNeb5yKe2SG/DlIMuFThLUj3EeSIjV+fObML86Zit0FT4z5aDS0ZTS0xze4bzzkjzHKi6cTSBvbnRKIsNQRZhxhZtd4mK8cC/TNriheWVuyur5sTX3ZytqSoqnaayw2m54+o/HC9/pDLKicKQCAxAUmDErh/j1jH15YXIIjgScbDMM0+Tx+3PGjToeOB2syVchjp7X8a0e2nYbNY/7Pbe+OUfljmkfTPRgKsZQwvr+4+Y6O2izLb4wNDu+Xdg1EGLmkm0NHCEr7aPtaAIB75tZ+47Qp5AVZSg95o//r8P99OLDbHWb4cUDZwnkFeboAu5mcUV28rt5+QUPJ6ZVFuYovnUN+c8LzwN4xpc4viA0JBADuW1j50CK9ERWQPJGxI5x28TWmeM4nAuHzNx+LsGyaEEscVPB8vaS55q1Pn+5xu+W76S9ztz+85n93ycLN85A0j34KIo+oL8RSwlhZVfL2ObP1LBid8yv4l37P1/YOxFKBFYmSkmnA0B1iST2f61srn1rRpFEtE3k/H/WEnj8x+lKP65g3lBwwJVX8DBucF1RwhapfayiyXNhY8tmWsnX19sSUyqnw6x5zua77yPH+cEil7ArdQX6fYpNpz7ULF3BBmiaszJizEJRGJ5lvHh5MrWOprEYSPoVyiiiltNJq+dVZ87MMOxCIM+s3HXRGYuruSociqtGTVMdM4IdLmiclbMKf+9x37R1gEisj82c6QYpomnzW1NqfWNY46dEkIgz7co/r18ecm4d9LAjVTtBWO3UbkFpOXlr/CRR9ITijzJ/7/H/u85WbTRc3laxvLb+2onLShVMTIU+srPvUuwPeKJNWERVvImGW3r21/81L5kyRVeYLE9SmJ5MNw553RnzJP9KGWBLsQwj58aq57aXKrUj9fGX78V3jfs3hqaBqgPomHcYt7bUrqiZhmMCf+9xf2zPIUMXaTpo5MmgmOwMAtNqtv1s1Y3JHUY5H4t/bNzj75T03fXhiU8ILguKNkY0hcXhCg6S755K7+Rj66kDg89sc7S/t+/q23v3jQd2nmBfaSqyPnV7LlZRKfrxiQ7ppY7/v9ZOZ6TpIbkFHOGkEGfa/jwwCcHKn8kdh7jyl9DPN1bfMacqyAL88NvBc1zAolyCBviYqzdios5oeWjAJI0X/0u+5a98AFZ4m/7prQkMsKRhFJvK7VS2NxZMm0oxHmW/u6pv9yp6HdvYOhqLAL3fLBwPjb41sDUFuog/hbnhQMkS/CP7jDMWeODi8/LWD57115MVu1yTGv/18R/mFDXYAECwSy1edpA6ppHof2DYQiGPk3kkDHeGk8avuke5gRD3EEtdmTAwT5ebRE0IqrJZfnDkvy6N/Mua7Z8eJ1CurxLGlhrpLU3ivkwEPLWiqtk30E/8th/dre3hFFGRuPnN/noKk20euJkv3+e7ixlXVk7PCXJhhf3rMtervXY/uG3RHE7O8JaHY+R5MQt8DowakqiKRK+ENSN72qgb/J5EbLIFNTv8NH3TNf3n/D/c7PNHJmav+Pyvqyy3a03CFtZoyuvyxJw4MT2BJERHoCCcHRzj2ZKI3lomylJg+/51lszrKsnpijkdjN2w+FOZHe05UiKWEsby69Ob2iR4mt2nUf/uugRgIXt4kSpMDIZQIUvSFWJIZ184ov62jSue55BCW0tcGvGe92/Pfh0fdcV7LTa/mGTdo6oWfwNBWRHXvQ6E3EHvgk/6Ol/Z9c+fASFhtCFi+aC+1fnNxjcDPSSpBqw6/v9c5kFjkFplw0BFODt8/PhSICwUfoTqkJYqeVVt+57yslp1kKL1j27EufxgA1EVRdYx1nDjDROHxlbMmeDDIXnfo5h19EZZNhbZKFSx7IZQ3eK01s6+3FVv/Z2m2QrcBOv3R6z4e+NKOob5QTCaEShRRTh7IVhpVE0XTKqIKoqjCB5L/uiPxR/cMzn/5wLd2DUxw7/CWWRWra4p0KqJCwx9jvrFjcCKLivCgI5wEDnpDL/aPqyiiAJASQlMhlgghhJgJ+eXq+VnOo/pN59DLvaMqiijX9M6PIgoAl82oubh5QruDvcHojYlZ8/zZpXoYkJ1jJ5r7gJ59TECeWtlcaZ3QhVRYSn/R6Trvg573R4LJq68i2QHkVhHlTJEiyoucGSuiIkN4ZQkBAHeU+faeofl/2f+zg8MT9u7QYiI/WlFn5n/IorPXqGcChDzfOb57bJJH/RQm6Agnge8cHUy1UVVfHohCLCWMuxbMWFqdVWjyI77wPTtPaCqiQqFPyQD1TekMC4HHVs4yWnYjeGLMP2/rdUQYzvVIHkyGDZ35pKtMAvcsaj6ndkJHz/YGY1du6f/modFQ8m2gslKXFyOF/uomunaWDgNOGc5I/K5tfctfP/S2IyArRl5YUmn7t7mc0K3csFA24gAPfoKdwkkAHeFE8+Go7/0Rn5I6pKWIUkpb7LaHl3Zkc+goy965py/IsEYUUZB1CjM3bpndeHpVqbHCGyDKsrft7DsaiMgU0YkJsZTeWFhe/MjyVoOnZ4g3Bn3nf9CzZTSoJtAJDO40c6KIaomiatKobkU0dX1VT+eIO3Tjx0M3fezoDUzEi8P7TqtqsZsFlaBRzyLjnX7v3we8E1BCRAg6wonm0WNDNKEaEaEiynXRxINFE4poIuXxFXMqrFmNtPz+seF9Pm59EKk0ClqKqNAwSrGJPLx0Zra5ZMK3DjnfHw3KOhac60pizABBimIDgaT9ugnI02vnlFomSBSNs/SRgyO3fDLoTq2tqq3Ucd8UiZyZKqLi7mAGimg6IVSiiKYReAkQQilscATOebf36U43S7O+oTWpsJr+e0mNTkVUaLBAHto+lNeyIXLQEU4oG4Y9uz2JdZi0dJLko1SQcl5D5fUzs1p8ctt44GfdI+oSjaaIJ3xoGBUVv7Kgpa0024iJ+nm+d/xXPS4AQe9NpWCZGIpOQnGf9KrpbfMazmus0HEqOcATY27cPvDkiXFKBO2e5P/VDF1qnqYBAJLVRLO9AKqG7oIFGHho/9hlmwY6ffkdonlNa+k5dfYMpWMCADtGg690Z7aWGJIl6AgnjjhLHz82ZEAUNQP8eOXcbEZaBhn2rr39DAUjomjWiigAlJnN9y2aOA1w53jo/gNDSbkJaOpZPEFB54nK11P71BVZHlvRZvD0MmQgFLt8c9+7wwHdAh13ItkbxhXRTETRzI3trvCn3+t/psuTv66hiZDvLasxp9NsJeNdASgQ+siuIcFCuEjeQUc4cfzN4T7kC2sropQzEt1BQggQctucpuU1WY2Reeyo43ggoqSIJh7Z3H55UEQTfGVBy4SF3h2LxG/b2R9hIXWmKVE0h4qo4X0IAHx7eVt9sTXdqeSAY77oZZv7DnojqdtMr1LHFdigIWi3ZTBrXrciSgSXNbPzShoBlt63d/TmbcPjeZtfsaTSdlNHua7yiNZ5IAdc4Ze6sFM4cWAYpgkiztLzPzpyzJ9QY/iXNCAwlB+lFRbTx+sWNBYZf2h+Mh689OMT6h6NCMojM6j6Jt1Gqdm069Pz64smYikZltIbt/f9fcQvq81sz0KWD8g2QZrK5PZZUm57b13HBIQTOuSNXPtxvzPCPej1NmtyUjBdIZaMHz1n/SXSarf89syGM2uzXblXkeFw/Ky/D3pjmpM3hKIL11qbV2796OKWKRhz6pTEoj9QBUzP+BpTJOe/OsaP+SJKP3Iq/J/81/21WfVpvaBGmUMMe+/mTqqQMRH8qwIV20Y9yK3tNXIvmKd6/tmJsb87feJiCEMsZWMohk8SBm8i6fJJPuYeWdQgecDlozaO+CJXf9Q/Go2LUmnqUSszJibEEmh+X/U7mWWjZRCuhMmU/mD8qo+Gnjir7csLU6/hc/XcqAZ4YCk3U16jYCCpPTjuj73WH7yuvXTaPeumY84ojU4ELKU/6XQmVSOBoiOXRoWKKAC02G13ZBd398eH+w94Q0LVRa8iquaZM4MUmchXZ09Q6N2d46HHjjoBOKEJgBPjsldEhc9oSQNBgmY+lHy6vuSChrzPIekJRNd/PDAajYsUUV1aIldg4wZwfcGMFhQlgpR00mj6s9A+Qa4+uDKH4+ydW3q/uqU3H2/m7l7S0F5mUy0PyI3knz86kvfRrUgCdIQTwZsOz7FABADEv0bCp9DUJtFg0QfmNpZlMbz+qDf42IGTfG4yA1QNUN+UofH51urGCXkZ5o0xd+4eiPFuHvSdacZG4tFJM/lW6gFHAB7Of+j5sUj8uq0Dg+E410kFpTrJkyG8hyR1QTSrSbib2j65Op3E/6jEeOqI8/K3O8cj4j501pRaTA+vaFYuT7LBID4vblDVcW/8jQFcaGYiQEeYd1hKf9blTPaxRB/VYaKJlHklthtmZLUa2d07TihNn08gd3ocih0eQ4YZYMK6g986NHwiKJg7DwpPllyMGlXcpD1DP/XvZ5vLllXl5V0UT5Sl/7J98IQ/yt9gAGmHLIo1AOMGEeUm+hgJsaQ1TFTrdLRHw3IXS8l4e8B7/lvH+vw5nllx87yaRZVFygXjP6nWVSrlJ0c9DHYK8w86wrzzj1H/Xk+Iaw2nCbFEBJv+Y15TNq/KX+kd2Tg0LlNEJ2awaNI9fLapYvaEzB18e9j3XO+4eOidEMOKaCIrDf2TP1Z6ZZVQuH9+3psF9+8b3uoKZaKI8spE1opoEgMhljJRRNOcTlpD5SySbpLuGw+te+tobmcZWk3kkVXNyuVRkEZTn33j0XcGfMqZIrkDHWHe+VnXsFgl4587Cooon7K0wn5lc6Xhg/pizH07u/gDiQ3QMqiOfXQZBAD+fXZWLzh14okx9+wfotIz1Z72rtMgghSDIZb4Wr20qez0yvx2B5/rcf+h15u61rokRG637KVRqnj3kGwuQMrImyIqN3r8kcs3DR3wRCB3XNtRtbLWnioPBZkiKjSAT3l8rzOHxUAUQUeYX/a4gx+N+QXqkFT/kSuiCQ3n/rkN2cyg/9Hhvp5gWKZPgaTpLiU7IVRirK6yr6qeiOWkHz7kGAzHUkJT7hVRzpWpSqMaRqKHSoHC3fPy2x084In85wGnVEVMr4jyz2XIzlATRdMqotIfxcQronLDGWau3jS4dzxnvtBMyMMrmqSXRqSIgiAlZXww5PtkBN8U5hd0hPnl6Z4R8cqiKZGHqiiiALC80v6ZBuOLb50MhH90sB+kiij/gAZlI9dvIr48ayLeDm4aDTzf55GFWEqQjT8nmvuAvn1S65mtrbWfWZPHAPRhhv233UMhVtAh5q++qk4IOVJEBXVOYGJCLGVuqJ8FKG9yxejnNg/msF94eXvlGfUlfDUpGQofFsgT+0dyVQZEEXSEeWQwFH3D4QEA+QNIHmJJ+Gz6enbdwYf2dAdZbgKvggIGghSxAeqbdBmp02wptlzRlPeFNMMMe//+IW4wgUQBy/Is0u6crjLFtfqVuTVqZ5ETHj86dtDLv9ZSuKnyaEhHc+ivbqJrZ/UQSzlQRBP9dVDexxVj1292HMvR+0IzId9Y3gRaQqiy8VLXeM7H7yBC0BHmkWd6x2IsTRt0XiyK0tMrS/4pi+7gtlHvC91OsTilA0mn0LiR+G3TL7bXTMCiGD/tHD3uj3ACYCJtqoRY4q44AIVZpdZLG/M4d3CvO/yLTpduRZSTJSFHIZb4FAVRlL/tJYboF5FeFDWiiPIF466mIcMZZq77yDEQzM2cisvbKxdXWCClfwr9tEgRFRpxoE8dGs1JARBF0BHmiyDD/qnfpaaIUlBQRBPGg4vbDXcHGUof3N3NkkyCzguNHGEl5Ka2qvT7ZUdPIPrkiTEAEOtLkLU/B0GKYgOB6Pi6UJGD22ZWZdPF14al9P79zhhwt1B6RVR5UnmGBnCH4/KZ1BBLSgZfIdlqv31B5oYtjjTLpOnDTMjdC6ogVVMgsLU+vzkyGojnoACIIugI88Vfh8ZTq1vJ5BpFRRQA5pQVr29vMHzQjYOuD5xCMVaHiCd8gKurUzqMlPD7T00VzfmfRP+NQ8MhhqbKkVXhQcVJyPfRrEzgKlxQq3aL6Ya2PKrEf+r17BgPJ4tH+XJqG0THPtoGAOQ5xFIOFFECaooogKDwGuNIkxke9MZu3eaM5mLdmataS2eVWgQCRqoUGsZohH3hBC7DnS/QEeaLZ06OiTUiBTmUylSguxe2GlYUYyz9xt4esTiVjtwoovyTK5l0c3tW6wDo4YMR//86vEkRDAAmSBGVpyjlkxLlKFC46MAAIAAAIABJREFUqrmsNm8Ljvvj7GNHRqVDK9MMocyJIio8TcknrSIKILvzJ1oRTdaD5j6iq0nfHw5+c99Y9pfMYiJfnV8h8LiqiqjEeOoQDpnJF+gI88Iud2CflwvAy8meVDxGlBCRIgoA9cW2m2c1GT7oq32je1x+kZoE+jxZDkg575l267ra/K6lGWfpw4eGBUpcghwqoob3IYJ/kxrgF9rzqBL/qmvcEWZSXVVdymE2OiFNnhdP/kIsGVREgSthurMA7TOVZwj/r8v3fE8Oprff0F5WZzOBuOLSfnaNhbc5A9kfHZFjyXTx74zIX+ZTPOfn+lwURHINJ4RwvzBZChDyxdbqmN9r4PDj4+Nxln5zd5eSAsb95uUSFMhSDBqig97QWqWnU5tNPb/Q7z7g5Qa1E64o2Z6F0KDiFB2VmXJFok1zSq1n16afNWGsNjwx5hcnxlOKKEiufp4MycUlMjvrC6BX4NUwcqOIyo3794ydXmlbVi1dLymjK1hiMd02u/zxw97EMfnipDV+umfwF2fmbJGKKf4UncicM1Zspl18jYnP2RuL/3XIAxT4+1ciQCpiM5lunZmaeJdpmV8bch8PhLk0yfNICSq2iWGDAKXJhwWlJgJfXjyzuizN+inZ1HMgzjx+/LjgoNxbvckPsUQ5PS2Vxb/MbaitSTNxwnBtPL1vwB0VxxokagYBwqmFqvvoN6j63azxNX6rDgwWLHGCRJYCKe2av9aSTdL6oUC4l6BJgwCBCEP/dcfY9qsWVAvkbgNX8O6VZU8eOxhmaQbnSOH1/sD3ltdUWFWVvFPmKTrBOaM0mnte7HEGGFYie4K6IgqEUCBXN1cajr4bZ+mPT4xwTenEs5jbpmjo8czpUXC05zZUzkrnBbPkqaOO/mBMUIbsFVHhM1rSQJCgmQ//Volw3pGQm+bkK9ZEiGF/fmQ4Q+WQK7Bxg+tRpRRRbvnc5J+KBhGkpFNEMzgdxROENGcB6U4QNDqaBAjp9Ea+8lGf8lXRTXOJ9frZ1cDVkc5PiIGXe1EdzT3oCHPP77ocSYtwvzBNRZRSIAD/OtO44vFXh+eoXx7mKWlKDVDflLHBefRkCrlpVn5jDI1H448f6OcOyrXfdRVVj8E94jP4FhH/LdpndV3pnPJ8NQte6h4bDMVSTR8A9cd3rgzhPZRR5fK25s65EXgT/1OSPUF9k+ZdLTde6Hb//ni2A2e+trjeBJqNK6Xm1vM9/iyPi8hBR5hjDrj9O0a9GnPnJUPjKKUAdFWlfUWVwWU5WUp/emJE0NHTRLHDk62RtEpM5Nr2/K6y/fPDg6ORmPjoJAtDceU5jX3khvBf4TxxAAo3zMpjbTx91JkaKgnaQyhJqpzGjfyHWNI6C52jYTUHgoL6JumCq3zVCYehig5698cDfYGsVns5s75kdYNd16hR/rgU9rqiB9y4ykyOQUeYY/7QPZzsAmqGWEoYXEOUCN8OZso7I74D3jD3IADu185t1hYFjSDvHCS5qLm61qi6q4fxaPzJw4OyQxtWRPWkEB35cBUuUESBgAng6rxNI9k/Htw64uMUM1DRCYWd5qwV0SR5DrGUlaF+Frx7S3Omir1AYQcxdVB3jLlzc1+WwQLvXFgH4npU+CRcOFddlMALJ1EdzTHoCHNJnKV/7nEqKqKSlJQBpMZqvrLZ+Aj7J7tGUhlqy1RUfVNmhpJ2ROGGjvzqok8fdYwmx4ZoT3vXaQhrLNsQS/JNK+tK8/e69LkTo6kjpdEJlS6WAYMqnifJvL6UjBwIvIn/GVNEqbE63NDvzXKS+/rZ1XU2M19AVUPMq33BnEztR3jQEeaS94bHh4IRRUVUTRQFoNfPqCoxG7wQn4z5trj45iHR2jVnQihv0JRBodRMLpuRx3n0gTjzxKFBQZeXO9kcGJz2JdqkZ4Z+KsSSUBFNGFe25WuV7RhLX+4ZEylmyoooyBQ/w4aiKKpHEQWQ3fmqoqhBRRSyVkT5+fWKiihoFOO+bf1jYePLkJZaTDfNqwYNRZQ/TcoVmBJHmNnsDKfPHdENOsJc8udubhSfpiKaVE050eMLbcZ10R8f7he0qdX9Vv6bj+fVlVXa8rV+CgA82+l0RmKChGwUUaJjn7T5CAZ3JN2iyLiyLV/Ngl1jgR5/NPns1lJEudPk9AhDiqigdUUgE0WU/1OHIgqKZ6HfUD8L4Lx4+jPV6HGqHt0RZh7ZNSS9Qplw+8JaEFeZ9COtUgoAL/dhhMJcgo4wZ4QZ5q/9YwCgHWIJkj/MZMoZVSWLjA4sPBkIv9rHrUmvIY3KvYARQ/IgEJwUEAC4ojmPy2nGWPrE4cF0JdRpCCtKTRFVr0ze0KzVVrtlSd6CEv+tzwWg8dTWUvOMKqI8+qubZLKz4RIm/qcZYklrH/W7Wrfx9JHRQx7jo1cWV9vXNJYkigNcuUR/ikimvjUQDOIa3LkDHWHO2DDg8sXiaUVRXhFNfG5sNd5v+PXxofSvCnKpiBIASD0Zee0IqJnQSxrK9Jc8U/7WN9bpC4MuuVLbAB0paQ0tRTRhfLq+xJxqKOSYDX1uTcFQ8CTNiyIqPFlFaRQEKTpEUSOKKF8wkrwuBg0ALUUU9JQnztJv7Xdlc0FvmVcDitKoVBRNGb4YfdeB6mjOQEeYM/7S60wbYgkAkk9zCgDEbjJd1VRp7HAhhn2m0yH1Txo6Xz7gnphra8qq86mLPnl4iGv8Z+nPQZCi2PAm+r4OnCIHEkU0YVzQkK/VVkci8QPuUDqdMGmCcUVU3OuadiGWwNiZSjqaesvz7nDog+EQGGX9rKoSc6p+ufeakoUIpON1X+tHdTRnoCPMDf4Ys3EwOX5MTREFEChxhADAZ5oqDPuPl0+OOMIx6SEkgpPwAZ6JTCUzVBXRRMqljeUZn4Bu9nvCm53edCXUNhSdhNxQqkP5PulqlQCsq8uXI9w6FoonCpD+hZYRoS+RQbKflCKru0fBoLkoobbsCeqbtFygoToE8thBN2t0KkVtseXy9ko9iqjQ+PtQyI/qaI5AR5gb3nGMJ3RRPcNE+c/6LGZN/Pp4ulf0kt+VQYN/cikoookEQunF+dRFn+lxsTlQRIkghSqdoDxFKZ+UdKYqjZ5eUVTNj4nPNdvGwipKHXeaxoVQgaEqiqZVRAFkd/5EK6LJetDcR3Q1hdIoCFJ0FwzojvHwOw7jncKb5tXoUUSFRiBO30d1NEegI8wNr/WNAIBGiCUqFIKAAIVqq+XT9QY7Ugfdgc2jiaXr5f4JREYOIMrJ3CE6Smxzy6SL8ecKb4x5ecCbtT8HQYpaAwFkKZJNRPAvJ1gpGevq8zVMBgB2uUMqAp2wmHpUwXQ6IUBBhVgSGJmUh6ZO50eH3WCUi1rK62wW0KGICo23BlEdzQ0Z63LTLr7GBOQcZti3Bsb4n5N8QdGkFkMFKYR8tqmyWH36oHaZf35oiJOGxL9hrsOTIjsFS/lhQUUpF3G6aD7q+eUBb4DJYrZ74n9pwiel3Qe4h52ug66pKYH81AZL6X43H39K/vgGlU06DQBVRZS3s72fJDdP5gbhf08KBhV4QbV9sjq62OB/10AAYIcrunkkdG69wahb/9RS/IduyZIxaRp5bw+FwwwtNqcu0/R9ik5uzhb9gSoyyjfBVIivMQE5b3cHxqOqk2rVehz/Mm+G2rG0yxxm2FcH07U9qcApGjFI6rGYbPkKDPHeV3Q0VVdX56meX/ioV1Ce7A1QSiE6vkW5h3ia6rMQuGR2E4QyWxlZZ22c8IUDDJvwBQDAGUSWkoUBGnKCwa9lkI2WQdIYiT9o2p0h2YJMeE2SCrHEbcqkYKJE8nR36Ir5Ldpnr/ZL+Vxb6R+6/OIGR5q2hTvGHopYL5xhsCU6pZ6ik5szSqM54O1hn0aIJe4BKjLqbNbzGw1OnHh3xO+McH5XLo3mTBQlCmlUahebyLmN+ZpBuNcV2JFcN8ewIip8RstKL0IzH+HgDqJlzK+w1xfna8HVI57EW6gMJ5XrNbi7qIBDLGVgCH/X3AHe7vMddht8b7e2rriu2MxVmpYimjIA/nbSmzZnJC3oCHPA2yNeAAVFFAihMiEokXB1W51VRxh3Rf48MK4p1yT+zJUhyJ+KtxECACtr8zhx4rnEMqppSqjT4B7xok3a40glrXJdx1rTkMcBtJ3eSM5kPbkbSCE8q7RdE9Cxz3QKsaTLoClFVGCQOIWnD3NrXGSIxUQ+21ICos5memNDHzrCHICOMFs6A5GuQERrmKhgsCg/GsxwuKKxaPxdp095m2KHJ1uDSg3xTuc3GpwHmZYYS1/q5hyhkcGiekIsaRvCf7WmzwuN1XV5HEDb648IhixypeXLadzQCLEEKmNEMx8matyA5NXMakFR4aWkYgOMFEw0/x0AEs0s+nynyxdjjF3fz84oAcqVWZ/R6Yka7oMiPOgIs+W9EZ92iCVeQqGcUWW1GNZF33B4Iyz3AwaZo6LK39KNvHMgQ+wQzze6IEBaPnB4+oP8ylUZeW/gTkFeHRr7qOdDIa0iyhur6/PoCLkKyY8iChhiSYcB2gZxRdjXezxgiHPriyts6QeLSoyNfSotY0Q36Aiz5d0RHyRb1bJfmkAIooJNl7TU2I2Gm3hl0CM6hORYsiNnbihpRxSE58IbFgJr6vL1gvCFntFcnA6I2+z6vyUegaLvW2UW08LK9IMGDeMULaHAH1rxEa/TIAq3q/QRL98k3JquUlRunkyMxP+yCbGkdFeD+g2vZvC9cOF5iQwAgGePGVxxrdhMLmi0Z9rsQ0eYPegIsyLIsFtd/rRz54UqEgC9vNVguInhSEwQdEmJjH5BWoago0lVd1pZU1puzcvM8QjDvt7rynplUc6VaammGgYkOxyia6hlLK0qMdzE0YMrEpdNKucVP2OGUB4UfnIUdF74dsCIIgpZK6JEdqbiU860YPxH1LriUygA3eTwDYeEkVIy4J9a7BlJo0BhiyMQiOESM1mBjjArdriDAYYVKqIgDLGUbCqKDAshlzQb1UWHvJxXkjmq1Ds8wxCtjUpec21DvrqDHwx7XdF4pk1jAIBUP05tH6IjnzQhltSM5bV5nEoPAO4oI+jBSKS/TA0QXXECmSii/J86FFG+42hQGlU/C+Bu+/RnqqdPnI00KvrEKXm12+Dk+vMbis0m0CeNJq+Cn2G3OnFmfVagI8yKD8f8kt8VTfo8QQqIfnuraysai23GDvdXB7/kZur3LUqRJesz1OUgTVFrbX2+HOGrJ8fEJdRpCCsh66DzoG9ngbGyNo8vCBlKw4lJhBmpeRqGtPGkv5pIZnWac0WUcJ05rX0kPiy7GuN/18oGSIxXjb4mrC82r6rhnw96mn0AQN4ZQHU0K9ARZsWHoz4NRVSomvEfw93BkUh8+7iSLsrnDRn2oERG4ictbmhTra+ZgK6uy8tUgRhLN/S7AMDIIM9kCpWl6DTSh1jSMFbW5mutbQBgKcQZmiNFFETyoPJtq6aIgvCe16WLZmxAOrVTjwEA2YZYUhB4Cfd9wuUlD59E6CaHf8Ro5PoLG4v1KKLCa/HBkOYbEyQd6AiN440x+31hABAJQQJFlOsdiqTRS5prjB3u7yO+GB99UOix+CZwbknnWZuKba0leVlidNeYvz/5iiUjfw7pNpF0Xxd0ZZLXMwPDZjYtyudIGa6ANDsDxJ0kidTGa5ugZEj2UTeEymHGCiTfrVc5C9B/phodzWwUUYmt8IkysNHoDL8Lmuw6pFHR1dk1EhyPGJyzgQA6wmzY4Q5G2NRqn5IQSxRA/iOsslkM96I2DvsUBrDxiqgRaVTyaxcUWIeotbK2LE+xZzcMcGsjZXYW2jvrqx8Vt6jHmF9RXJTPkTIAYAJTjoQ+Y+dJdO1Msyxh4j9NRRSUNokMjUNkKJYmcqRCAwCIVpuKAgD8rdegOrqi2lZlNalnrVDzUQpbndgpNA46QuN87PJriKKKn/Mbq4w5jzDD/mNU8BpAqHTxH1D9Taob4seiDkWUN86ozdcSKhv6OUeoVxElghQqKKlwHx35pKQzI9Lo0ur8jpSxmojFJL70Rgy1YaL8iSgOFhV8V48cCoYVUchaESWpMwXh+QqGlRnQbEWKKAhSVI13+n0hQ/ECTYSc21CcrAoFaRQUx/RudqAjNA46QuNsHQ9ynT/CtRCThjwlYVzQZDAA4VZXwBdnBQ15pUZxDtHhR5fX5OV92HAousfFr1itx5+DIEWtOQCyFMkmIviX050yNJbk2RECQInFLHgcZ2RwReXJR4gl4d1uUBElRk9QeKYafb5MCsZPz5B2hXV93DF2i9Fe2rr6Yi4bnascUHSE2WDJXwgMmBrxNfKUc5Rl93iCwDsimvrJUdUfIV1pNxkr+Tuj/mQ+yQc44f6RG6DbUConVd8kNCjMMsezuQpq331rwJsaY5D+LMgEh1jSMNotrOEK0fnFEpMs8JZeAwDyH2LJSMHEJQR1tVPYClTbx/jRZQb/uxYZ6RVRofH68ZGVdiNDZtbWF6lkLb9qST4ZCUaZGptZlKjNpD9Fp07OGS+XPO3ia+Qp54PecIhhqSxdo19WV2SZX1qsM39JmTe5TqQ/RqIxTbh9VA2Seizyb4xSr47Sfx+A1NjMzUXSGAs5qecPRvxcCSFDA5RSiI5vUe4Bp/f0FY2FZaJZMfm462pt5uTRku2VTAyg/D9KaHxf62sZZKNlEADCGaBgJP6gSptEBgDkK8SSgRzeHw4CKNwGae+N1ZW0yT7qCPJOlK8E1bKG4nS/J3rRnCbtnHmmwlN06uSM0qhBdriDST1HhyKaMFZXlVoMRZwYCEYOJOLvaDeKM0CpGFTJVjHmlxUZO5e0bB4L6mpsA4if0Yqll6co5SMc3EEMGqVm0lqSr+hLPPVF2UmjABkqokSQoimNcnVhRIEEzVnzvAE6TjCHiij/400dgGT6OeSJD4eNDOa0msiahhIgkG5MLxXus3Msmj5rRIl8BdA55dnlCVKdKiJnnG30pdp7Dn6VCq7lq2VAOkOpeFS8U7pzOa1Cb9c2I4bCse5gTN9ZCI3E05CKK0Gfagoa+2RgtJfabPlpGQhpsVsNCX2C0xR7RXGK3NCzTw5CLJkoNJVYO8ptLSU2O43bTCROwRdnHSGm0x9zJifkTXKIJeCOqd+gAJucoevajSyzcG5T6esnheNOFS8BFSgTZIcLHaFB0BEaZKc7CEBTN6GOHtlqo4MpPhh2K3R75BCdSp5xRZQ/1Lwyg4vjaLN1LNHxTSuEEqUCZq6jJms1K0U0YcwpzXt3EADaSyyZS6OCEEsKaCuiql/LIBsVo9hiWl1XckFL5dqGsuW19poiS2JAtUT+YikdCMU/HAm/MRB4zxGIgZoimjCEiijfwstGEeWPQjM+RwoAsNkZNuYI1zaWCmRhEN+y8pYNAaC7XREDB0IAHaExxqPxnmCUaypSSKwvquhgOMNuMi2uMDLbmqF0k9MLANxPmqgaooa8HHnnQIbexz6ZX5aXqfRbU/HoNdyw3JWB5j4q+fDj7EkOjLn5aRlImF1qS54CAcHbLw2D8w3Aj7KR3CcaLlBfw0pXMVKGzUQua628YXbtJTMqqovSP39MhLSVWD8/0/r5meV9wdgvOz2/6/JFGDZ1giDxfEIXyKfoK6HymWr/rNKwZSTMUmoiGWeytNZeYiFBRlge0Pz9kp4gMxaO1xbjUz1j8B2hEQ76wkyqQaYQmF5uLK6wlxiabd0fjHQl16/hMtQ2kkdUNIhC8ahgJ90i0rz8OMJPxrkzTZU5rUEz2Vnyd6bHUjVml06EI5xXnpE0KnF4QoNonpVwN7V9Mr55KiymB5c2d1239LWL5v3z7Bo9XlBCW4n1saV12y5uvbAp0aakqnc1qN/wakaywSA+L/5nbswA6AowQyEjrwlLLaaltXaVmucaN+JNDIV9LgzSawR0hEbY7wlx2kdqsrHmB1YZ1UW3jHhZPUeQ/DS0DJoyaPq9ZSWiRSaYkYdWpz/OHvZGAEDwPkbboEqb9IVYAuGly4HRMSGOcIbdWmHhHtD8FVc1aOpP0WeiQywRSm+ZW3tk/enfO7N1RtYV1V5qfXFt83dOrzHDJIRY0mUAny1QCtvHDCqWq+tLNC8Tv+hoatOexMsFJEPQERphvy+caDPyQechnbHckC4KAFtGvADaq+xzhhaayozeRm7yXDpKbAaknrQc9oUjvI4nPXwCollEEItI6vsk/spijKjcmJn/IaMJllUVA/APaDUDUlWR6PtNXoilmiLTn9c2/27drObcVZGJkK/Oq/rD2U1FJu0+X4aDV6XdZWLkQzmDq1LDjvCM+hLdlylRWtgzij1CI6AjNMJB7//P3pvH6VHU+eOf6ud+5pnnmWfumcwMk8kdchASQoBwCBGRQwW5virouvxYxWNR12Nd1lVkUVFZ16/r4rHK8kOWRdZbQFQWAkSuXEBICLkzmfu+nrvr+0df1Xd1Pf0ck/T71cm8n+7q6qrqqvpUvbuOlNOhaGtZl2N+YVhaYhQBFRGfKBOTUGHCkcO4dEVL0vvZOSGVYYNYSD+05t/MsTnR29aiScSHmkIl2aBYj3V10nhdG6EPK+FTCKKIFYUb6syzrDbw1EWdl7aWZBGiy9qiPzu3JezT20Jr62hUFgwUUZmAY6LGy6yzGs5s1EujmHgMcUk8h14d83qELPAMoWOkC/zB2TQpjZkfIqI+bnENy0e16Vzh9fEZ++eQshjoiVCkpVOG67RREfHoLk3v57VJyRBSKaJA55gkRW2xZEEaA75wiZfblrGxPgygfuMGBCtnVIetIiqfcUERPb02+JvN7V2lHE97cUv0vvO6uGIUUVIUpdtiyYaopEsEGO2ZyM4xLTq6vC4U4TQvBQwVUQCR7J9Isy1weorDM4SOcSyVTRUwFg0MjTQKq1in0r8+MZsWvhBqe0LFTai3spoaQpoQMVIdkRIbQm04kGUQgc4N46bzNGRBuXRRADi7PuIXXzpZZcvdAyKbIajgFkvtEf8j57U1lX4E4weXNNy2skmJsl3A7BRRDXdyiOvjaJIUZzDsncoxRM2H0IpEwOg1qd+gGGkEAHMFODTtzSZ0DM8QOsab02mslCIaBQadkWSUhl4ZnVHyOiVRP9ogVHSiFuEWaS6VwhBmeXxwVvqUoo2FSgQyIojCjRo0jqkIAmGee7nQEPKtEVZmsHhrCugjg6gc022xFOLQf57d2hYp0zj+ezZ2rKqPiOF0pIiCngAobSYnoolxQ1Q8u511qvvquqCR70j5Xw48iPF6Y9z7TOgYniF0jH0zGUPVSX0IEH+uqmM0hDvGpu0fRT5TVTiFciKdkrUjZ6Uc9E9qD7tf7x+by87KCys622KJhhDRd3WwqHC0lusDoYDLOhKqN64QtUKoOswUUTI6dKIo2OuNn15Wt76+JGsPGSLi5+47r8uPwDZgCiEFXudbLBkTrSiqkN3jjONlViQCJh9hpMcpzxXJPtZnncrwDKFjvDWTltqMyIRo6/GVCca5E7vGpQnmShE1J7YwMJbWxDiaLc5ngNnizemsiRmWzxiGHtlZcVA1n0HSlFwlbeWdwnxlRxIQqOtudXfQgSJqJ4RqFFEhG1jqjUtqg59YwrjdGDPOa4m9b1F9JRVRIFOMfAUYELw2wSKNAsDKeID0x0ARleUQYZQQgn2TniF0DMcFeN7tr+G6z4fmsgDWwgsouRMAIdSGcwDOelHj4+NZnt8zMaf2jYaYhAosAmxIkOGlAIfqg8YdoGLSef9MRhd4RLFYqOElkrizxZIJEW1hs5EhLF1+XuzLtof9fWmpBy1Gs4TxdLTp/B0r6/VDh8pQuj+zuOa/D01k5JEiVtIxAiD1BumkI63EquWpdfTmVC7LY3k1WvrUWBIPIFEJIa01qIi65nljdK4UqT1f6mc2n/30G1U48ldANeyv4brPh2az5oVAzqOKg6TfJ3ShnIb5wGw2Z7DRkzkQWG2xJJYlSgJmcazx+zqaGny6z1FFpvOJ/Kj59kmYCKCZG0MixUgmtNG3JcoDAGBhQ10ymXAxNSwwPj7u59BVbTU/ODQJSA4Clv9TQwitpveMaF60AQy9UZPlicj7T+/QZI/ylO7OqP99XTU/PTxtHUIluspJpiVJkUanQESSakkOwxCKrE5GwGFqNIW4hpBvRNnCgng21oRGdHBomrb3eVLWz2w+e9KoMwynsxP5glS3Ih0BAE1LE/XEQmzTz/dOp6Xs7UgaNXoWNuI2RB87BICawwG9FSweB6bSJoqoGbF1o24+l0ARlQYooeYSfDS1xrWdcUkaJd5FKTadl7UBoNIbb13WVIrsQYmPLU0gk4ApzSYyVwuXAECdcI4PJWH1KxiI5HWmMSwcQosTIe07lYONpAygEDSVh9EMy6JupzI8Q+gMh2bkSd/IiEilAkAmbDMIAeDN6YzgjS6vWxCjUMnKj1XISWI19K4xXJLZ9IdmZKuvaU8bfglDJo5VQVVg5ZiNqJKlvryDZQBgfTK8LK7PV0jHi46wk8wT5NCNPfVUESgNemKBLa3S93gqRVS2jiCdcU4Uz61cMw/mXJoIEWbbTKZWFf8jM54hdAbPEDrDoZm0JIhoDgEG5xdGGQ3h/pm08aPMDiA+FDFOnzeLhXKYfSAsBpkC3zeXNVosVA4ReUZTeekJ+b+7Y0TJuczKUV+C0UO2uLkrrrxx43dlPX2eepgoNdnQEHVxHTXGZFkYMw2hEHNltKd0D9usedAMEwX9YFGS7JtgNISL4yHVGwT9q9S+zSPKCGwPVPAMoTMcm02DWio0amCSBLpZFyR7Sxk/YiuN6vpAetAaRMPYKaQ+VIK5E7PyEAdEBIg0zxpTrQ201g25xZJoXt1XRAUS9HE1/nL3CAHgxq54jVh8HS0oSo5stJNGAfQKhwXZsiBe3jQwwCUtkfqgzyCEoCcA6vRyfChpZaqIymT/JONUwp54UKWIYum7pnY5AAAgAElEQVRVqmKjypa9c54hdAbPEDrDkVkzadS0dmAzhFme7xWGBaoyvS1Rh0o2yQYBZiR1Qfd7P73iQFzpNwLRqjnbYgmpf1PexUaUZKkLVqYQJYO+G7sEw6MJH7IMOunMzA1j5tnUxLIDrbsI+7gr2qMA6hCKLSt1vMqiiMrkyHQ2U2BZ/KynNig9SPhrVvMol47NetKoM3iG0Bl65zSz6WXolSkBjOuwDGcK0zneRPIy0cFA+h8kKU8MmC2xiIX2iJeg99MnGEIrRVQq85VRRNXprD5ivortg/rRRXUB0ISw3FsskURa3qXCuKI9ahBC+VBaV+QZagKyt0CjiMpkKlsYSrF01Lprg1IsNO/U9G32zXmG0Bk8Q+gMvbMZUEmFYE1qOK6B6aPakbksAJ0iaj1Ij7aRS0bKisRL0CPsS2XVLWt96EFqEVubcyn9XVZE5fGTWg0KAOIl+GhKiZ5Y8OqOuPuDRQFI0Y1SGo0HfYbzKcuPzY3hGr9Qs1lLo84P7dx5e0WUfDtHZljU0fqQLya3PvUKkBE5kfYMoTN4htABChgPpKWsbC+NAiDUGPIFOZZEPpbKOlNESWlUtsQG4SyWxPzu5xmxpaw19uCYYKa7qIi6zUGQqF92VwF8bnl9QFvXQ1GENfPUh3yhcm3BYY2on9vUGFbKQim3WHJ0/6EpFkMY8nGtUb+jlzKQKvDYKsQeNKiKjDtfkC7wY5mcJI/I0OuHIOda5p3ce+dydiKlThgBSTARQ+WI0B7REkijQ+kcAFTnFksWApRwhLmK9QgBoCcW/MBpCSKEhsQot7iniAqkFB+PmbG5MaSETTjc23ReNK50iihJjjH1CAGgPerXKaJWb3MyW0gXPEPoAJ4hdICxTD7LY0kkAaMGpnwJAAAwbg0xDhntTecALKRRsh1v1COhMn+kCUFUBKNSbLw3ksmZBBHEEFpFA4g0L/kYUT0p206EZvjc8vp4wGepiMo/7aRRUjmkU0RlUvF0IHFuo7DkNxEdFWE9tEnqTBo9NsO44mhHLCiF3SY3CiTHw3jW25XQAaoo71Y/hjKSXAlgXimolArmryZ96ZylECo9UVMMnIlakntKBQwDAASZNla0xkS2IIUHdASZX1IToHDjjNglCwYAVAKp2Blawv7PLxemsZtFBlFF2MmConqSr6YeyNpkKCR8klC1U4GRGEfNsUe9rNP7WiN+py9lJOMZQgeodCGeVxhK5SzlRAMwb9QwkLKVRvWSCDgsnIaxMDkklak0hjAPgIkA6qpm2y2WrCTNYoiVACUkSzUUob/uSawRp12DkhkodF1tdMCxIipp8jCXr6IBGkEOra0LApRjiyVqAn2zjNJoqyKN0r7NYW+8jBNUQymeNxjJ5oyWOAFQqYggVg0AgHET64eTwYytNKprBgKlHZR6CdqQWxIQib8EhnAqlzcKK7Kz4qAETPxbRmlUShY/02AodxHk0L+e2eTjJNkAkYRaERXetUNFVBYVxjKFAta8nUpiQ4O8Mhn5vhweFFss0UujA0zTJwCgMewXMzmdNAoAo5406gT+0m2BAdWxv4aLPveOT+nEOnnFB2OBopHoEdKHea7ATxekXSNUT0TGTwSDR5sT2UPqu2QbDzA3M+NK2supkefxTI4cNQpE9SqfMSQl2mJJbVzBKFmIBE9ns8XnxuJ9WFsX/rtlDd/YNyYESzpNQYpTRKXshIfT+b6RMVcGFbtSutcnQwByw8n9TeepiWyGYTJb6B8ZC/vkV0CF8fHxaD7ttNjSfCM8yernYuC4vzLv9tdw0eeJnKA26MuHac7uqq9LJuO2PmswnSvkCrzOW2TydNIBJpyZEWtPdJArBYQAEGceWbZ05gFywoobqi2WQH1GTyR3GOhi7YgAbRJhMBunXv78/JWNiWdHs9uGplletKYTTkXkTiQARgUMx2bzKxPGo8PKnxrnc1F4aUgKJNMWS0A2AYtpXoneZXk0mePDPp/T1EiGOCmf0yLNBa2fcvLVz8X4XHlVZx5hMl/QKaJEg5pQRGXCthzzuGQZpAJlrYjK4aFvrSLJhFATc/tXJPI8lhqv+nJuFg113VR+RZRQjKtHDQz5uAcv7GkMB0QNjUYaBWZFVKCSxUAAgF+rpr3Ru2uDUulD7IcbiqjsAwbGwZxJYRk/CkVUJhOeNOoEniF0gMlcwahSALFGNhIo2CZXjecKUj0FBDHK9IoxNg2DmhiPbjUmhCIqR9P14sUD5MXKlExS+aEaojPJDA10G2KeLGBwKeto8+QSY2Ft6MELe/z6ABsSuWMHzETVVntlrIoMYYBDZ9RHXFpQlPl+pEl5dkPo8O1MeFsSOoFnCB1gKs+DNHJLnddNURdgMoTZAvEc461/VCP9kDxf2LZMY9pDmVst3CdGM+/2gIgCxti0k60nACCNL3V5jKhlOmtmZxNjLKvKEALAOxYk7tnQQTtMlJFILwtLq79iBBg9NzJX4cirsaY+Up4tlswJOYIXA4ZxJvtU6+doh/5Kx5TXI3QCzxA6wGyeJypr6ayRIir8DSPEtujUdF7IxJSKKBEem0YqUqQwWkVUfpboUd7tet/IQ0tzXsYtlgw636AlqepbwuNTq1o/vrLFRhEFUAsbjoj0JASkNLp/On+Idc54KbCmIUKqk84OJdGYFVFyAr5IppmmWwZ9KOSzy59qMpP3DKEDeIbQAVIFXl0pyFUkGJJYgHHxrek8nTSKJaNlL406UUTFp8pnEHkiV7oh8rqH69oBiM4xG7FMFqx2TVyarcoa5ztnd964sN44wuZxcUKEPyppFAP8+sSMSzFwAauS4eIUUcSqiIJJVsPTOcbcUqNZd9uOzOQ8adQBPEPoAHMFWRq1AwYAiLLOMBO7nsphomsh9SE/WEXkn9SHogGS/ollrGRrGFZ8iyW6yeY6MlNNE8ll+BC6//zuy9tqXFVEsaEiSpKHj05Xz3LPSxNhv9MFRRUxsxhFVM5dWmmUudlU40MGr9L8SFfVSj9VD88QOkCq4EQaxRBl7RHOFgq23U0iGER4jBupUseRhmDyDAnRxxTT5qIW8HNSp5OmiY0llQncInbzlE0UUZlM5Kq0xgn5uJ+c1fKu9phKGgUg5AHmwaJAKqIKwfDWTP7poVTJ40aHRNDXESOn1VseQs5X9Mxix4iqiXgwC+lhZ9IomnO7nJ7c8AyhA2R4TNQFdiYKsS/HnOalUgS6LK40yR1Jo3REK5cZDOCcc7tH6NOqbWaqEoUbRkLX5jBxM5PnXf9u6haCHPrxWS0f7K5VmhElUERB8log//LmRPV0CpcnQiKjVDS1oLlNcz8i/gci72IooviE/M5ek7fCmiN4htABpPGByMYdiCpLEFG4NEJG6HpaaHTI6BAfbBQUZwfZ0ZSiIBHXP4lxAAH1I8q1xRK1KGoljQIWprtUK/wc+vbapn9cUe8jQ86iiBoIoSoiZZjnh9N/GqyWTuHSuhCVIipHU1E42RRRMkeRRHAGGeYeIaIfOAqAUdaTRp3AM4QOkOelGgHAWBHFEkEAAEHWHqEyIp9KEZWJppEq9RcpCda0ZEHvIwgDeVwFhyAoLjpl2MQu3RZLJn1ukpgroiQZru45WxxCn1qWvH9jazyg27fdGQHx1egJSAUBAQD+h1dH56pjDFFPrZ00ql1NVD5cUUQ1fiLmSQ1+DlNLowCAs1XTKZ8X8AyhA+TBiYCGgHl96jw2qZQNFVGZqEIlB4pOUcHkbVZT2idZh72ZwS9PMjF8qKHs5ALRp5iaYMK1nVQ4NB90qCvaY09d1HlGUpIK3VJExXekOnNwJnfXG2MliIRjLI5LS77ZKpoqWLg2I5p2pKZtJ4K5nxbwOXtf1aNOzwt4htABsG3eUmstzIlbMNPoDBVRU2nUWv9Ui0KS0CfdiszIpNsyoJ9DUc7wWSVSREnCrIjK3SAAgP40464CZUZPLPDYBQtuX1rnAyKONkSS9QDAUBE1IT94a+q3VTCVoruWQhrViqIMhMxRZNbSFjVm+8SB7ahRMgqIr4oO+byBZwgdgMdA1IBGRN1eZt6wiJctEpUiKhONCUFURFFEySataft3tATfwxLi8FrDOqIUs+ZlYqIv2SuiquZ/3zwxhAAQ9nFfOr3hiQs7ViWCYK+Iyp1mtRAqE9CdkQhGcNvLQy+OpssRK3N0xQKkNKk6XN1iyVIRVc4wDzXjkK00CgBy3sTVOn6rSuF4AbB5t7+Gmz4rFaVajsDEGQRS9QG5fJ710cSDqEwgKWHJlZcunGZEdbsNGc+aGkLmdBYNoepZSGUWKQJGR+RaXnPGMDUsiOQMAQAcmzNYTqWa8/P6+vBTb+u8//DUPW+OKVuZm0bTYl9MwhzqLs3y8MEXBl98e0ci6KtgatQHubEcr23RGdsJ0/afCVG1h3RcdqM4ExrHTKlBmS1BeAUYYXfTvJrzc/E+++k3qnDkr4Bq2F/DRZ99HIDeCpiXK02jjD7MPjgBGgkFmTg1cOSkKSgHXmj+y0XbfP+jsSxvGJFi0rk9NgRjKeJZYpgUAi4SoE0iYz+Q/lJ/FmvSZF7k58821N+yuuPe1we+t3d4IiNtCSm36oQGFpJkBj0RfmCjSxIZyhSemULvanQUZJdToy3iGxNWsRejRpZZjSVjIHp/EZHBNFkOhYPG21RZQEgNn38CsFn32iAWHEUeP8nq52J89qRRB+AMpVHzRjGzOkFoqtTdQUz+dLqgqN5CmJKJbD7j9lzd5kiA+KUu1eVXRJVkMSRE2CQcmK6iXRccIRnyf3V9x4HrVt+9oaM17APQaB4miqhMwPyS6A06NpMtfTys0BrxEfmcOEqliGJTN8KnPibwmEYalR4KGHlVuxN4qeUAfp96MxSxKpCawEhLCqwfxoOc9IVG+PpNRUBXi1kSY0EViDPGJM3zY1mXP4m1RoJKMEqiiMrEPFmAMukMEqpvLjddxVMJbdEQ8v/92rZdl3X/dGPLJc2RgBhNc0WUbAWauQEx3ZbXhUsfAys0h30ARk07BU4VUQEWbSNSNZUuYQTAPpLcakqV0StgHqBwaoJlk6BTFn593rK0dFnWkVshDhGzsmwhO6K2uypF1EoI1RMeo4FUri3iWOGxQLvQI8QAqESKqJMkMvUMmV3K8vjAVHpdQw1L5KsGQQ69e0Hs3Qti/an87/tnH++fe2EkleJZFFHBjALgnnjo8s5EdnqyAvGR0BLyiUYCm4mibK0qW0VUdwmjIGvXI1/A2s8lloEPeobQCTxD6ABBYXEH0XgQdSGS6m41ybJKo2FO6rQJ8pQNAcUxGTwLojKwyKlp6ZvLrKt3s9LvqJHXwdJ1W10mJslCa3pN8ep4ar4bQhltEf8tPYlbehIzef6VsfS2kfT28czuicxYlldlexC+IOoJAAAgtLg29IstPTV+rrLaaEPIp319SP7D1roC4ozsD+jcSJcEu4sxIAj7mZdd1Gddq1wd9DEudHxqwjOEDhD2+7RKGrIizN/SIj6f+pufNSEKnuMxoog8QUmOzbpcs3XXhFS1CVsD3YpYJgtWuzZ1jKTJmgaPeHW8uvakdQUxP3dRc/Si5qjwczCdPzCdOzqX608VhtL5WeSfyfJpns/zwAEEfSgW4OqC/sawvzUSWJoIX9QWY9uP010khV6YtlWqsV70BEyyGibcEEVS3baLMhvCgn5wrxQwIxLytFEn8AyhA4iZmPy6ZkmYV5qvDTB/U7eDcYicWZVjsy6PDemKhTgMfAkMoPqnEWhfkcYrLdkxUvnJ46VGS9jfEvafBxHhp6MB5xVEnYEcafM26QgJbH5JBXZDmFdUXXX4jUMYMfiQ48EUlW+vzSNEfZz0jUGqPi3JXIFxAEXcz0mLmIAlkW7AQFwyD5g28GDl2JwcmnZ5lnTEx7VHg06DQUHAxg0mHBXjD8Cr43M5bw5zVSIR4FRFRjYoyro59ARJy+6AmpA+q91gqWBiDACxAGOVK257iUHRitQ+a0jYq9qdwEstB4j6fQDG2c6QzLIuLJjwS+PcrAokEGewbcEQXQsfcpRC6yA6Mjky4/5yIUvjYTk+LhEZlo6xtT+kJ1b+jGUK+yarZcsFDyTiAU6V50EqMs4IMZ5ZRWQ3+kuGgWH8dDcjLtet6ecZhwkAarweoRN40qgDxHycOByADhmMszwfdL5PfV3Qp3zAUz6/Y3UxcJLR5WKCVH/YUIppc8sTkacGpsQf7n8aNHKDKf2xWoKcJNuGZlYno+ChyiCaBGWqKDP0UiQ2vYQlIl4RL8WDPqNVOWyQKfBpHku+UX3Xr2HVYE9NeInlAPGg1G6gFujY9mpoCPqIxqYhAZNLNAEDCjdWt49l86MZg0XFisHyRMRtRRS54Q+iv2vrwLRVDD1UCBGf3B1ErIqoVMSw1EE0cKNTTQEINUUMQH2IpUc4lZWWiFMeZ6PcxANej9ABPEPoAHUBv1MtkW2vhoagH4FFgQRdgaSTRpXbWRRRgiDXZcBVdRE5Ym4QsHKDafwBCjcq8rTco/VQTQhyUneMXRGVPsuJ/pAEE/0/Izdq1IdZDOFYpqDuy1o8TyQJ1o+RpyY8adQB6oJ+YhICFdj2Lk8EuLCPS/FyPauRRp2Losod7rQT902mz2uOu+KVgJV1UT+H8prQshNz+UhTQxWtiMqkL5XbM5E6XbToHqoFfoQ4DjFv+2AyOBMbXZXtpVYRFX5ygOtDPnD+YWEsUxBzNXWeTDBP3T8l4SWWA9SHHEuj4zmW1ciCHJcM+qSWKUhEKmzKGT1RB0M+D0A0bGkDb0IQALjeI2yJBNrlFUfdkUYrcPsTvRPG0fNQOfg44IAoES4oovrBosZjRAHLs+kBMAR9HNtgmbFM3qmWU+ctLeME/tJtgQHVsb+Giz6HclmnleNIRukROgpze8jfl8oRdg4kYmYCZaK3haA6w0hkjQgDRjuHJ8bHi+oR6lNjVW3w2Jw8Vd9e/NERZ9qRCUHqk85u/+Xh4Q8vYFla8yQrKdXlMwbOsGjYELAkWF0izJ6t0iJiPsjOOF5tbnx8/MjILE2YSJIM2lvcefMGS++zY2l03u2v4aLPDUGfU2l0hgsIT3ca5p662CuTwiwFrBNn6KCyDq40D5EcmL3TGR5jTp0aRabzumT4scFZ8TnyA50RywF1ZG3FPNbUkrw0lh7O5JtCfpgP+fkU8TmY5xGn29eMChaDtE0UUfGiPgthAGiJ+CnDLENIjdEsT2x3CjTktPp4Mllr6zM9Tsq8IcP7RugATaQ0SrOkJ0IDacbVyLpqQkqrU6jiMShrUpsS3YKiGCiDakcQGYz+dH40W1ASxA2sT0pf1xhDKBs88+VV7W+nXq/ViOQw/GFg9gOnJVxMFheRLvA/PTy1dSg1nCnM5vk8IA5wxMclg762sO+0Gv/6NjizIbooHrL3a/6AlwVDkzWBjYj8OVlYrRtJhLwEgLB4STgrPEhY8heQ3n0r6yz3wRQvhZ98hBVpjnh1uwN4ieUAjUG/U3VlIMU4zaAnFlYrMLaKqEzIYLjyURBkRVT8jQED3jOVvqgpxhY7Q6yrCwcAS+nlSJMECjeUyiqLIkqG4H9OzFSnIZzK8e959sSuCcuW2d5xAOiIBi7rSFzTnby4vbYaFgstHjxPL42CHcHK8qE2iiiZoxAAbo8yzqYfErZNdpIbPUPoCF5iOUAy6AtwXM6JxtKXYpx73lMbNlgmmwZy6NwURbG6VAMA2j3hsiFMBHzL4uHXpzJM0qj5gDpaRVT6wS7MAgB6bnjuRCq3QLXVcFXgO2+O75rM2mj7GACgdy7/4/2jP94/2hEN3LKs8baVTU3hqosOPfI88AA2EVfBQhEFtZEDANBumUJeVFZpxwDQwWoI++acSaNBjnHC4imLk6G5VzaEOZQUBn1RNy17WTdqWBqXdUJJWHHWHRT+uDWp3GCm1O5J9xdaO6chwhpCVzq+LtxewPDo8WqcWf/LEzOApQDTDT7snc1+eWf/4v9+7as7+2fz83Xn4TzGPC9H3JoAcYYcI4qJSzo3YDFhV0U6oowdj/50wdGLqwuisLfEmhN4htABOISaQz66HAkAABiG0lm2zZjaI8GYuMa3xehtswn14tMdFR67wixXBwLB28fdX1pzc0PUuAoxJjLM3WBbfxCVPzZE9gADwANHp3gnskF5MC0vcmRhzo2ktqkc/6XtJ874xRvP9FejgbdFtoB5TWYwJgBgmADSH7NLqlet6S+qSFcNiyHMFvBQumAdOA1pjwZ8Dof1neLwDKEzLIgEACGKQ+hHoZkCHmFajSzk4xbHo3TPkg7hqeLTndxoGQVAAAhLPxWfe9P5/rTLC61tbowiUMfFioCNG6DxB+ieZU1AGWSB4fBs7umhqtue8KyGiH3mAeKnmhyYzm55fP9Xd/YXqs/GW2Muz1NneENCFgTCMRCvHskEAJBYXgDUBHXXsMiV41l+Ng+GL8WMdNQEXUm6UweeIXSG9nAQwLJNLf5VRrgw7963MhGRPMT2BJMN2xIqorIbjGHnhMvqaDLoW50IuaOIyolj74+tG5rXrUqpHx1yPF2s1Pj00joEJiKB3NHXXxIJAECehy9t77v5mSPMO05XBFO5gp0iKhCaLZaIS9SKqEBq/aiJ6bvdsbm8Uy2nIzaPv+lWBJ4hdIauaIBGESXL2CHWTYtW1dVQK6KyFSSXFWZeUFSOBUiPAJAUUeISvDDmfr9nS3MN+XgTAjZuyNrK1B+w94eKyHZRufTk4OyeEkjHxeCshvA726IARuZc0f1U5lxNRKntoYPj1/7pUHb+bL44lS2ocoUBYdpiSZUAVoqoQLpqfEEfi1x5ZEb+OmvxdlSh6a71eoTO4BlCZ+iwkUZBp6sgZkN4Rn2NA0XUZVFUVkQlnccomi+NuT9e5m1NNRSSJphfolREKZRVKgJSxxTIR2OAe17rdz1xisTHFiecKqJKvgJZ+oPf9U59fPtwFX4HNcRE1lYa1SifpCJqdMmZIiqSRay9tCOzeUpFVA5Pl9cjdAjPEDpDd9RaGjWY83dgqghDCKD30EQaBemMYcAoCRCxABOJFWTVdOdEai7vskp2Vn2kXl4vmEaKtBjxUYyySkvI7iAJ9PCh0TdLMLC2GJzTGFkkjNegVUQ1uUtWC/Cjx2a/uW9+LKwqLtRpJY0CGKgspBuaLZZsyNI445DRwzP00qj4rJ64ZwidwTOEztAdDZpkRNOtzvZPMeqHbZFgezhgVETNpFEwChg9EW6XbLkSC1PVNMfDS24LgEEOXdxcY1mpgPklmi2WgPCEogIzJkjnlTaEWR7fueuE4/iXGFctqHGiiFpJeffsnXhqsOrGBOkxlMorpstAEZU79KAmpBswdqOFlTS6jNU4HZiSF+63CAqZJ3GPJ406hGcInaEh6I8HfObqioGKsn8qzTzQbmNTzF4U1T7XXUVUL4qSbuC5Eferwne2xuykSBO5EtNIo+CaIqq8VfK5ys+HD41tF5dLrhZc1CSNHaVVRA2kUYFgQJ/cMTqZrfb5hUOpPJGBbRVRpP4WQLiRX66iiApEvmIlja5IsBhCHuNDswU6aVQMZF3I1+QtK+MQniF0jMU1hsMageiWqfqFE5ncQIpxWv3GhlpTRVTu/4nPKl7os1VENW4AALaWoKK/pLkm4jMLKujOOCLgsiKq12MVYB7g714+XlXzDdbWhQIIG+l7VIoo0fVFALhvrnDXnmoXSAfmzKRRIJQPi8Gi1ooootERAhwsjrEYp8E0P57lHWk5i+Ned9AxHL+bebe/hus+90SDOybmdMbDyBYCAMY8wCsnhi5odLYamRDm1REk2TwzWygHQG0anRHSE2TkRjAeSO0GA0a7J1KjmXxDyA/upXM84HtbY81jgzPiU4QQKjDShbD5JYUgCje2hAQm/jcO4dMDUz967dgNnW5uYlxMOieCvtaw/7hgGxBlNEko+pvw//2Hp/6qp3ZlwqbyrWDpPjKZUmyYAJv3jAnVFNsnieDMkiyrDZBDRulT4+B0znwmPxC5WjnZHSlJas+X+pnNZz/9RhWO/BVQDftruO7zmqapR/vJWWJy9UoQuTghAMD7pjMXNMYYwrw2EQn5uIxmqLr8C8l/sLoiZgBSRwF0HhpFEyAHsDPNXdeadDed37e08NjgAfWnFkmGIoOjD6a1G4Qo3NgSZJlEWvzT66NbmmsaLOeQlTM/L4wPHZ+bUURcMCNSNFUEpFwt0gLAtw7M/HLLopKGuRifTwjSqBZIxzXlivgfE+4NshC2JRuaa+VIOUqNNybzmgQ3IkTRwHgJ9aick7J+ZvPZk0YdY2UiSqOIkmf2sA4cjfm51fGwYUdTepZUUNm7g3JXjxzyatZlNCBPnHC/QfeuzmTUx9EqovZxl8PMlj6kP+TceTJk+jMiGUrn/+G1EZ2ziqE+5KdQRJGFIqrWDOE3R6d2l2BGqSvI87gvpZFGQSJYigJJQB0724m2VOTMJpbtmgFg72RO93QN0Y5uW1rrDRl1DM8QOsbKOmlWg6pEEQS0Z/ZMMy4uA8Lym/pCC3I1S6iCVl8RDAkyqdr0bkDnRiFP9k26/hmsNuB7T5em6eek4lER0gdmf2Q/pMTRXzK9HT3SO/3rEzP00S8piNWYtTabAgYR5AF/57Vht4LnLvrThQIP6iJjS5DqjBbkeCjyjBXZ0BR1GHARr01mzYMrd2TJrI6Xsc7TOJXhGULH6I6Fo36f6ZAzAGWgnXRp71Q6z7oSxwWNxLR6IAf7AREGUNw4HiaKiYGgeq/0bjQEelO5HaPuD5n5QE+TUumYDeDE6jQxJlD0GFGNjAjKQ1XVotkBAPCpXcNHZl1empUNWR6bDz6UcpSWIIIYDFl85PD4eCZv9sQK4vBMTpeZtcWTODSlCZQ36HCMKEnCPrSqnmWvYx7jvZMFwwRXj+lVslnEx3Uzjco5xeEZQseI+DhijyQgGpvqIRvEpRTPHxVHH1AAACAASURBVGBdcXRDMhrh5CYqKd0YDldTd0ltiPCHHO+jd4PUbgwJ/l2v++roxW3xjmhQap47ipfrBNRWENT9Bc0XJsNuFprI8be8MpiuglU6R9JmE7TBXBEliYE2MJfHDx8q1ZCHYnBoJg+giQImlA9sEk3JjYHQ4lhQWJUM1wZYVhndP5VPCQtWGCvYhJYjXV1U6w8zLeR2isMzhCxYk4wRmY8g2nypEOb1qWN+blN9hCi90gXZ6CpEX7WZEX3VRqmagioYUgR/dXSMLXYWCPm4mxc3WVUz2PySSMgawXkFJhLpdizPOiAtnPXtQHYKd4xlbt9ZeQnxiCLUk5mJpva0SqiHD1ajIdw/nTf60qwh5gMzVa9a1cWnJ5tapHazQ+wezxmFCal/ku8CrUp43UEWeIaQBWcka7QCC4Ako+nEUgSA0K5J9tEEFzcRE8wNNBwGaZS8l1ERFd0AAkCvTqQOzTDOlbTAhxY3+WUhSCNX2iuihLRVlDQKgIjurwNFVO4pKscjvdPf2Od+o4Eeg6ncUNpw7Uo5TmbSqJlAJ5JtQ7P9c1Wh/ZJ4czKnL4wEIQsCkfkNFFE5NWgVUZmc21LDFvhd41lKRVR4GCBYnfQmEbLAM4QsOCNZI3VKQNUnk8/oSDE7Fr29uVb0B4PUVwPiDEnkxq8FAbGcG7SCNW1nC0VU+9DflmDX1iXx8MVtCXXA1GmrvwT6WFAmi9nt2i2WJFApomqTCQDonn3jP6ncJk0vDM3msUYkAAD121QIIi5ZaAMYMOR5ePLEVNkjZAUe4zenhFGXpd1iyYJwGG1uZRwps30sS6mISj/R6jpvyCgLPEPIgjXJGj+oK2VVvjQge6bSs3nGxaiW1oYWRaX8rRVznEqjkidyaVeIYYE3U0RBzfCv+0qyfflty1q0TyVrK9MaSAZrBaZ4YHbJ9unGQhkG+OzukYeOVsZmPHZ8Qh0F2U7rQUpwVEn3pxPVtYX9aIbvTxdM2ipyXtJf0mQiTRI5Iz3xQHsNi3Gay/N7JjTSqCaIMhG7tj4OTmdayM2DZwhZ0BAK9NRGVCqKqfYikhSPXx1nH1r5zta4kZijIZSiqEYRBZ0D0o2egFafRAgA7Z7MHCiBOnp5R12nsPUVGDzUnACrEGqkiGLQCZ62iihIVZXBgQF/YufQ/YfL3S9M5flHj0yopTY5QnpFVHrRdNIoANraP1NV68ntmcxiWU40UETB4JL86lWKKGJQRAVyQXvMhwzbGbaBz6V4zSsAdYILUGqh7hpfMuRV6SzwUo0RGxsluRIwJdk2zN5evqJNfpx1u1xu4eqJ8MdQ5CTdICM31neJMfxlCZSxAIdu6a4zECdpBnkWNVjUTBEVPDfuZRAOtIqohmBAn9k18o29Y+Xc1e+hg2NjaWEUpfWCokLqkTO1KQhA72yutzqmiAjYPZ6jUERd2GLJglzUzviB8KWRrM3oNvknFsf6rqv3uoOM8AwhIzY21FoIoUYEnhtitxPr6yIdYb9c45gQTRnWK6IOtlgyJ0R9oS6gj/ZOlaJav7k7URvglAhaVTwyiqnAkMSBINj8DElIWEpnGDDAN/aOf+SVIdf3dDREKs/fvasPAKRw2nZTHCYdxjzGO0qwGwkzto9nAXTvDaTMb3zJzDNniqh825YFzhYZlvGXEcMJV5LNBgCMiWYVAMIbGryRMozwDCEjNjXWqlQUrfZiQLYNT+dYp9X7OXRlW6IIaVR26WCLJSNiJU6+NZsrZkyQGRIB3/s7E9W2xZLJIQDTHgg/2jt92dYTeydc3tZRj3teHTgkzC6X1UKFgJo4UUSRtKwBQoDQrtFqMYQ8xrvGsrrCKG+xpC6e8stVKZDka2eRRlfVh9uiLL20PI9fGcsRwdAroqDP8OvrPUPICM8QMmJNsibCGexHb0TEvDuUzu0rYhLFexfEKdrlclNXQ1i2WNIRIr4mz3r4WEnGgHx0UTKApJ6r6dMBXFBEQdVdJrxWw+ySjSKqJRgA0OuT2Y2/2ftve4dK94Ht+cGZu3cP2CmiQFyiVkTV5I0J9tUE3UXvXOFEqmApjaovAejSh2qLJQtyaUctW+D3T+eH0rzxS5F/qg4c9XtDRtnhL90WGFAd+2uUzud1deFto3N2thDIM48d7u+ABraArasLL6oJHJyVBpIZbIok/NWbQNKl3pxIH4RMvUUqDzFYbN/zPycmv7qqKeyzb2A5eoOd0cD1nYmfHZs0fKgQJvNL9IQEJv5HuvN6Qlo4sCJYaRvJTY2ZHP/xbcce2j94z9qmlQmW5bjMMD4+fmgmd83TJ7K8rQBL9mjBQdIRGX7f6FzxZdOV0v3yaAYbxAMrrTq5yACRg7RAxPt1RAAANtcxxmXbcEYdJiKggiIqxAKBGAsEZ9SpdnqiQTXUolXis+NlCObd/hql83lTfc22sTmiCjYjSu7cOjJ760IqQ2gY5g8unf3SruNqP/XEEJqCrnFMFwWNUTAiE3n81CT//kU2cWR4g/+4Pvzfx19VlrM0eDoyv0RPtHWZzp0FKPpzhn5L2Daaftv/Hr+5O/HpZck2803GHeXn1ycyN/5lYCjLS6qvEAApmioCajd2BOvOAxxLGa84Wv7S/fLrM6LBANCFVZOrCVmYdAVEm88ZAQCo9XObmozbNLap8cL4tBQqSaEFqSWqBFIV2k1NQRqfZVRJLVolPnvSKDvOra+x7A5KhY249NzoXDHDST7Q08SBtSaj6Q4aBkPfZQQ7YuizMfnxWyVZRWxZInLjwgZLXZc2hCZE7QnhtdEZw96kM0XUkOR4+I/DUxv+ePTzu11YpPuhI9NXbO3rm8vrFD9DRVTqJAlZhYXAVBbPlGXsjy2e7psFDCaDRaUzNkPGiiIXtoTYlv0sYPx03ywAmIxuk14WJn/iTY3eB0J2eIaQHRuSkTCH1GXMkCjfIaZyhe1FDItYGAtf3JoAwWuxBjYbNUq5xZLtEHkiOnR1wNbByT0TJRkxccfaBUEOqR8qo5h6S/ZDShz9JdPbNXYOrBRR5ZuTDUnl4UcHp9b/4egNz/f/sneawbT8ZWjmkt+/+fHtQ9MO7nWYdJgkwmkEgEfSjAtHuIjjM9n9k9LXSjGcUvKC7t0qoH6bNgQA4J3tjHsQvjKcGssIaajJ6pgYwoMBsEwCHJzlDRktAt4KreyIB3xnNMReGBH2mZPrRGxWMAQ8NTxzVpJxySUAuHVpy58GJuikUaQOlZkzfcjVUdDUGnb1AA/ww/1D/7qx2z4yDrEsEbl5cZPY4yyVIgq6JHJJFKX3jPD0j0Ozfxyaq/GhC5qiFzZHzmkILzHfdrWA8ZHp7GPHJx46OP7S8CwPoNSb4tPNFFGHyWgcF9GKTOYq3yN8sndGNcASdBwTJ11TRKWCg1CAgy2tjIbwieOSqEsqonL4jN7U2mQgEfR6NezwDGFRuLi17oWRadFaIKkfJmZfRJxRyJ+HZj6/tJn5iVd21rdHgn1zOdXHLIVIbUYxGGR45EsyQWo3hkS63+B2U/LAgaE7z+hIBN3PXXesXfDQwdE5npeehRwFzIgAIL0iqqn77doKNm7kKepOAgZSDYhgNo8f7599fGAOMI740KL4QHdtsD0aiAd8foSyPB7LFI5NZ/dNpvpSkgoqRwpJL1E5AwQBNZGCakGAyNUY6W6HmTx1s6BkeKJ3WumqaqOJibxNpo9hgXJEkOzhxoZQU5hl6yUAePL4jFh7aMapKV1VbR7b3OzmAKtTEJ4hLAoXt9bd/dpxQniR6gjht0qTEcnOidRwJt8UYkz5iI/78OKWu149bj5qVHJqEAypOInNYesxorIXWh9tyUS28OChkY8tb2WLowVOi4U+vrLlntf71D1dxyGUCOEJliaBqWBxOxj0MyyIkOZYOmNPdD8xBoBUAb8+nnp9XCewy1WlQYAddWopiKz8azM8AsAVX2UtleefOjGtDpVItUQFMkexGUPF93d3MG69NJjKvzSc0mZsJDdbsfQ+VeSiFk8XLQpeb7oobGqqjQV8JvPojY8CoKeGZ4p56K1LW4I+TmwdGkyoJ8+7sMWSeDicnP7dvQMlqhC/sLq9MRQQG/XOA6YmQvtd8JiMr+an4QEA2P6QvzgihsMuO2lekOm0dzlOmlnzYHmXESGfZZDhQS1IVgbbBufGsry6IBAhlJNDlQgAIJUXdiImEULoqgWMhvDJ3pk8lkufDCLkusxcE+C8NWWKhGcIi0KN37e5WdgnCKSOhdQ8NOoOCv/+MFiUIeysCV17WoPoodxwVFqQSN2NkIncnJcqeou+iOIh1t1ORfZPpX93vCQzfpIh/5fOWGAUL0dE+OPyFktaguV34ZwAUr0Fg/GNNEQKteIPGF1iHCMKWMrwWBIeMGZbY9pF/OrIpHqMqECwGHLQJ5RROXJGEOnhuY3BlgijLvq7o9NSI4p4icIjiDGiJNnUGIz6vZq8KHjJVywua09KWVYz1tmUPDU0nS4UNaDg0yvbpTpZN3xUqa2IYm8wdtyQEMW76Orh3j19xcTRArcubV5VFykihBIMRsOC3e0CEC0RDBt2TpSwYFMC1kS2ynogwhld0mFDAgBaXT3qr6QhzPH4N0cnAcjkAhUhX6M2iYok4mPe28XYHUzl+SePT6tTXu7QK2NENeTiVu8DYbHwDGGxuGxBklIUlY+pAn6uuCUZ1zfELm5NEMoPKQEBoYhqggRqN+4roiTZOjTzfBHrjFsg5OO+c/ZpHHsIQVFEBdujHJqf+gOk2+gOFkVUXg+TQhR1rIjKUbS9XaeIgiYYYEgSgUrWKi8NzR2bzalLBFLiC9IZJTVQ0YqoKjFDHLqK9QPh0/2zEzlitBRYKaIyucQzhEXDM4TFYlk8sjgWVrc6sS35bX+xe9F9YfUCyU+QOqNFbrFE1wtxQr7+Wqk6hZe0J65fWM8asNJusQSAFP0ZmKVRMJU9hYxkL43K2YNURAWfHW+xZHQJVIGRSGOIURV0BY8cmiCCp95iqVSKKJA+X9IabmBNgV8cmiLerPQIE0VUOBbGfEvj3hKjxcIzhC7gyg6hRgZrRZQkvx+YzrPuRCHg4rbEpsZaop4q7RZLbOSx4+M7x9i3I7bGt87qqhPnTtEHDElcc0mGxe0kkBVRamEQDZtjIr07AANCGicwJHJgNND0aCmIxs4BOQhTSkyC1PpRvHI9whyPHzkofZnWp40Wli/RAVE95v+cxjhLOMfj3xyZUoqh2BwyVUSFIFzaxjhb0QMJzxC6gCs76ilFUVluGsvyz40WZSF8CN2xplOtapZwiyU2wiN0164TbqWzBguiwbvWdToMGKi6wsqh+Wl4CMC0B6MiCqbZBqljZCVpAkGAIGB5lwkBTRjAgnTFKtk7+dOJ6YF0QRswOfKKIioQNxVRgTSGfZewWqan+2aH5EV5EBlmq8zMvH6NBxKeIXQBm5vj9UG/2CQUG87mRGrx/bKv2O9nly2o29QYU3cm9N0I4Y8LWyyxkV8dH9s9Vqo96m5d1ry5SdoBnHKwqNxLVk4BADLvXckg7aUJKVYR1fRO2QaLyj06/RhRh4qoMZE9xHqypKKG8P79YwBAt+l8sVssqfKSRK4/Lcq2vigAPHJwUvFfdZhKo3UB2OgtMeoG0NjYWKXDcDLgIztPPNI7QesaAwCqD/pef/sSmh2LLPD08Ow1fxFm9COigMpAxP/YnBABs3XrjCBAcHlr7MGNC4qJpgX2T2ff9vTRFI9tgyGeEf4YXjImwioqyNIN8QY01tN1kK9aSxBxxqWVU1TRQba3/f3KxGdX1rkbY0qMZgqrfnciw+sChjWpAQTBTMQ0Dba9o2V5gqUpkC7gVb8dGMsU6HKa6Ob67uh9Z1cmtU8y+Ok3qoD5ub9GeXy+qq32kRN241/kOgUBAIzl+Jfm0Lu7DB5HH+aLmmoubIo+M0KqrJoGqa2xQpqAuU3Q4wOz28dT65OqoXRuvcGltcEvrmj8xz0jtsEgeoGGSWQNCvsmV4gsIJssls/XONQSwa5Llb5C5EvWtxO5Q3Oe7vHndzUkk3HNPeUpg48cnc1gIrJANA5APk8GGTMR6Y8uDTa3Rs7ptl890TA1nhpIj2V5J28KAYLrl6pSe77XohX02ZNG3cGFjbFaYU4rBkmKUROxfS2LMwgAHjo8VPyjv7SiiZNreceKqMq1i4oo6TEGuPONEafxosdHF9Vtqg/bBkN1xsCw6S+Rls1SESUJLoaQIVRpblJSsimi4MoWS8QZY2nUD3hDE/uC8sWAx/iBwzNEgA0TCsSkVkWHmWgf8ZGVjHtuA8CjR1PkWFApCmYEAOOYH13aWWPvtQcKeIbQHcT83CVNNVaDRYXKQjE/GDD87vj4aKbYPefW1UU+0NMIALqS7/4WS9SE7EdgAPzsSOpPg6UaPsoh9P0zW+MBzig8cihsQmgZCzuiqmHZiK5i1ZhzDESM9MQMcjgdvkFMEuG01FU0J6vqI03hyixfvHUo/eZ0QQiOCdxSOQRoX0FrxHfNQm1XmBLjGf4P/SlpCA+YjBGVBrWJbuDyrtraQCVnqpxM8Ayha7i6PUEx0g/I/+d4/tGjo8U/+q51XbEApxvaB3YLikoBAyKE7hDQn/nK3uFiNiW2RndN4Btrmo3CA+q6TD40Pw0PAdjmwBIp9TBRsBjbKeUrA+J8jChowkBmWityaQejJSgePzowI0VZ3U1X0kd+7cyDRUkPtUn34WX1EdZ1zn7dm0oJw0VtCheQZ65fVLHUPvngGULX8PbmWK2fU1ruhkTX+L7/LRfU0c6a0BdWdQAA0Y2Qio14wpCo+xxuEtBf2jOVffBYSRaaEXBDZ/zGzlpdMPRbLGlg3c3SWE1zgoshRmkIuj6iMSGiqfQsgbjkRP8ke5/a7GqqiMrkyq7KVM2HpnNP9Kek8OsTiowFM5EHVxu8iwAHt65wMNhCg4cOzwKWHmGniApH3I8u64wxP9GDBp4hdA1hH3dFS0yqQbCOSO6w9AcDALwwMv3auAua4adPb18aD4t1q80HIaLKK7p60BEZBm7u3jsymSvh9uX3rGmWhu+r7YrcabMLIQDW2TmwIYopYiDmRs7gc6aeUMLJGyTFfOVRVoqoQDpq/JuaK/PJ6t/emjb/+OvwbZoSje8qctWCyGm1jNMY3pjMvTIqrAmHAcymz6sjgeA9PfGaii5ld5LBS0o3ce2COgNRC0it0oD85IALncKIj/vuxh5O9NlaEQVV2Ex1GDYCFm6GMoVv73dBCjZDzM/9x4a2WMCnrvhAFVntT/0hANsfgs1gX00U7BVRJf8YEikjaYmViGdMNM/Sip/20ui1PckApzEb5cBguvDw0TlFBwYy7uQ7L4kiKpCPLWXvnD14aJaicIHmzPsWJ5if6EEPzxC6iQsaa1pDRjPrtZ0AFXnw0PBs3oV+0jva627sbgKQnmVMyKeru00uEBALrbmbHxyY2DeVcRo1eqxKhL5/TrfuNNlNQOozhl0Jo0a4hhSzxZIiXJsnJph3FkUCdkTKhDQENGeE25Fo78VLFgQ+tKRel+zlwA/emk7leaUXazqYthhirIgK5NyGwLp6xu7gXJ5/5Kgk6ortK0NFVHocxoBxe9R/Ubs3XtRNeIbQTfg5dO2ChJhrQZZGAYCUmLRkJJ13ZcgMANx7VndzyG9S2RHF26XqQU3sfMYYAOcw/vxrLvSALXDTosbbV7Yaab92IRSBaIlYRTIQqWoDc2tnI43KVlkPTaeWgpA5VjGKAGCviApkc0vN2gbGLReKwWim8JOD00IolP9FaJKoGGLxLuCTK9i/jP66Nz2W5QFsFhTVtMFuXBwPsa5f48EQniF0GTd2JBApYqgG3ZmS+94ccOXpLZHAvWd1E/6XTRG1I8RDnx1J/by3hKNmAOCeDZ1b2uKi7VEO0AZGewjANkfZholayXFyhPTSKJjfZUQ0j3OoiArkk6uaSvpCzfCDAzNTeVBen1YxRqVYUJQkq+oCW4rYBemnB2adFiUOoZuXeqvJuAzPELqMlfHwukQYwFmH6qWR6ZdHpl0JwPt7mq7pqpcarGVTRC3dYMIRxgDwj68PD6eLnUBpgQCHHn7b4qVxTQ2FrJv2Bm1vM4KZCQDQjdcF884iqN+mQhAAuLHFEhLtvXjGhiyNB9/TXYFPVsOp/A/emlJCAobpw0yQRKw67n+7LMYhxs7ZzrHs9tGs1L6yV0SF48zG8NoGb6Ftl+EZQvfxga6kUp0p8hFYEB7D9/b1uxWA75/d0xr262o9cKV60BEZlo6x6sxQJv+5l4+5FV9DNIT8v3n7UvXeeNaxkKszS4IJgtmIVcWqEFNplOy8ktD0aCmIxqoBrRCqIV88o6Uiw2S+vntoOodNLtK9TXsiwPhdLIv73826By8A/OitWYyAXhEVyIeXe91B9+EZQvdxTXu8xs9JwhFQkkeOjPansq4EoCUS+PF5izlRi5MkLFkAdFn2BBs32PjSAwdHHqdfppwJyxKRX1yyNOwj4m56ANkItz9KOkxUf15FQExzLQEjx+bE+HHglKyqj7xvcQWGyRyezt73xqhiIhRFVCClVUQFcvuKuJ+1BTCYKvzyeMq84IDhpaife98Sb7yo+/AMofuIB3zvaU847VmlC/j7+9z5UggAV3QkP768TeyCQIm2WBL+ME7M5zH+yF8OT2bzziPnAOe31D5w/iK/vGKyQdNegFHbW0Nc3GKJXRqVM4x+jGjxiijpIa00es/G9op0B7/0ysCcMFgU9OlTki2WNGRJzPfeTvbu4E8PzmYKUmpjkgBxRntc3xNPBL1l1dyHtw1TSbB9PHXps4clgUMoW/akMejbsWVJjHWhJg2yPL7suaO7JtLib0z0fNwhyMYNaWtM3Ly/K/F/17W6El8L/OTwxGd3D2ODYFTfFkt6IKlyV/JLZbZY0pPLF0QePMd+vwXXsX0sc+mfB6UXWqYtljTkPzbVX93JuML4XJ4/4/eDI2neKKdZ5cY/XtK4vsHbgNB9OF4hd97tr1ERn7ckk+v3Dr+i7EGPaMhIjn/4+MQtC+stfNbDLMxBDv14ffuWrUcncjx1EJwSZHpJU6eb+PPQsekr2mKXtdrMRy4yNT68sG4yx39VUdI0oLBvcj3IAmRzJyYcmnkg/EGSa4QIIl9Se2JGTB+HjFybklo/+tpaWlHUxTLIY/wPuycwmffk4SpKADETkf7YpcEZ9eGbVildYaf1xm+G0EgGGwXbKgBnJAO2VvBkqkXL6bMnjZYKty1rY9Bk/v3QWJ53rd/RUxP83ro2sSiVf7Aoxe0Y4Padg8OZ0gqkAPCppfWfXlpPBhoAiKqfjmBmIjzTKDWwySUg5ThQnGkJlGeLJT35yupkZ7QCe038/NjcSyMZADJ9sJjaTsqaJbEcygT4rrPYxwfleXzv7hHxWcbSqIEoChh/eFEFZmqeIvAMYalwfXdDszB0E0CscSjI4dncL/vcnGN3eWvsc8sa3KoeCKUGivNH8WEoU/j4zsHSbUwh446VDZ9cmiRiQdcBUtWwbi8oKjzAZtSoGeRwOnwFmCTCaamrSE3e2R65eWEFFn2ezPL/9Kq+W+CWyiEAW5OL2mou62KP+697Uwems9ZbLOlJfYi7pqsyez2eCvAMYalQ4/d9eEmLmJudDB/97oExd63CZ5c2XNlW695gUbBxg6WfVv4AeeaPg3M/PFTaEaQCvrSy4fYlSUIitDuwRMozd97YjZQ3DAj1GFGbYaKg/mlDumLB765vYJ4/Vwzuen1yKI2VLCSmj2wzSrigqEA4hL5+dquPNe48xt/ZO2NUKMC63N3cE436K5Dgpwg8Q1hC3LasNcg5lmv2TGUeH5hxMRgcQt9f17YmLn1dKKkiis0vqW7XjjX9yhujO8elcT0lA4fQl05v/PzyejEM1o1wmeBiiHlqiD0zo0sil3uWbiii5EO1Gc+BIhr2wcMXdzeEKjB28cWRzP2HZnSKqHM9QkustljSkBsXxc9uZu+ZPdGX2TORd6SIAsY+hP96sbe4aAnhGcISorMmdG2XUOfSSKOyQgXf3j9ScLVTGPNz/7WpsyPsK67CkFFkxQP6Sxme//Ar/ePZEm7SJOPzy+v/eXWjNELCUjFTTBEDsapPxb4mNndj//6dp7z8UPGn1DOmJhzg+87rOqelApVyuoBv3z5aUCWLptUCrEQAtiVRP9y9kX2QM4/xt96YBrDZYklPru6MLIh6syZKCM8Qlha3r1wgbY0kC2WGBIllAwEg2DWV/l2vs/FRtmgL+x/e1Bn3+4qQRsHKDZUiaqWsHp3Lf3xHOT4WAsBHF9d9b31zAEBujWsPwWawb7FEoYiCpRs5V4CG0Ip42mdpHwdEOGnJHWe2fnBpZXaZuHfv1JtTBXUiyKai5IqoQP5uTRPzvoMA8ERfZtdYTpfzwbrcIYw+utTrDpYWniEsLc5qjF3UWkfXZJf0NAwAcOfu4+52CgFgZTz0s40LovJoN8eKqKXQ58AfUzePD87+y1tlmtj6f7pqf3ZOW1y1eaFEXNhiyTwR5A6ZhRuZYw3R5JxiFFEk2nvxkj35yPKGr6xvY0vtIrF9NPOvb07pus5MeoSWUCmigHF3TeDv1jYyR4HH+J490kYZKkVU1gCMj80t7Ns8eaCEZwhLjs+tWiDpUWBE9AIMBgw7Rmfc2puJxHmN0YcvWhJE4KTCkGHuBtv6g6j8Afz1faNPDsxCWbClJbr1iuXd4qb2asVMrCIZCGl+nCuiIFeOGuFOAydVvlYRlXxwIo1+aEn9987roEhU9zGX5z/+8mhOpYoi4v8iiWk51JBvndtaG2DXJ3/bm351IutIERXI3y6vwOjcUw2eISw5trQlNjTGCCWKJPJP4cDkzy/vOp5zb06hjKs66x84f4kfGeswRgRs3ACNP0D3LFTA6CM7+vdPu7Psqi3W1ke3XbHy3OYa0WxgqZVewWGiSoqaSaN0/EZRPAAAIABJREFUiqjx48CI25Bbljf88Pwu5qGSReKfXp14c7qgloUBAJVnQVGBXNYZe+9C9kU+8zy++/VpdYYH1QsyIWuSgYta2Ld58kAJzxCWHD6EPnf6AgCzJrskrOku7ZtM3X+gJHvY3rCw4SfnLZInORaliMr9DHt/bN2IZCLLv//FvvIMnAGAtmjgT+9YdssyQfUqyxZL9gkupTmWriq7AoHUp6QgoL+ERHsvnrEnn17VdN/mzoosKAoAj51I/eTgDICux1wUkRPTvONOkKgPffe89mJi8fCRubemyMGi0tPtjk+tYN/myQM9PENYDlxzWsOyGkHlt5VGMXnpzt3Hp3MlsQc3LWq6//zFfpsKA8wv6TU3M3/A3h8dOTib/dDL/dkSdIgNEfFzPzpv4U/OWxjlOKJdUrItlkwJkQaqqMtVIXUaaqwaOBNCBeJH+N6zF3x704JK9QWPz+Y/+fIo8dkUEf8XTwQYl0OSfPHMpiUJ9m7ZXJ6/RzVYVGnqWJOV9aGrOrytB8sBzxCWAz6EPr20UTdaT1bAMPE/EMIU9Kay393r2j6FGry/p+mhC5cGOc5cmbFUb8D8kiNl1YQ8O5L61K4yDSIV8FdLG1941/I1yUj5tlgyEEURkRlkRdSBiGf+OHBE6kL+X1za86nVFVhTW0C2gP/mpdGxHDm2EwDKqogCQqvqw59ezT5GBgD+ff9s7xxPZG+gLAJfXNfkdQfLA88QlglXt8eX1QSkJjuxO5KK6AUc9K09J9zap1CP67obfnXxsphPKmxaJdNS6APzS/TKqiX5r2NT97xZ1t1RVtdHt71r+e2nt3Ba2dOakL0IlpjqElxKNNc2nZcep+kpmpBVydC2dy25qquSW9/d+drECyNZVxVRmdB20znAP7xgQaSIDWEGU4X/++aM0svHUgDsjuWJwPWL4szP9eAI3jZM5cP/nJj8/7afUMs7GAARBVTmKjc3nVb3r2tLOGz95bHU+1/sHckVxCAAuLHFErK6nZYgQHDvmuYPFTFOgQ3PDaf+dsfQ4VmXVgO36dbqswQonMwUlET1OEQQqvtvWlj7tbXJqEvbgbHhl8dm//qFUUCV2WJJJrctqb3rjKLy3qdenvjPw7MAjgvFDzYlrzvNW2W7TEDYifQ0H/fXqB6fY4m6Db/f/er4HABQGBPFjQ+hp87vXp0w/VpQfJgPzGRveLH38GyOOGeuydBmGVdUHeQD/OMNre9eUEt5g1tvcCbP37N37AcHJ3OmZYQ0YCZwllZm2YAaxo+j9aE5xH1zXf1VC6imb5eupBzjw5t/fXAmzxtdZGgXAFtiLqn1/++WJsoGgWFq7B5Nb/ifg3njdokVVsT9z1za6OeQmc+GqJ66bt757Emj5UOAQ19e22mniBqopgUevrintF/LFseCT2zu2pSUbK38qKKGPjLfTviDcQHDR14ZeGqwTJMLZcT83J2rG//8to5zG8KMiig2vyQS4Q+hiKqkUXBpiyUqRfTazuizW9oprWDpMJopXPPk0ZlcQa2IlmuLJYn4AH93Q10x3eICxrc/35/npfQXD3tRFDD+wqqYv0LDdE9NeIawrLi6q2Fjg1TRYOmPlpA72Il/nx9J/bJvuqRhawr5f3Ve101dCaJToqtLME19AxRubAkJnOHxTS/1PT8y505UnWBVIvS7Czp+urFlYY3fpBFjXp8CTZ2LjNNAzhUG18wJJgmI/oshMSUr68JPXr74hxubmsIVXtAyW8Af3DZyyHgWqb5XR0lIi6IrWibkE8tqz24sagLfIwennu6fBbDfYklDzqgPXtXhiaJlhWcIy427z+zixKFhxMhAFQFiIKJC/umNoanSTKWQEeTQv57Res/qppAwiwDYBosCwxhRHQFNXZYqwPte6H9xNFXSFDDDuxfEnr+k87ubOlsjfreHiYK46KWKgMorW4INHwfE/8akMez/zjkdO65e9nZq5bl04DG+/ZWxbSNZACmEQFqIYgaLOklMQGc2Rr5welEDVSazhc+9MKDKzHQ5H2H0pdWVfxenGjxDWG5c0lZ3aXvSeOqYQYdDIX2p/D37R8oQwlsWJn91XkdHxC+GUACL0Gft2NofwhPp1HSev+EvfZWyhWEf94nTW/Zft/pbGztbI37XtF8AS2kUwJkQSiqi8hkDITQe4O44o3n/9Sv+dlVTyFcV9cA9b0w9fGzWpGgwE7nDTTunM+pHD1zcEZSHUjPhzu1DvTM5p4ooYHxRa/CiVm8pmXKjKgrAqYavn9nll7/iiyqW5oOTMfnBofHXJku+aR8AnF0feebC094p7rZDWfHIKKbekv2QKib1pakcf/1f+v5SIVsIALUB32dWtR66bs1953atrAuLgaSrYQkitG9Ia6dpDGF13KmJYOcALITQ5nDgy+vbDt2w8qsb2pMhf0mSyTnuPzj9zT2TxKvWKIbASgTYFS2C3HtO6+nJoqax7x5Nf/fVUUohlCQ+Dr68xpsyUQF4hrACWFtfc/PiZp0iigwVUUKMRAWMPvPqYL4s660kg77/f2P7d8/ujvp8DJvOu6GIAhCRl39O5/H12/qeHqrA90IZET/3N8ubXr165RPvWPKurrqgj9OKovaKKDJRRHWKq7WaZ6rBGgihaxoi923uPHDDin86s7UhXC0mEAB+f2LuszsnsBJlVxRRKU9SK6KA0LU9iVuWF7XPVI7HH3mmLy9HwEkRuPG06OpkoJine2CDZwgrg7vWdcX8nElvwIxgAPzKePonRybKE0gOoU+saH3pytM3NNQUrQHSEDBvyMuXMADMFvD7X+h7rH/GcZRchQ+hd3Qkfv32xQeuW3X3+vaViZDSIQPbmIKRIqrrWotKpgmRx1VaKqIxH/rQkvqtVy7ecfWyv1nRWMwWCqXA1sH0rS+OFnhN17k4ZcHJpvMy6YkFfnhBsevJ3ffG2AtDKQZRtMYHX/S+DlYIniGsDNoiwS+sWiApolLBM1ZrtN+i/nnv8LE5csJfaXF6XXTbFaffvb4zyiGTioesOJgrMOl2rSpo7HOqgD/4Uv9DR6fcjCorOmuCf7+2bc97V+14z4ovrGldngib17nWiigojimlUcGZbIDFNMOAUY2Pu3JB9OGLuwduWv3TC7vOb41VaslQC7w4krlp23BKNdWO1ACgbIpo2AcPb+lMhopqJRyezt7x4qBTRVTA7StibZHqaqOcOqgieeRUw+0r2+8/OHxgOmNZSgUQEyoQTOfxZ3YP/vyc8m0OF+DQ369Z8J6u+tteOPz0gDSLQ1X5IN0ZBqIeKqLAuPouYPjEzqHBTP5TFdozXY91DdF1DdG7Nix45fjQnwdSTw3OvjSWntauTiM3HTRtCHMrZZhoRkmFAHXX+C9qDr+9NbK5ORzzc/QTkMuP3ePZG54bns4DyBZaIbg4IvsDlORbm9rOao6yRUTGbVv7pgSj7jAAp0V93jb0FYRnCCuGGr/vnvXd1/zvPsUAGBBJ5hJEHtHk4D8Pzzx4dOIDp9WVM8Ar6iJ/eseKBw+OfGH78YFUDrD0GUap2OUzjohkSjHZDtDUFnrjgYVq76t7xvpSha+tbqyeCcg+hJbWBpfWBj+6JJEu8Lsnsi+Npl8eS+8ay/amCoDkuCOrNATZ1EnjXDQEiySA4PS6wLpkeGND6JzGUFfN/PjItHs8e/XW4aksr872AKA2844JElMYDAuUMbl5ad1HVhbbnPrpvvEnjsvLPmArp1qgO9fWVnZNu1McniGsJK7uqr+8I/lYr/TNz0ARlc9gDbljz9CFTTWd0bLWej6EPri46T1dybt2n/je3oG0sgaWAw1KTeRKX6eREh8FTYgA9B+Hp3rn8j/Y0BIPVF1VEvZxZzeEz24QRyGOZwt7JrP7p3MHZnJHZ3PHZvP96cJkji9gg1dMQDwT9aG6ENce9nfX+HpigUWxwIp4cGk8EKyaRgAldo5l3vvs8ESGXERN1gqLNIYkqDLhmY3h728u9tPg0ensp//SrwTBuOVmRDBc0hq6wttuqaLwDGGFce+G7qf6d6d5QzOgUkQ1RX4qj2/fPfDzTR3l36glEfR/86zTbl3WcseO448eGefdUkQxIShpHVkAA8AfBmevfO7Egxtbq7w/lAz6NjdFNjcp64bwGKcLmI/WjmUKU9nCXJ5PF/g8Bh5jDkGQ48I+FA/44kFfY9gf83Pp6ckKht8VvDyaue7Z4akc1imiqGhFFJyq9M1h36OXnlZTXBOKx/jWZ/omsthxADCEOPjauri33VJl4RnCCmNZIvK5Ve137u4FAJ1GpFVEAVTkf4fmfnx4/NaeynwhWxIP//dFS14emfnSzt4nTkwBsEmjZoooSDE1a06D5szrE5ktz5z4z7NbLq/ir2J6cAhF/ShZE+yk+0JUjmmkpcTWofRNzw9P57Hy6t1URAEA0yuiQR/38JbOhbXBIiP14wOzT/ayiaLwiWW1i+NePVxheNswVR5zef7CZw4fFHd+UBsDu1og4kN/vrB7eW2Fl6J4eSz1rf1jfxqYxWZmy4AgQvvEppeMCVK6j+pLAYT/eXXTLT2V3EjPgxl+f2LulhdGMrzU+9cawrJusQQYvrMheXNPsUNU9k3mLvnjSIrX5GEqsijme+YdzVG/1x2sMBwbwnm3v8a88Pnp4dn3vnBMqBVA+N/wY5kRWZMIPbG5K0y9SlbpUuMQH7z39f5Hj45naaf8q9dRU8XLwMjREoAbO2q/dQbVBjrVnzdOGp9/tHf0tudO5K2yRpHfBZ2Zk9uWxKz3GqRJjVSe3/yrwztG006fDhg4gMeu6HpHZ8zCVVW9wZPY56obXHBq4qKmmhs6EqL9w3InSf5waEVenczcubcca5DaYn1Dzc8uXLz/mjVfWN3aGNItVaolEldJoxqYXZIHVhgRDA/3zrxja+9+400MPJQbPMZf2T74kedO5A1mVYKS7YE+15sR2unzl7eHXVnM7I6Xh3aMpMXM7OgA/IElcWsr6KFs8AxhteCfT29pDsrTaWlWuFbIDw6OPTFQ4WVWZJwWC31tfdex68544PyeC1prOayprgzH9ekvGdZ2AhDxvynZM5m75Knj/32stHtXebBFlsefeGXsy9sHeExsDqUF84ArTZ6hIhsagj88O1n8fJvfHp36jrCmKJi2yowJQHPY961zW4sMgAe34BnCakEy6PvaqhaDBSQpCAb08V0DJ1LlW27GFhE/d9OixmfeufKNa9bcsWbB4nhICi2o6y8yvpqf+kMAtj8wBsCzPL5t++Cve6uliXAKYjxbuO7Z4f86OkdkWnBvQVHpg7GTBUUX1vp/dl5D8ZP2js/kPvx0Hw9SACgLrLRs73c3tzVFvDEy1QLPEFYRrl4Qf1drjE0SGsvm/2ZHP/XHufJhWSLy1TM79l2z9oUrVn769NbumiAAKYcCnSJKuqFue2PAgO7aO8YbzMzzUHLsn8pd+tTQs0NpI3ESAIoXQh0ros1h7uebG4vffzjH4w/8uXckVXAsigIGjK9ZGLthsTeeq4rgGcLqwjfXtDQGfJSKqIZsG527a+9wWYLpGD6Ezm6KffusrsPXnbHrXaf/w4qGjclQQKnJZJjVdjppyYyovjkhwHBoOjedIydueygHnuhLXfrUwEHd+nIA4OBt2hABtIpoPIB+vrmhp9aFftgXXxrcOjAnhsWJIgoYGkPc985vLz4MHlyE1zevLjSF/N9c2/pXr/SxjJ4D+LcD42clI1e1V/Ua9mvro13L6j+zrH48W9g2knpuJPX86NybU7mcfbeNumNHVJVhHwoVt8mqB0fgMf723ql79k4VxNclJb7B8puYlUgSq9ZDUxL1o59tblidLHbKIAD8z6Gpe3eNiltcUQdA/vnN9Ym2qFfxVhe891F1eHd77bXttY8KU9SdWUKEAX9818Cy2uDSSs8spEEy6LuiPXZFewwAxrOFnePpnROZnROZV8fTvekCAKhH0CD1GSMibuygmrP/9pYa+rklHorEZJa/7eXRx/vTykIQqpnsyGGONiSI8JCKBH3cI2/vPLe2UHwE945nPvz0CR408j4tru2KvLsrYu/OQ3nhGcJqxDfXtrwymTkym3GmkQIGgOl84aaXTjx5wWmJKtt2zhrJoO/ilpqLW8TZzZPZwhvT2Tensgdmcodnc8dTuDeVncrmeXppFAAAnRb1f21NY1li4AF2jmU+/OLo0Zk88S70kJsvwGoMgfDBngQ59NDFHVd0xZ3OQtNjMlu49o/Hp7I8TatMFVEAwNBR4/vGmd6nwWqEZwirEYmA7yebF1365N48OKwfEADAW7O523b0/+dZC6pnQwanSAR95zREzmkQ287JZDLH46lcoW8uO5DKD6VyI+n8WDY/kSnM5AszuUK6gLMFnMc4lc0BBo6DqI/bkAzd0pNIBOdTg2Cegsf4hwdmvvLaRIaXFEt5l82KbrHk5+CBizve68ZKQzkef+ipE2+MZ5xtsSTBx8H3NtYlQ544UY3wDGGV4m2tib87vf3rr/c5azJLquDjA7Nff3P0jhUnT2cowKGGkL8h5F9tuVhE8a1+D04xmil88pWxx/tTgBEAltRLDFijUgJAMYooSMoqrSLqR3D/RZ03LHJnt7IvvzL0q6PTgMHBt2oZGD62PHZByzz4YHFqwmueVC/uXNe5sUFaCJFaGpVL6b37R3/eWxUbuHs4ifGngdT5Tw483pfSCpMqY4GI/4sn5GNMSZBDD17S+f4l7ljBn701cfeOESUUlINFQRz1fGZ94IurqnoI2ykOzxBWLwIceujCJXVBPwDdjF2FgzB9+Pbdgy+OpiodDw8nJ2by/Od3jt3w3PBApiBOV0egyYESAQDEOmuenD4vZXI7EvRxD21xrS/4/MDcrc/0ibGgLIxImjuPUDzI/fCcZNAbulzF8AxhVWNRbfi+c3qklq5map0RkQesYwwAqQK+6aW+I7PekpseXMaLI5lL/tT/owMzGAAwkqaKG85kt8+2dkQaekM3az7qg19c2vXehe4MSzk4lb3mD8fm8kTsnMydB4z/ZUPClcmLHkoHbxumeYDPvzb4o0PjAHYfUYTRkrpBa0tiwSfO70p6Y0Y8uIGZPP/1PZP/vn9K6qmBNjtqPw0KHw7LtMVSPIB+trnxvCZ3vsaNZ/jL/jzy1kwegHqMqBweDADw14trvrnBGyla7UDYyWyY+bi/xkngc7rAX/n88R3jaftyqB+sBgAAF7TEHtuyvMbvOwlSw/O5gj4/PZj+zI6xw7PyejFEfrOpSJgHyYBZrtajOcT9/HyrWfOOUmMuz1+/dWzbSJY+AACqdNjQFN767u6Iel3TkzVvzGufPWl0HiDs436yob0+5LPUj0BWRAG0Q2m2Ds7cvPVgrvpWIvUwXzCcLtz28uh7nx06PJOXdEi1IgqGiqgrWyxRKaILY77H3tbkytoxAJDn8W0vjm8bzjIroo1h7uEtHZGiV/f2UAZ4L2l+oCsauG9dqw/MRo0itSKjIxj/4tjYJ188UtZAezgpwGP8wKGZc/7Q//CRWSwolqDeOFpDtGAeI0r2wyyehwFgQ33wibc1ufgp7vM7Jn9zIuNsjCgRXj+CBy7uWJRwxyp7KDU8QzhvsKUl9sUVTSYD1UCsnixGrwG6782hu6tjC18P8wXbxzKX/e/Q7TvGx3K8NDYZqf+X7EDltli6fEH4Fxe6sKeEjH98efCnh+aIeNENFsXKzy9vbH5nl7fp7ryBN5ZpPuFvF9fvnkj/pk/YbBYR3wal7qB6mU2RgHLmW/vHEgHuY4vrKxF8D/MJg+nCXa9PPnx0tsBjKX+Ro1ewOAoGQNHklQVF5TOsXwYVQvpsQG5bVvvl1XEXF1H69u6Ru7bL7UWHXxMwAIJrFsa/sO7kWcviVIBnCOcTOIS+t67t0Ez2/7V359FxVHe+wG9V77v2XbLlTV7BKyZgsLGNMQ8cxuAhwCMEnHmEJAwwTMLjEYYsZ14CTMJ4CIchzAwQTALxc1gcBogBY4wBL1h433e3tpZard63qrrvD/VS3V29qiWrVd/P4eCr6uqr7na7flW/+t17D7qDoghHJIrV0jeeONhnULB3txZniBWMPT5O+N1Jz7qjTnc45Ts2eNuP5LjW/FBi4KBMX2Y1yzw9t+yuCQZSPL873P/Ijp6Ek8wcG9H/z67UvrK0UcEULTDDCEAgLDFGJfvawqYVn52zBXnRoSP6DzfpVov4kBJ9iDLkH/fbNArm9hZUdUMCTqD/77zvV4ecVj9PCCEJR3Mm+f+UxL9VI77EUo1W8cby5tm6cB5vL5v1xwd+8FlXdNF56d8r3Yj+WKNTbLyu2aTCLacSg7+w0tOiV/1+QaNGMhckrqChKVuiDUrIA1/3/BkTsIHIB53+pR/3/HC33ern4oWg8S9S9LpQuka0WIvORy86M9aIzq3S7lg98ZqGYt6Ee/2kc+3WDoFG61TzrRQlVM2QjSuaJ5pRIFN6EAhL0sIK3bpLayM1CRKp0ewNntD79nT/2eoe6ZcOo8/HHe4rN5244/PegwNhQlLTkDRlS+q9s9TSycIa6X5NvHHXlLJtqya0mooZb/500nnXlgtcLMWSZ40ooYSl5MUlDVfV64v4qmDEIDVaqr7VbDnjDT99vF8iNSqVEU1t8ITc195NCL2lyTwiLxlGnU863b9o79na5Y2XfSbHJCI69kdJLLEU23cYM6JaBfPry+vum15R3Dtwr5903rXFytHsLyC5QeJbHp9X9Z023HcvVQiEJeyRtsrzPu4NqzO+SbJqNG1jMBb2hARyewtiobz81ep+8uuerd1eQkjy8klMNNQll7AM6xJLmUpDCcNMMKreuLZ5QXWRL7nWHx9Yu7WDE2Ib8iwTJYRQclur/on51cV8WTCyEAhLGMsw62bXdgXCn/b64oeT5FWZUhsJOR2ekvvbu4M8vbtIkxTDaBYW6KZzzqf32XbZfMmXNglfExrNiDIpDyUFi8QBPIU3Un9NvLGm1fzi1Y3lmiLPl/u7w/0/+KwzoTom92LR6H2GxXWadfMtKBMtaQiEpU3NMr9f0HDzjq52hzfhuJYlscOItwzWkXp5HuMLxzAvJ7x2on/dgb6jziAhJCURKm5Q6YfSLjrPDHnReZL0nYw19CrmmW/U/93U8qJHmt/s63tkR4+QW5FqciP6CV1SrnzlCiyxVPIQCEueWaXYtLxtyfuHTrpD8bPWjBnR6Ilt/CHKMP90yO4M08emVV6UdwHDp8sXfv5w34tH+m3+cOLCDpIZUZoQCkdo0fnYS0rIiM6t1r16TdOMcm3RP5N/2t0jGjVPCsuIjjMqX19UYVGj5LDkYRmmMeKsN7Tyswu2AJcxn8OkfyjSuGd82VOXVBdxng64iHb2Bf/rlOsdqy8sJD2SLp85iEpf/kgEQiYawEihDekYqSDk79tMj84wF/1iixPo/253vnw6enO0gIwoIYSSGi373rIqLDQ4NuQdCEtufQ359HzAGbjpc+tAyjEvUfbDys0t5a9ePQFrNpVuz84Qv+HUwAtH7O12f/q9Ur8JNO0OWa6XhnJfUOILOdmkfHZ+2cKqnNYUzHdlpR/sdGzqCCa++JxFP4cKDfvRqvFzqrSxnvPoZIx+60q6Z5zOjB2zLNrXFzau+dLq5WmajGjWrCklDPPmeUff5mNvLpuCjE/J2d3r+88j9g1nBgaCQrbrMJomIyqVNSWEkNSMaFEmFE3IiLKE3jfF9NgMk34YVi9yBIVvf27/ojdpMpo8k6KUGFXsputbYlEQxgAEwjFlYaXu9csbv7XD6ueI1L/wrAWlkca2Hvei9w7/cUHdeINq2F4sFE2XL/zGqYFXjtn3OwKJOU6a2JCaLJQSqX2SHkp34TSUa8H4qxz8Y2aZ5sXFjVPVQTIMTrlC13/ce8LDRV5FDrcJJBqE6JXM2ytbrqzDwPkxBYFwrFlUpf/9goZv7+oKCtGz9cE/ciyHizaOOgMrtl1Yf1n9wkrd8L5iKJQ7zL933v3qif6POjwhIRpjsqT6JItFJctEo6Ei1mfRhs9H/4iVhirJY3NrHp5VpVOyDkfxA+Hn3b6b/3reFuATa1Pz+UdBCSFEq2A2rGha1lTMab5hNEAgHIOW1xpfXlB/z67OIJWuEc2x0Rfib/7Cum5O7d9i6pnRJMgLm63uDaedm845XSE+z8qUzBnRxH0IScyIUkKKv8TSymbTs1fWT7bkdEewAH84MXDvp50+LlrlEg9x+SVF1QzzxrVNN4wzFfflwWiAQDg2rawzvnxZwz27u4J87N8/Ef3Lz7Xh58n39vQcc4UenVqJUtKLy8cJ22yBTR3+DzqtAyE+/oDUvOopDZKxQaWzpsnSlJLm0RCj442qX19Rf8uwzeQQFujPvrL9sr2XMNFXUWhGVM0wG65rvmk8ouDYhEA4Zq2sM768oP6e3d2JOdJCGs+cGDjiCj0/t9aiLvLUHpCVI8R/1O1/v8O/xeZ3xeo8ChldzqRpx35MyYgm/a6hZkQHYwtDGKJXMj+6pOpHl1aZVMP1jXKG+Ls+tm4670l5/XkvsaRVMG8sb0IUHMMQCMeylXXG9ZfVf2dXl1+QrCPNaT7SwVTY+93eFdsurF/YMKWos/5DOkddoQ+7/Zu7/Lv6gmGBiDKZQxmrl27U/GAjc0Z06IlQhhDCMuS2SeZfLqgbN5xfpCOO4JoPLxzuD6Rc35F8M6J6BbthBTKiYxwC4Ri3vNbwp2803L6j08vRPFOjsQ108P8nPKFrP73w3NzaVUVdBw5i7EF+e29gS0/gk25fZGnc2JVZJIGZYyI0x4woIYTGJ07LkhFNKqspoEGWNBifXFi7sGZ4Sy7/fNq5dmuHKzQ4exrNOxEqeqNGJfv2yuZlTfjCj3EIhGPfoir9xm803r6zYyCcb46UER0dGUKImxPu3tn1w8llj0+vUuOWYTE4gtxH3b5ttuD23sABZ4iPR6N43KEyAAAakElEQVTE+sbCZciIksQgRwghw7TE0uxK7T8vqFvZbBzWyamDvPD4btsz++wCkXz9qVvSNwip0LCbrsdICVlAIJSFhZW6d65s+tsvO21BPo+MaILIqTIl5LmTznZH8Hfz6xp1+P4UossX/qLHu73Hs73Lu98RCKUmriO1TcWavSxzRjRln2g+nBAy9AlFJxuVj860fHtmg2qYz5wueMJ3brFu6/RJXd+R6I+5qtEqPrhxPEbNywQOZHIxy6L94KrmW77sOOMJZUuZRQ8iNO1DX9j9i7ece25u7cp6ZI2yc4f5g/2BXb2+XTbfDpvntDsksVNSYnMwKUrTPJq9EUuoEqmGVEaUJv5IiOh6sZAY2GZWPjTNdEuzXskywx0F/3LOtfaTjr4gH33VQ8qIjjMo/7y4AlFQPhAIZWS8QfXulU3f/qq7vd9PSOYEERM/HCdcGsbb/SH6P3d2f2+i5YnplVoFpmOLEyh1hoX9XZ79/f72Pn+73XfcGQyIkp6Zaj4TUtEk8YImX5J/wVS0JXNGNLpP/hnRmWXKB9vMNzXpRmDIjZ8THt/ds25/f8KygqTQjChDLilTvn5VRb0OBdIygkAoL/U65ZaV09d8cvyjLnf6FZqY+LVFcnJJvIVSwrxwyvlFr/+F+XVTzfKtJnWFhRPu8HF36JgrfMQZOurmOv08LxRUpiv+wKk4b5lvajSWCE1tEEKGJyNKyBXVmgemmpbXadkRWaj2qDN8/5Yz7b0BQkhRMqKLa9WvXIGVlWQHyzDJUUigD+3teeO8KyUvJKqSJ1T0EJM5m6RTMj+dXvV3Eywjc/i7WDiB9gb5Tj931hv574wnfNIdtgVEw9uHdA1HCIkmRQuXLp8Z613qAlFisASTe9xVMXRVk/6HU0xzKkbofEig9D9Pen++z+UXxF/UlC+z9EPSjdvG6dfNt2CVXRliKM3jdKkU19dAz5I9C5Q+fcz+L8ccKX/9DKGS91eyH1auqdavm1PdrM9pnu5R9WmIeTjB6uP6gnxvUOgJ8N0BrtvPdQUEq4/rDQo+Togvc5X2n05BR9Lk3oqSFE3XO5P2kfgOOV0J1umUa9sq7p1WkWFcYNH/Bs+5Q/d+2rm5w5PtU8r1M2QJeXxe1RPzqmNFrSX9rxs959szUqMyxTLMo1OrWg3qh/bagrwQT43GSyaSbg1mOJ2O7POJzXfVJ9Z/nll557iSnJvUwwk/2d+/8bzHPxjrCp+CoKCnE/HTRY/mnRol6ScUJRLJ0sGt+WZEGWZRre7e6ZVrWi26YVgyKYOXjzoe/rJ7IMhn+0KSHJOiapZ5cXHDd9rKivs6oYQgEMrat5rN4/Wq7+zusgXFyT1x+SCTsiWpIS67YFxh4YGve9/p8Pzm0uqWklrCSaD0uzt7P+z2JWzNXJlJxVuGUuEZaySdjuTVwwgtsVSlYW9t0d/ZavjG+BrJpw2fM+7QDz7r/OCCJ/qaaZpG0hlJpkaNTrFxRctV9RgsKGsIhHK3sFK3+ermO3d2HnTGavqTjou55JcSTr0/7vFd9cmFn0yrXNtqLpWpunfagx/2+HOdw1N8khBX6DtN6K0odwfFP1KpjbGImOsSSxqWLKvT3j7esKxOqx3xu2hhgb5w2P74LptrcLq5pHcj0chpQtHZlZqN1zVPlHGdFwxCIATSole9d1Xz/e09mzrcErWLEWkzopJn2m6OPnqgb+MF929mV88qG64Vdopob2wZvKyZzMgVW3EzooNbGFH5aL6p0QwZ0VyWWCLRxuCWyC4MIVfUaG5p1q9q0lVqLs6Ign32wH3bOnb0+FJqQTOkRrMnRddMNL+0pNGkQoEoIBACIYQQo5J9aUHdv1k0vzzSFxuTHCWZTRvcR/ISJN74yhFc+qn1exMsj0ytMI/uI45ByeaRh0zIXpJcnyXZiGQymXif4vq1XCcUTZcRJZHwILlP+oyoiiWXVWhuatavatTVXrwRdc4Q/4s9tmf393EkGq2LkRFVEvKzBTWPzqka1vneoIQgEEIEyzD/0FYxq0xz357u/qBQQEZUEi+Q508OvG31/Hxm5eom46gdX7GsVqdTsn4+4zuKPViUpGhyb0P8ZCQzoiTxZCV2D1I6I2pSMotrtdc3aJfXaau1F3NEOU/phlOuR3Z0Wb1c/K1lHxqfPSNapVW8ek3j9S2YEQniEAghwfJaw5bFLWt3d7UPDN4yzJyAyqEagTCEkE4/97++sr1y1vXLWVWjM1PaqFc+dWnFg+12msto99RJWYeUEZXKrMba2TOisfxnARlRShhmZrlmRZNpURlzebVm5O//pfq6z//wl91bO72EiD6r7F82kvXMbH6NbsO1Ta1YSgwSIRBCshaD6t2rmn56yP4fpwcIIVIZUSI69JC0597xjF+k8XlvYOkn1jvGmR6bXpHraKARdOd40wyL+qXT7u29/nNejpCsmUkmh33SNBIyoun2yZoRzaWRmBElhBDCEjLBrLm6wbCkwbi80VivV5H8R3QNhx4//+Qh9x/OeLnIC6Y5ZEQjO2ZtfHei/rdLxo3wYA8oCQiEIEGrYJ+6pPryCu0/7u8bCPFSu2RPikYkXmDwhKw/53qn0/vIrPADM2qHb4Hywswp1/x2nkag1OrjPu8LftEX2GUPnvaE+PhUnOLdC714Ep9RFKFMNF0/CeclWgWZWaa7vFZ/Ra1xUZ2+waAaVXfIfJzw7ye8vz3mcYVpvFZn8C3kNFlopn3MSvKv88tWt+gQBUESAiGktbrJtHhczR1bT++ye/POiNJM6UFXWHh8T8cLR3ufmNNw9+Sq4V6aIF8sw7QYVC0G1e3jjISQ3gC/xxFs7w/ud/Ff2f39Qb7wGtHkotP0/STtn/8SSyqWtJnV82sNcyv186t1Myu0o+20YxAn0DfO+Z485O7089G5v2NFQ0xuGdHoU6TMrVS/uLBsggnHOkgLXw7IZKJZu/3GaU+0d/z6QCdHSE4Z0VgjJTWa1LB6w/duP/fMge6fzW1c01o+qi5QxKq1ipX1+pX1+sHpnc64g3vt/v39/oOOwMH+wFlPKMAJhOSTGhUftDOlTzOnZGP7EEKIScW06JUTTcopJlWbWTXNoppkUqlZJvcpqUaeQOk7Vv+TB90n3LEvV2JV69AyogqW/HCK8bGZJkwfCpkhEEIWKpb51fymFY3mtdvPnPVILaSXJG1ppbSjrsBtW0/NPWB4YnbDjS2WURsOY1pNmlaTZvX4yIxcfk447wkddwVPu4Kn3aHznvB5T8jqDjo5ISgkPnNoZaIsIWoFY1QytVpFnVbZoFc06RRNemWLQTHeoKzWKErocC9Q+kFn4OlD7v3OMCGMaB4D0WfEkGhqNL4tpZE2I9pkYJ9bUHZ17WiszILRBoEQcnJNvbn9mzPu33H+j6diy5XknRHN0Gi3+/7mo5Pzq/WPXVr/zZay0R8OY3RKtq1M21aWsIirw+HwcYIzLNiDQn+Id4QEZ1hwh6mPE7w8DfI0JNCQQITInPeMVqNmCVGyjJpltEpGq2CNKtaoVJjVrFmlqNAqKjTKCo3CrFaE3M6L8z6LRKD0/c7Ab4649jq46EAOKpURJdHkbyEZ0TXjdE/NsZRrcEcQcoJlmCA/73R4fryvty8kSB+jSLpDUx5mmNUPtJWtbjSWyvRskAtOoO9Y/euOuA85w4QQiQm+CYmcS2VPe6bdp0rD/stcy03NuuF/QzB25B0IS259DfRc9J57g9yP9/Vt6vBGpqNMCoQFSh6V0WpQfn+i5bZxJqOSHc2fBnrOyhMWNvWSdQfsJ11JqXXRiY74zmhOSeOUfSi5eYLpuUV19WkWAhslnwZ6HoU9IzUKeavWKF+5rO4tq/v/HLDbgnwkEiYUQxZhAaMzXu6RfX1PH3PcPd788BxjuqMbjGY9fv7l096XTnn6gjT9Sk80MZeQS0aUJJ121egUzy6q/9ZEyzC9ERjbEAihQKubTEtq9D850Pen857I2XxssF3GYtH0DYkiyb4A/+ujjudODNzaWnH/9JoF1YbheTdQZF/3h/7jhOetC75IxZD0NZ6ohjbhxIikKRaVyIiyDLlzctkzV9RVXtQ54aCkIRBC4crViufn1d7abPrxvr5TnlBBQ8OTM6ISKAnw5NWT/a+d7L+s2nDftKo1reUGJY56o5GPE96x+l8+5d3THx68AMxS6hk79WGi34Qso3IS6kgnmhT/vrjx2iZMHApDgkAIQ7WkRv/pNU3PnnA8e3wgUMja7hkHp4tyrQIhO2yeHb3eH+3suHNS+dop1bMqUBMxWhx2hl87491wztcfFETLOSU1mMSMaOKAyLjM4wQJIUSjYP6+zfjQNGNjNaIgDBUCIRSBXsk+Oq1y7Yymh3deeO+Cc+gZ0ZQ5ORMe6guE1x20rTtou7zGePfkyjWt5ZVafJMvDkdQeMfq/+NZ71f2kKj+M3G0f6SROliQRhOh+S2xtKxO+6s55kmYLAaKBN8kKJo2i/a/V0x+65zjkV3Wk+5Att2zJUVzGJi/o9e7o9f38E7rjS2WOyZWrGg05/WCoWABnm7pDmw87/9rVyCydhWTdfA7SUhsUtGzEhrpemAIQ8bp2V/MNt/QqB2163lBKUIghCJbPa58RaN53UHbk/u7PGE+Y0Z0KCWm8YaPJxvODGw47ajSKq+v161uMi6q0mIM4nAIC3Rrp3fD6YE3Tzv7QzRN/jNdRnQwCooWhMpniSWDijw01fj9KUa9En+zUGQIhFB8BqXiJ7Pr106penyP9dUTdk560tGMGVEqkRFNbEisut4X4Nef8aw/46lQszc0GFY16hdVa7UKTC8yVH5O2NrlffO08+2zrr7BOceJ+EpdMhGa1EjdmMsSSwwhREHIba36x2aa6nWokIJhgUAIw6Ver/qvq1ofmFH76G7r5g5ndN7NnMpEs+4S3UN6nFl/mK4/51l/zmNWsUtrtNfV65fW6C7ukuulqMfPbba63z3r3tzhGQjFJk7Nvgp8SiMlIxr7OWNGlCFkaZ32p5eYZpZhFCkMIwRCGF6XVujfv27Kx52ux77q2NXnzZ4RzXVgfvQIG9nCpDxECKWusPB2h+9tq1fBMnPKNctqdUtrtPMqNLjDlA5P6S6bf7PVvdnq2WXzcTRr2jNrgxAiqhElomv6jBnRuZWqx2eal9Rh1mwYdgiEMBKWNZh3ftP81jnHz9o79/f7I1szrVKUIWtKkjKiuSRdeYF+ZQ98ZQ88dZiYVYpF1dqrqzWLqnWXWehoWw1x5HECPe7mttuCOwacWwcv/sQBLKKARlKZaGzIIIkOjZfOiE6zqB6dYVqF+UJhpCAQwshZPa78xuayjWcdP99jPeYOJz+cQ5moaFeJjGguzySEuDjhvS7fe50+Qhw1WtsVtfpFdaYragyXVOoMslnB3McJh5zhXX3BL/tCu+yhviBPCImcYTDZk5Y5N0R5VPFfcMrQ+MHG1DL1P7TpVzfrUOsEIwmBEEaUimVun1Cx3ELesnqeOe445uZEa7LnmBEVb5HOiOZUdEoYQojNH377nOvtcy5CiV7BXFKln1+pn1+tn1+tm2LRjqWLRU6gJ93cvoHQ3v7Qnv7wIWfYz2eY/7MoGdE8lliaXq55bG7VrRMtHufAcH8UAEmwDBNcNAKlf+n0/tvxgb2OYGQTzbB70rVGuovCfCT8uuROdApmmkU9w6KeYVFNNasmm1S1WkWp3FwUKO0JCCdc4aMu7ogzdGAgfMQZ9vMkXquZqSGOiIU1cl5iiZDZ5aoHp5pWNWFoIFw0DKWZjj1JSnF9DfQ8ynvmKf2ow/X0/p6tXW4h83MISR8F8zmGpv3KZ+qEIaRco5hi0UyxaCaZNBPM6gkmTYtRXaVVaFJGaIzk5xziqT3EW338WQ931sufcXMnPdxpD+cIRQa65xnKSOEnFglEnUgtscRQsqhW/eBU45La5Nqlkv4+o+dS7BmpUbjIFAxzXZPluibL7l7vukO2jWccIV7IOSPK5D0wP232NUtmlRLSH+B2BPkdNp/4IaNSUaNTNulVDQZ1nV5Zp1fWaJV6PliuZsvVrEXFWtSseggp1iAvDIT4gSDfH+T7g/xZu7c3wPcEeFuA7/YLHT6uL8R7OcmU5uCW3ONgbCJQOuQa0VjPlNDkjKiCZVY3674/xTCnQl3wxwJQRAiEMFosqDb8YUnrk/Mbnz9ie+mY3RYIEyIOXdH9JBoZSkxTGiRpqH7OA/zTNDxh3hMWTrtChHjTvTUNSwxKVq9kdApGo2DULKNmWQVLWEIGL4YUyn6BEk6gIUEI8TTAUx8n+DjBE+YDfKybxMBFEyPQkLOZiS+5sGLRlB4SC6CqNOydrbrvTjI26jGmE0YRBEIYXZqN6l8taHp8Tv2G047nD/e2230CIcXJiJI0x/zCMoHJNa6ZOglSEgzTyMJEEhhCgikbRYMNxPdHabQR+QBitZ10aI3obxlSjaj49YhOGhhmdrlq7UTDzS06vWzqcqGEIBDCaGRQKu6ZUnXPlKqdNu9v93e8fcHrFeiQMqJph+rnWWuanGKNhpACJ0pN9y5ovD04MydD4lN0ktRUZGzLUC4Lh5IRpaLMKoktOm9UsLdOMt/epJpXiSwojF4IhDCqLawxTJlX/X8vqXzT6nntrOfr/qAox5l/JjMSCwkR/VlYRjQxZ0vzf3rW304T07aihvTF50XMiIpfEyWEsITMr9atnVp+2ySLRa3ItyACYIQhEEIJMKvYu1vNd7eaDztDb5z3bLzg6Q7kUGEak5zGJOl+zqO3HDKi2Ug+N+m1iv5PiVRGNLZ7wRlRUbcJHebbYAghDQblHZMsd04uu7RSK/XuAEYjBEIoJdMt6l/MqnhiRvm23sDG857/7vK5w6klpjlmRAvIZKb2U3BGlEg9RJMvrsSLFpHUVGRRMqKi+3mFZkTNSsXftJrumFS2pEGfOpgEYJRDIITSo2SZpbW6pbW6AC982O1/y+r9uMfvDtO0acYiZkQjRadDqTXNnFAVTU4tfrXJxNdiQ4mBSb8mv4ZZza5sNt06oex/tBh1qIKBkoVACCVMq2BXNRpWNRo8nPBpj/8vnb7N3f6BsChrKnkjbPjLRLPJkBRlknegoh+LlhGNxuOCJhQt05AVdbpb26pWNBlNKgyEgJKHQAhjgVHJ3tBouKHREBLowaDq3fPOdy84TzqDRcuI5jn6PuOz0pWYkoSe4xszFGcW3GBEHebaaDWw1zXoVtZrL6vSaBVMebklz78lgFEKgRDGFDXLLGswLWsw/evlTcecgQ8uuD644Nre7fFwQjwoDsq3EavlLOzphEQTqpIZUamsqfjXRYivF0ciI2pQMpdXaZbWaq+t10wyYXVcGJsQCGHMarNo2yzaB2fWeDlhh827pdO9pdOz1+4P8GnvvElLzq8WNymalHKVukE4shlRDUNnlauvrtFcXaOZX6nGEHgY8xAIYewzKNnBy0RCiDPE77B5t3V7t3e5d/f5/VxeRadDzKxKJlSJ6KHEVaVIyjxqQ82Ikmg/yWlPvZLMtqgvr1ZfUa2ZX6k2qxD8QEawDBPIV0igh5yh3fZguyO4pz901sPxVOpiUVyuUojMz5Wu5xE9Ir41yBCSyzpK2ZdYUjBkvFE1r0I1t0K9oFI9w6JSK4byHgFKWN6BsOTW10DP6DnHnu0Bbn+/f6/dv7ffv9/uPz4Q8PHifYepTDRln0xDJgq+EmR0LDPRrJxpUc0qU88qU82wqMo1yZd9pf43iJ7Rc2E9IzUKEFGpVV7TYLqmwTT4o58TznpChx2Bw47A0YHg0X7fSU/IFSaEFDEjKrVPPCIWnhEt07CTzOrxOmayWTnVrGozq1oMSi2u+QCkIBACSNMp2Wll2mll2ltaCYmejdqD/Fkvd9bDWX281c9ZvVyHn7cFeEeIDwuphaAkZYv4IRqtI018KFJWKn4t0hFPzTIVamWdXtlkUDUZVeNN6hajaoJZPcGkrtYpSf5n0ADyhEAIkIdKjaJSo5hXoRFvFCgN8NQREvqCQm+QtwcFR0gIKNQDQX4gJLhCnCdMfbzg43gfRwMcDfECRylHqUCJQBlKKctQhmGUhFGyVM2yGpbRKRm9gugUrEHJmlWDC/wyZWq2XM2OqzTXaFU1OmWFRqFVMgoG13kAQ4JACDBULMPolYxeyTbq4xuH886HOa/9ASAzFEkDAICsIRACAICsIRACAICsIRACAICsIRACAICsIRACAICsIRACAICsIRACAICsIRACAICsYRkmAACQNYZKLsCWRimur4Ge0TN6Rs/oGT1ngNQoAADIGgIhAADIGgIhAADIGgIhAADIGgIhAADIGgIhAADIGgIhAADIGgIhAADIGgIhAADIGgIhAADIGgIhAADIGgIhAADIGgIhAADIGpZhAgAAWVPm+4SSW18DPaNn9Iye0TN6zgCpUQAAkDUEQgAAkDUEQgAAkDUEQgAAkDUEQgAAkDUEQgAAkDUEQgAAkDUEQgAAkDUEQgAAkDUEQgAAkDUEQgAAkDUEQgAAkDUEQgAAkDUswwQAALLGUEpz37sU19dAz+gZPaNn9IyeM0BqFAAAZA2BEAAAZA2BEAAAZA2BEAAAZA2BEAAAZA2BEAAAZA2BEAAAZA2BEAAAZA2BEAAAZA2BEAAAZA2BEAAAZA2BEAAAZA2BEAAAZA3LMAEAgKwp831Cya2vgZ7RM3pGz+gZPWeA1CgAAMgaAiEAAMgaAiEAAMgaAiEAAMgaAiEAAMgaAiEAAMgaAiEAAMgaAiEAAMgaAiEAAMgaAiEAAMgaAiEAAMgaAiEAAMgaAiEAAMgalmECAABZYyilue9diutroGf0jJ7RM3pGzxkgNQoAALKGQAgAALKGQAgAALKGQAgAALKGQAgAALKGQAgAALKGQAgAALKGQAgAALKGQAgAALKGQAgAALKGQAgAALKGQAgAALKGQAgAALKGZZgAAEDWlPk+oeTW10DP6Bk9o2f0jJ4zQGoUAABkDYEQAABkDYEQAABkDYEQAABkDYEQAABkDYEQAABkDYEQAABkDYEQAABkDYEQAABkDYEQAABkDYEQAABkDYEQAABkDYEQAABk7f8DR1tPR7qkELkAAAAASUVORK5CYII='),
	(4, '2025-02-10 11:48:50.518714+00', 'ultrasonica', 'Ultrasonica', 'data:image/png;base64,iVBORw0KGgoAAAANSUhEUgAAAWgAAAFoBAMAAACIy3zmAAAAG1BMVEXu7u7///8AAABeXl4wMDDCwsKEhISoqKja2tr1Daj9AAAKtElEQVR42u2dS5PbxBbH3QMfoNvWw8uJ7MFZYkOqWMbKUMUSGwIsM17cyxKbpO72ehLq3o/NWFL3eXQ7CY6kaaWOYDGaljo/y63z+J8jzcjUmx7V2yB2RwIt0AIt0AIt0AIt0AL9OUI3m2p+P6RdgRZogRZogRZogRZogf68oCUJEGiBFmiBFmiBFmiBFmhRTSVzEWiBFmiBFmiBFmiBFmhRTQVaoAVaoAVaoAVaoAVaVFPJXARaoAVaoAVaoAVaoAVaVFOBFmiBFmiBFmiBFmiBFtV0eEmAMv/715uBQat0VRTFfD8oaH1irqiHA622Rb3NBgSdFnZb66FAq3sHPVdDgdalgy6WeiDQE2AuvhoItLsNq20zDGi8OuytGD10jpmb9RE7tEoI9NwMAvpAoIu7QUCXFPq5HoBqmlLm4mYIScCEQc+HAD1m0IUaAPSWQ98NAHrVsP6+s+5lANBuKVt7/TR+6NR5QusZv4ofOmtQr7VG5iNyaLso1iNlV3f00OqqId2DP99HD20t3hH4l9FDN2tiriGDWUcPXUIYbc3HdezQ1mQsNPx8Ezu0NdNPNbrqsaumGfLdZufWd9xJwAQshnGxU+zQCdhmY+7B/EUNbW3zkXyCyKG34LrRWokc+oByLLgrI4feWWH6tE0b6CeRQzdefFHvOaMdN3QZgl5EDo1SLHTd44bWECPhFR43tA091grbksihrZFb1rv3tvISCbQJjlp3cqeIf4wD+iFeNKFR57jp7jEK1fSXb29fvDL+qBXyNpqk5psYkoDXFcorzUddLqvqg+1q2UcA/a65vzYetA1Gm4MzWk18TGhXCTolghR6S6HzeKChqLLn0C7I0yRjfMKnUvUJ/UGjktuNZtAuyKsPnp6BNvrXN8r0CI3K9VW9nkCvbP7dVJedGkmnenv65TPTHzQpyC7D0AsLXcI3gqb6ov7tM9MbdEZKV5pCW0gGvSBT5biw0Qs0Xh1VPRaP2m/hqT14RXoRmqncjTzrDXpV0CYDAu0i0+ZgF5uiqdCNvOwJmtU212TUWQsLfQhAo69q1hM0q23e6BD0mq2lOZ4K38j7XqDpkj5dQzyanoM2MBW5ka/7gd6x0uYRjzq3baFdAAVTXZHP3I9qynoMKk/uRnMuKbnYFJqFdv7pXScBU15EXuPRzPV4nIXW7HTdAzTvMXAemozeceV376bK6OmLPqDtpVtMCursVFAmzZjvG6kvWWOF6gHaBsxLu07mIegNh16eaxaqFnXX0DuXuZZOMYfRMYfOcTWjgl4F7omuoS2qgXpsAFrZc1MOrfk9cQoAu4Z2PgXqsWjU/s6dC369mSrn0PPuoVO4PhNqPgg0VIY4tD1r9hb1dXYMjUhzVDHktylAl0RFNe77WbuFtrwc2v6EttDJCfxL00Df7tYrHJaoz+0EvXU28ACf/1Lo6cuH7bff/vr/6f+X1Y4JCF9X0NZoeWYI+uBBr6C7poLeuRayMXzoS6Gzwtvm3/knQ2MEGC/tGcSZB21zFGso52DC561CP1yEIz95B6Cos8NNtfIu3o4lVtDXpIvLqowfgm6+VXTwCpaEGuMO2HPQW1yiQ9YHDn6ImS5VTcPQxcKQuFajOpBOiIvWJBn3uoMUTeUfTI77pm4uTgLOQFcqHBw8xa12E+LtzkCPqbNPkPNOCqqhtQc9IxpSjnyFzr2UyX4RqJVmTB8NwEvKOcdN29Cn9mc4GHdz6Ckpv2mU1177HW972pa1wVLVunXoGb4BEtzzqkmhUxMFwc08oXcrsj6ws2gd+uGfg4PHKBHRasWT09SHzkhYhXvJ4CbFaW9L0AsQCRTu5tD2Ss096LWvC69JW1bt+if8Ca/2oAsF0AfUzaHJXjVV7kOn+MmAEQoS0WpyD9O1CL0EaHxttdNtjhwatTxOSQCbkcgQspjnpm3oBUDjVazJCq+mynxoTTAnZLEgtepVIMj8JOg5QJfIu+sRcYkY+g7NTBRq6vlx7PDiG7Y90x+GzvlJt1wlfDiYWGZNrHY11SQAjRVqd2n3gaKCd/9/pJZHttzNuLYHp9gH6lF+Dhr3Hu+wkdtRG6e256Fv9EUC5IQtaj1KKSW78Mj9Bep3mpvpgG7cArSLHQs7mtFFbPgzQ2NQ7txU9yhi0iXX2P8R9MeE2/C4WxM4oD67+uASr1ei1cBU6IM4QcFmjOY96+PmwmxcU2VUmYTps7iigqGPAeg7JJJdO7OWtQ7tXF7twJQhcabCeSxNexWaCnfMJrRZ6JSMrFqHTgq8BhVZn6eDt8gYKNT9g6fCdvGK9t2cVIpJ69ApefpbkSt7OvgKfQhFZA+YCpvJA+27qbzeqm1opwI162HFoBMm1x4C0PjmK/2WJpW1Dn2g5qJkz/riCF8R2QOmsq5/BsaDdLyZn9uGvsIxmjIk01C4a9cXGDxBGg6nDZF61zI0qVEoGmYqkMyfNOeib0J50v/RGZ9rAq3C1JdDp7hGoTBjdTCOOxH0gkDfe5Ij6wFX5s+yTWjnZiv7kDFfY/B6QdBU3E88cZfrYMrovyrN8z9v6v9OP/94OfQO24fE08HYemAXvp7KyeivC17c4P+ulwZcBn2PzIdTWvZBaQ/VKgh06okSn/YEyYePTtC9F5BJD+B8FKiLT8hUXmnoadfQGV61O/J2FOS3m2AjD1bZQkW4bntNU9wtUPLOEpyPc9EMpuLh56brZkJX4lREELejX5JUBecIaKrEz5M7hl4BVk77/XFSWGsGk/DT7Zn/boSOobfwlU9oTRBrBmsiT27oVNrXfjqGHkNkmfgtXjlWHJ3Sx6BZ9HnsvkF2Agt5y2UQUhng8iSa6sor43QMnUJGvqKCpEa9pNWznc6WKDZV5imDHUM787E3nko2wsGyRn3IfKqSa7BdQ9vo4/u31OKR0TnWVGfeVMhS/9BH0zfvwwPRQmNd6+hrqmiqjHfEdd2pnnjtYRgaDIanqeKpdiBE9wKdh16M4n2kuxP0+TfrZIGl1SW0J8cqPDpBfZpTqqmSqd7hWnv30LxPkzaX5qiNF1dGPRH5p9vi9t9K9wV99b423rSAfnpPY8dTGf1fZXRvT+jn/D4MtZ6epAyuqbb7/N0/7GEqWehARlcgGiUX97x2AL1lvcNk1MoCG1B2NjFA8y5tMoqE0C3TVB8VmvfDBx9AXBtSEnp86Hc0sCSjGQSnJRWzHxl6SgNLMprCp+nq/YmXQat3pIU/bFugChQHtH1fcBN30FGX+WZcnnxkaJXW1/Pr9xjE5/e0HeXRoUdm+uft7Ys/QqPeO/32sUCPUNxw5iU1ReE3RJrHfmm2OvPA+jTQxB0N9Ee5nk7eKNwF9M7v8e8I+lPiWrqrxsEUsoWZu3xNVxZMISOHZj0bZhjQO/9Zvfihk3NSTszQebjzMG5ooj8fhwKdYNcyFOgpbhEfCjTK14/D+cs56flmunihXeq7GdTfKKodzHd6WH9Y6XX9lpGB/TWo6cta5esQuv3YvLddgRZogRZogRZogRZogf68oLuLegeVBAi0QAu0QAu0QAu0QAv040NLEiDQAi3QAi3QAi3QAi3QoppK5iLQAi3QAi3QAi3QAi3QopoKtEALtEALtEALtEALtKimkrkItEALtEALtEALtEALtKimAi3QAi3QAi3QAi3QAh337t8J9gJ4b4aRsQAAAABJRU5ErkJggg==');


--
-- Data for Name: billing; Type: TABLE DATA; Schema: public; Owner: postgres
--

INSERT INTO "public"."billing" ("id", "created_at", "currency", "total_net", "total_gross", "client_id", "invoice_number", "invoice_date", "description", "workspace_id") VALUES
	(48, '2025-05-25 08:56:55.814939+00', 'eur', 7940, 0, 2, '1/5/2025', '2025-05-09', 'in app payments flat rate


adamw_workshop_hours=33+9/60=33,15
adamb_workshop_hours=48+23/60=48,38
adamw_workshop_fee_base=adamw_workshop_hours*40eur= 1326
adamb_workshop_fee_base=adamb_workshop_hours*115eur= 5564,08
total=5000=5000
total_fee_base=adamw_workshop_fee_base+adamb_workshop_fee_base= 6890,08
reduceRatio=total/total_fee_base=0,73

workshop_payment_adamw=adamw_workshop_fee_base*reduceRatio= 962,25
workshop_payment_adamb=adamb_workshop_fee_base*reduceRatio= 4037,75
invoice_leftover=7940eur-5000= 2940

adamw_flat=(7+6/60) * 40=284
adamb_flat = (29+39/60)*115=3409,75

adamw_flat_payment = adamw_flat=284
adamb_flat_payment= invoice_leftover-adamw_flat_payment= 2656

control_sum=adamw_flat_payment+adamb_flat_payment+workshop_payment_adamw+workshop_payment_adamb= 7940

final_adamw=adamw_flat_payment+workshop_payment_adamw= 1246,25

final_adamb=adamb_flat_payment+workshop_payment_adamb= 6693,75

control2=final_adamb+final_adamw= 7940
', 1),
	(27, '2025-01-18 19:38:07.549202+00', 'eur', 17040, 17040, 2, '1/1/2025', '2025-01-14', 'faktura wystawiona na wyrost, aby wrzuci Countful koszty w 2024. Do rozliczenia na obecne i przysze raporty.

Programming services according to signed agreement (December 2024)', 1),
	(22, '2025-01-16 08:57:27.467695+00', 'eur', 161, 161, 5, 'PS/2024/01/ClientoLTD', '2025-01-16', 'faktura za godzine pracy AB i AW

na fakturze jest to 2*80 eur, ale wiadomo ze raporty s 115 + 40', 3),
	(47, '2025-05-25 08:42:37.144707+00', 'eur', 3760, 0, 2, '2/5/2025', '2025-05-24', '25.04 - 24.05', 1),
	(49, '2025-05-26 12:05:05.129543+00', 'eur', 4092.75, 0, 3, 'FA/000001/5/2025', '2025-05-26', '', 2),
	(37, '2025-02-19 08:57:06.609162+00', 'eur', 4899.75, 4899.75, 3, '1/2/2025', '2025-02-24', 'Engineering work on Atellio frontend
application', 2),
	(38, '2025-02-25 08:14:55.36733+00', 'eur', 607.25, 607.25, 3, '1/2/2025', '2025-02-24', 'work adamw', 1),
	(28, '2025-01-19 00:23:02.969676+00', 'eur', 100, 100, 2, 'aaa', '2025-01-19', 'aa', 3),
	(29, '2025-01-20 20:02:02.477436+00', 'eur', 12000, 0, 2, 'asasd', '2025-01-20', '', 3),
	(30, '2025-01-23 15:39:45.327975+00', 'pln', 19200, 23616, 1, '2/1/2025', '2025-01-23', 'usugi zgodnie z umow z dnia 10.06.2024 ostatni etap PARP', 1),
	(4, '2024-12-29 18:48:23.928845+00', 'eur', 4500, 4500, 2, '1/10/2024', '2024-10-09', NULL, 1),
	(32, '2025-01-23 20:22:51.789942+00', 'eur', 1001, 915, 4, 'inv/pass/01/2025', '2025-01-22', 'praca styczniowa zarzdzanie + okres probny Piotr', 3),
	(6, '2024-12-29 18:48:23.928845+00', 'eur', 2000, 2000, 2, '3/10/2024', '2024-10-20', NULL, 1),
	(7, '2024-12-29 18:48:23.928845+00', 'eur', 557.55, 557.55, 3, '4/10/2024', '2024-10-24', NULL, 1),
	(8, '2024-12-29 18:48:23.928845+00', 'eur', 4000, 4000, 2, '1/11/2024', '2024-11-14', NULL, 1),
	(9, '2024-12-29 18:48:23.928845+00', 'eur', 2500, 2500, 2, '2/11/2024', '2024-11-18', NULL, 1),
	(58, '2025-08-12 21:28:38.208746+00', 'eur', 0, 0, 2, 'asd', '2025-08-13', 'asd', 3),
	(11, '2024-12-29 18:48:23.928845+00', 'eur', 592.55, 592.55, 3, '4/11/2024', '2024-11-26', NULL, 1),
	(13, '2024-12-29 18:48:23.928845+00', 'eur', 6000, 6000, 2, '2/12/2024', '2024-12-19', NULL, 1),
	(46, '2025-05-25 08:16:00.38557+00', 'eur', 501.55, 0, 3, '3/5/2025', '2025-05-25', 'Adam W Maj', 1),
	(14, '2025-01-06 22:45:00.229952+00', 'eur', 714, 714, 3, 'FA/000003/11/2024', '2024-11-26', 'Engineering work on Atellio frontend
application', 2),
	(3, '2024-12-29 18:48:23.928845+00', 'pln', 21900, 26937, 1, '1/9/2024', '2024-09-02', NULL, 1),
	(5, '2024-12-29 18:48:23.928845+00', 'pln', 120000, 147600, 1, '2/10/2024', '2024-10-17', NULL, 1),
	(10, '2024-12-29 18:48:23.928845+00', 'pln', 65000, 79950, 1, '3/11/2024', '2024-11-19', NULL, 1),
	(12, '2024-12-29 18:48:23.928845+00', 'pln', 45000, 55350, 1, '1/12/2024', '2024-12-10', NULL, 1),
	(1, '2024-12-29 18:48:23.928845+00', 'pln', 90000, 110700, 1, '1/7/2024', '2024-07-05', NULL, 1),
	(2, '2024-12-29 18:48:23.928845+00', 'pln', 21900, 26937, 1, '1/8/2024', '2024-08-05', NULL, 1),
	(17, '2025-01-12 15:51:45.986241+00', 'eur', 915, 915, 4, 'inv/pass/01/2025', '2025-01-12', 'praca styczniowa zarzdzanie + okres probny Piotr', 3),
	(50, '2025-06-20 19:49:08.979333+00', 'eur', 10691.2, 10691.2, 2, '1/6/2025', '2025-06-20', 'za okres 25 maj 19 czerwca', 1),
	(40, '2025-03-26 22:05:44.491267+00', 'eur', 10166.25, 10166.25, 3, 'FA/000001/3/2025', '2025-03-26', '', 2),
	(41, '2025-03-26 22:08:56.520817+00', 'eur', 555.45, 555.45, 3, ' 2/3/2025', '2025-03-26', '1 A.W. - Software development services 62.01.11.0 szt. 15,87 35,00 nie podl. 555,45 555,45', 1),
	(42, '2025-03-28 09:42:21.210229+00', 'pln', 12360, 15202.8, 1, '3/3/2025', '2025-03-26', 'F-vat za zalege godziny z przed okresu PARP dla Adama W', 1),
	(39, '2025-03-09 19:57:56.8188+00', 'eur', 1850.67, 1850.67, 2, '1/3/2025', '2025-03-08', 'faktura do rozliczenia za luty', 1),
	(43, '2025-04-24 07:33:07.590888+00', 'eur', 621.6, 621.6, 2, '1/4/2025', '2025-03-08', '', 1),
	(31, '2025-01-23 16:00:37.696658+00', 'eur', 508.2, 508.2, 3, '3/1/2025', '2025-01-28', '', 1),
	(44, '2025-04-24 20:32:26.222427+00', 'eur', 12541.5, 12541.5, 3, ' FA/000001/4/2025', '2025-04-24', '', 2),
	(45, '2025-04-24 20:34:02.673928+00', 'eur', 628.95, 628.95, 3, '2/4/2025', '2025-04-24', '', 1),
	(34, '2025-01-24 23:02:45.939228+00', 'eur', 902.25, 902.25, 3, 'FA/000001/1/2025', '2025-01-28', 'Engineering work on Atellio frontend
application', 2),
	(35, '2025-02-10 12:42:12.362355+00', 'eur', 2500, 2500, 4, 'inv1', '2025-02-10', 'aplikacja v1', 4),
	(55, '2025-08-01 21:54:47.102352+00', 'eur', 6943.75, 6943.75, 3, ' FA/000001/7/2025', '2025-07-25', '', 2),
	(51, '2025-07-03 09:01:30.451797+00', 'eur', 3025.4, 3025.4, 3, '2/6/2025', '2025-06-29', '', 1),
	(54, '2025-08-01 21:54:17.877655+00', 'eur', 3563.14, 3563.14, 3, '2/7/2025', '2025-07-24', '', 1),
	(53, '2025-07-24 12:22:38.807869+00', 'eur', 4508, 4508, 2, '1/7/2025', '2025-07-21', 'za okres 20 czerwca 21 lipiec', 1),
	(52, '2025-07-03 09:29:24.581998+00', 'eur', 2890, 2890, 3, 'FA/000004/6/2025', '2025-06-30', '', 2),
	(59, '2025-08-22 10:23:03.005134+00', 'eur', 8809.33, 4508, 2, '1/8/2025', '2025-08-22', 'za okres 22 lipiec 21 sierpnia', 1),
	(16, '2025-01-12 14:51:13.332042+00', 'eur', 12000, 12000, 4, 'Test/2025/1', '2025-01-12', 'work jan Acme full team 
', 3),
	(60, '2025-08-29 13:41:55.591766+00', 'eur', 4247.25, 4247.25, 3, 'FA/000001/8/2025', '2025-08-29', '', 2),
	(61, '2025-08-29 13:47:10.444942+00', 'eur', 2459.19, 2459.19, 3, '2/8/2025', '2025-08-29', '', 1),
	(62, '2025-09-16 09:49:49.176969+00', 'eur', 585.33, 585.33, 2, '1/9/2025', '2025-08-31', '', 1),
	(63, '2025-09-16 09:50:44.78071+00', 'eur', 12714.67, 12714.67, 2, '2/9/2025', '2025-09-15', '', 1);


--
-- Data for Name: contractor; Type: TABLE DATA; Schema: public; Owner: postgres
--

INSERT INTO "public"."contractor" ("id", "created_at", "name", "full_name", "user_id") VALUES
	(1, '2024-12-29 18:11:39.847503+00', 'awitz', 'Adam Witzberg', NULL),
	(2, '2024-12-29 18:11:57.001686+00', 'abor', 'Passionware Adam Borowski', NULL),
	(3, '2025-01-06 21:01:41.281857+00', 'dorabor', 'Dorota Borowska', NULL),
	(4, '2025-01-06 21:15:56.685138+00', 'pszefler', 'Piotr Szefler', NULL),
	(5, '2025-01-14 08:17:03.958054+00', 'devtest', 'Dawid Zajc', NULL),
	(6, '2025-01-14 08:17:19.025602+00', 'laminar', 'Bartek Molik', NULL);


--
-- Data for Name: cost; Type: TABLE DATA; Schema: public; Owner: postgres
--

INSERT INTO "public"."cost" ("id", "created_at", "invoice_number", "counterparty", "description", "invoice_date", "net_value", "gross_value", "contractor_id", "currency", "workspace_id") VALUES
	(39, '2025-01-16 21:12:53.59054+00', 'calosc za prace', '', '', '2025-01-16', 115, 115, 2, 'eur', 3),
	(7, '2024-12-29 19:46:01.435766+00', '54/12/2024', 'Dppk Tax Sp. z o. o.', NULL, '2024-12-15', 850, NULL, NULL, 'pln', 1),
	(8, '2024-12-29 19:46:01.435766+00', '54/11/2024', 'Dppk Tax Sp. z o. o.', NULL, '2024-11-14', 850, NULL, NULL, 'pln', 1),
	(11, '2024-12-29 19:46:01.435766+00', '325/2024', 'Dorota Wjcik Wirtualne Biuro Smart', NULL, '2024-07-08', 534, NULL, NULL, 'pln', 1),
	(44, '2025-01-28 08:38:24.005734+00', 'UD', '', 'eko parp', '2024-10-20', 32900, 0, 1, 'pln', 1),
	(15, '2024-12-29 19:46:01.435766+00', '55/10/2024', 'Dppk Tax Sp. z o. o.', NULL, '2024-10-15', 800, NULL, NULL, 'pln', 1),
	(2, '2024-12-29 19:46:01.435766+00', '6/11/2024', 'Laminar Sp. z o. o.', '', '2024-11-21', 3220, 0, 6, 'pln', 1),
	(18, '2024-12-29 19:46:01.435766+00', '55/9/2024', 'Dppk Tax Sp. z o. o.', NULL, '2024-09-15', 800, NULL, NULL, 'pln', 1),
	(25, '2025-01-12 12:18:41.366344+00', 'INV/test/1/x', 'Ultrasonica sp. zoo zupa', 'testowe wynagrodzenie czciowe', '2025-01-08', 10000, NULL, 3, 'pln', 3),
	(34, '2025-01-15 12:00:29.728882+00', 'asdasa', 'Dora dla Clientio???tak', '', '2025-01-15', 3, 3, 3, 'eur', 3),
	(23, '2024-12-29 19:46:01.435766+00', '57/6/2024', 'Dppk Tax Sp. z o. o.', NULL, '2024-06-15', 800, NULL, NULL, 'pln', 1),
	(4, '2024-12-29 19:46:01.435766+00', 'FA/000001/11/2024', 'Passionware Adam Borowski', NULL, '2024-11-22', 20300, NULL, 2, 'pln', 1),
	(9, '2024-12-29 19:46:01.435766+00', 'FA/000001/12/2024', 'Passionware Adam Borowski', NULL, '2024-12-20', 12664.4, NULL, 2, 'pln', 1),
	(12, '2024-12-29 19:46:01.435766+00', 'FA/000002/10/2024', 'Passionware Adam Borowski', NULL, '2024-10-21', 65002, NULL, 2, 'pln', 1),
	(20, '2024-12-29 19:46:01.435766+00', 'FA/000001/7/2024', 'Passionware Adam Borowski', NULL, '2024-07-08', 44002, NULL, 2, 'pln', 1),
	(21, '2024-12-29 19:46:01.435766+00', 'FA/000001/8/2024', 'Passionware Adam Borowski', NULL, '2024-08-09', 15901.2, NULL, 2, 'pln', 1),
	(1, '2024-12-29 19:46:01.435766+00', 'FA/000004/10/2024', 'Passionware Adam Borowski', NULL, '2024-10-24', 2000, NULL, 2, 'eur', 1),
	(10, '2024-12-29 19:46:01.435766+00', 'FA/000002/11/2024', 'Passionware Adam Borowski', NULL, '2024-11-25', 6500, NULL, 2, 'eur', 1),
	(16, '2024-12-29 19:46:01.435766+00', 'FA/000001/10/2024', 'Passionware Adam Borowski', NULL, '2024-10-10', 4500, NULL, 2, 'eur', 1),
	(27, '2025-01-12 20:40:54.516974+00', 'FA/000002/12/2024', NULL, 'kwota z z vatem, kwota brutto powinna pokrywa si mniej wicej z moim raportem.
Nie wypacam caoci poniewa mamy nadwyk vat. Jak cigniemy nadwyk, to pozostae 1081 euro brutto wystawie na nastepnej fakturze', '2024-12-30', 4700, 5781, 2, 'eur', 1),
	(43, '2025-01-28 08:37:41.880886+00', 'UD', '', 'eko parp', '2024-08-08', 5580, 0, 1, 'pln', 1),
	(31, '2025-01-13 07:02:31.701242+00', '3', 'jakas niezidentyfikowana faktuar', '', '2025-01-13', 0, 0, 2, 'pln', 3),
	(42, '2025-01-28 08:35:40.381307+00', 'UD', '', 'eko parp', '2024-07-07', 41360, 0, 1, 'pln', 1),
	(40, '2025-01-23 20:22:30.766815+00', 'INV/test/1/x', 'Ultrasonica sp. zoo zupa', 'testowe wynagrodzenie czciowe x2', '2025-01-08', 10000, 0, 3, 'pln', 3),
	(46, '2025-01-28 08:40:12.253359+00', 'ud', '', 'eko parp', '2024-11-21', 17820, 0, 1, 'pln', 1),
	(6, '2024-12-29 19:46:01.435766+00', '1/12/2024', NULL, '', '2024-12-20', 17280, 21254.4, 5, 'pln', 1),
	(3, '2024-12-29 19:46:01.435766+00', '2/12/2024', 'Laminar Sp. z o. o.', '', '2024-12-06', 3220, 0, 6, 'pln', 1),
	(29, '2025-01-12 21:50:58.647881+00', 'zaliczka UD 01.07.2024', NULL, '(countful?) Zaliczka netto, na spce zostawiamy na zaliczke na podatek', '2025-01-09', 900, 900, 1, 'pln', 1),
	(22, '2024-12-29 19:46:01.435766+00', '60/7/2024', 'Dppk Tax Sp. z o. o.', NULL, '2024-07-15', 800, NULL, NULL, 'pln', 1),
	(48, '2025-01-28 08:41:40.608901+00', 'ud', '', 'eko parp', '2024-12-19', 6151.2, 0, 1, 'pln', 1),
	(17, '2024-12-29 19:46:01.435766+00', '1/8/2024', NULL, '', '2024-08-30', 21120, 25977.6, 5, 'pln', 1),
	(19, '2024-12-29 19:46:01.435766+00', '55/8/2024', 'Dppk Tax Sp. z o. o.', NULL, '2024-08-15', 800, NULL, NULL, 'pln', 1),
	(13, '2024-12-29 19:46:01.435766+00', '1/9/2024', NULL, '', '2024-09-30', 20160, 24796.8, 5, 'pln', 1),
	(14, '2024-12-29 19:46:01.435766+00', '1/10/2024', NULL, '', '2024-10-31', 22080, 27158.4, 5, 'pln', 1),
	(5, '2024-12-29 19:46:01.435766+00', '1/11/2024', NULL, '', '2024-11-29', 20160, 24796.8, 5, 'pln', 1),
	(41, '2025-01-24 22:15:33.614637+00', '[virtual] wkad wasny 2024', '', 'jest to wirtualny koszt poniesiony na prowadzenie spki.
Nie wpacaem tej kwoty, ale po prostu wypaciem sobie mniej.', '2024-12-30', 4400.4, 4400.4, 2, 'pln', 1),
	(45, '2025-01-28 08:39:39.512367+00', 'UD', '', '2.09+2097.57 z przeleww', '2024-11-12', 2099.66, 0, 1, 'pln', 1),
	(49, '2025-01-28 09:01:12.858522+00', '[virtual] wkad wasny 2024', '', 'jest to wirtualny koszt poniesiony na prowadzenie spki.
Nie wpacaem tej kwoty, ale po prostu wypaciem sobie mniej.', '2024-12-30', 4400.4, 4400.4, 1, 'pln', 1),
	(50, '2025-02-10 13:04:15.227031+00', 'fav1', '', 'faktura problem z reverse charge', '2025-02-10', 8130, 10000, 1, 'pln', 4),
	(38, '2025-01-16 21:11:36.726137+00', 'wyplata 40 z 160', '', '', '2025-01-17', 39, 39, 1, 'eur', 3),
	(35, '2025-01-15 12:21:24.485279+00', 'asda', 'dorabodla acme', '', '2025-01-15', 33, 33, 3, 'pln', 3),
	(53, '2025-02-19 12:50:07.648362+00', '[virtual] koszty firmy ksigowo stycze/luty 50%', '', 'jest to wirtualny koszt poniesiony na prowadzenie spki.
Nie wpacaem tej kwoty, ale po prostu wypaciem sobie mniej.', '2025-02-18', 425, 425, 1, 'pln', 1),
	(47, '2025-01-28 08:40:59.50225+00', 'ud', '', 'atellio?', '2024-12-17', 2192.3, 0, 1, 'pln', 1),
	(54, '2025-02-19 12:50:31.023446+00', '[virtual] koszty firmy ksigowo stycze/luty 50%', '', 'jest to wirtualny koszt poniesiony na prowadzenie spki.
Nie wpacaem tej kwoty, ale po prostu wypaciem sobie mniej.', '2025-02-18', 425, 425, 2, 'pln', 1),
	(55, '2025-02-26 15:59:13.786799+00', 'zaliczka UD 01.07.2024', '', 'Countful gru-lut Zaliczka netto, na spce zostawiamy na zaliczke na podatek', '2025-02-20', 4389.12, 4389.12, 1, 'pln', 1),
	(56, '2025-02-26 16:05:07.999498+00', 'FA/000002/2/2025', '', 'Faktura za Countful gru-lut', '2025-02-26', 12469.95, 15338.04, 2, 'eur', 1),
	(51, '2025-02-19 08:09:47.113121+00', 'ud', '', 'atellio styczen', '2025-02-11', 1830.18, 0, 1, 'pln', 1),
	(58, '2025-03-28 09:44:55.633231+00', 'UD', '', 'Umowa o dzielo, wyplacono po potraceniu 12% podatku ', '2025-03-28', 12360, 15202.8, 1, 'pln', 1),
	(59, '2025-03-31 14:51:43.232092+00', '[virtual] koszty firmy ksigowo marzec 50%', '', 'jest to wirtualny koszt poniesiony na prowadzenie spki.
Nie wpacaem tej kwoty, ale po prostu wypaciem sobie mniej.', '2025-03-30', 400, 400, 1, 'pln', 1),
	(60, '2025-03-31 14:52:02.793893+00', '[virtual] koszty firmy ksigowo marzec 50%', '', 'jest to wirtualny koszt poniesiony na prowadzenie spki.
Nie wpacaem tej kwoty, ale po prostu wypaciem sobie mniej.', '2025-03-30', 400, 400, 2, 'pln', 1),
	(61, '2025-03-31 19:45:47.698076+00', 'Zaliczka umowy o dzieo z dn. 01.07 .2024', '', '508,20 euro wymieniono, ale bya pomyka wic relanie to jest wynagrodzenie za atellio w caoci', '2025-03-23', 1835.5, 2095.82, 1, 'pln', 1),
	(62, '2025-03-31 20:19:47.970007+00', 'ud', '', 'brutto UD 2435.90', '2025-03-31', 2143.6, 2435.9, 1, 'pln', 1),
	(63, '2025-03-31 20:44:40.119924+00', 'FA/000002/3/2025', '', 'wypata countful cz', '2025-03-31', 1263.75, 1554.41, 2, 'eur', 1),
	(64, '2025-04-29 14:07:36.387786+00', '[virtual] koszty firmy ksigowo kwiecie + sprawozdanie', '', 'jest to wirtualny koszt poniesiony na prowadzenie spki.
Nie wpacaem tej kwoty, ale po prostu wypaciem sobie mniej.', '2025-04-28', 825, 825, 2, 'pln', 1),
	(65, '2025-04-29 14:08:06.581019+00', '[virtual] koszty firmy ksigowo kwiecie + sprawozdanie + pit UD', '', 'jest to wirtualny koszt poniesiony na prowadzenie spki.
Nie wpacaem tej kwoty, ale po prostu wypaciem sobie mniej.', '2025-04-28', 1000, 1000, 1, 'pln', 1),
	(66, '2025-05-05 19:29:56.654+00', ' FA/000002/4/2025', '', 'wypata countful cz', '2025-04-29', 1177.05, 1447.77, 2, 'eur', 1),
	(82, '2025-07-15 15:02:08.542245+00', 'ud', '', 'atellio czerwiec', '2025-07-14', 6550.3, 6550.3, 1, 'pln', 1),
	(69, '2025-05-23 07:00:44.856558+00', '191/2025', 'Dorota Wjcik Wirtualne Biuro Smart', '', '2025-05-12', 537, 0, NULL, 'pln', 1),
	(84, '2025-07-24 13:13:26.726315+00', 'ud', '', 'countful 24.07 ', '2025-07-23', 2693.14, 2693.14, 1, 'pln', 1),
	(81, '2025-07-15 14:13:45.607384+00', '50/7/2025', 'Dppk Tax Sp. z o. o.', '', '2025-07-14', 850, 1045.5, NULL, 'pln', 1),
	(72, '2025-06-09 09:20:56.520206+00', '[x/6/2025]', 'Dppk Tax Sp. z o. o.', 'faktura w przygotowaniu', '2025-06-14', 850, 1045.5, NULL, 'pln', 1),
	(70, '2025-05-25 09:18:03.899154+00', 'ud aw', '', '- Zalegle pieniadze z Attellio 
- Penjsa Atellio
- CF inapppayments
- CF ongoing
- odjac 500zl netto ksiegowosc', '2025-06-09', 7593.74, 7593.74, 1, 'pln', 1),
	(71, '2025-05-25 09:19:36.861844+00', ' FA/000001/6/2025', '', '- CF inapppayments
- CF ongoing
- odjac 500zl netto ksiegowosc', '2025-06-09', 8024, 9869.52, 2, 'eur', 1),
	(73, '2025-06-14 04:01:13.069987+00', 'ud', '', 'atellio maj', '2025-06-11', 2105.31, 2105.31, 1, 'pln', 1),
	(86, '2025-08-11 13:01:58.233979+00', 'FA/000002/7/2025', '', '', '2025-07-31', 3148.94, 3873.2, 2, 'eur', 1),
	(77, '2025-06-25 08:49:38.040165+00', 'ud', '', 'countful 25.06 ', '2025-06-24', 2443.86, 2443.86, 1, 'pln', 1),
	(78, '2025-07-02 06:09:50.751328+00', 'FA/000002/6/2025', '', 'countful czerwiec + vat pacony z pienidzy odzyskanych z vat nadwyki', '2025-06-30', 9619, 11831.37, 2, 'eur', 1),
	(79, '2025-07-02 12:18:43.888896+00', 'FA/000003/6/2025', '', 'countful czerwiec - cao pacona w euro z tego co zostao', '2025-06-30', 872.53, 1073.21, 2, 'eur', 1),
	(87, '2025-08-13 06:47:26.357862+00', 'aaa', '', '', '2025-08-13', 12.35, 234.57, NULL, 'eur', 3),
	(80, '2025-07-03 08:49:27.151918+00', '8', '', 'pierwszy okres pracy Piotra w Atellio - 38.07h', '2025-06-24', 3807, 4682.61, 4, 'pln', 1),
	(88, '2025-08-14 06:43:02.238276+00', 'ud', '', 'atellio lipiec', '2025-08-13', 7337.64, 7337.64, 1, 'pln', 1),
	(68, '2025-05-23 06:46:30.014404+00', '50/6/2025', 'Dppk Tax Sp. z o. o.', '', '2025-05-14', 850, 1045.5, NULL, 'pln', 1),
	(89, '2025-08-27 13:42:12.951492+00', 'ud', '', 'countful 28.08.2025 ', '2025-08-28', 5704.14, 5704.14, 1, 'pln', 1),
	(90, '2025-08-27 13:45:54.663265+00', '49/8/2025', 'Dppk Tax Sp. z o. o.', 'faktura', '2025-08-25', 850, 1045.5, NULL, 'pln', 1),
	(91, '2025-09-11 15:54:05.373893+00', 'ud', '', 'atellio sierpien 4090.73 => 3599.84', '2025-09-11', 4090.73, 4090.73, 1, 'pln', 1),
	(92, '2025-09-11 16:00:16.146197+00', '12', '', 'trzeci okres pracy Piotra w Atellio', '2025-08-24', 5025, 6180.75, 4, 'pln', 1),
	(85, '2025-08-10 20:02:56.320506+00', '10', '', 'drugi okres pracy Piotra w Atellio ', '2025-07-24', 5375, 6180.75, 4, 'pln', 1),
	(93, '2025-09-18 15:12:00.873181+00', 'ud', '', 'countful 18.09.2025
wyplata 7660.58', '2025-09-18', 8705.21, 8705.21, 1, 'pln', 1),
	(94, '2025-09-22 04:51:29.067757+00', 'FA/000001/9/2025', '', 'wypata zalega - zwrot nadwyki VAT z US', '2025-09-22', 15786.18, 19417, 2, 'pln', 1),
	(95, '2025-09-22 04:52:32.010451+00', 'FA/000002/9/2025', '', 'Wypata Countful', '2025-09-22', 9154.23, 11259.7, 2, 'eur', 1),
	(96, '2025-09-22 05:05:08.119465+00', 'FA/000002/8/2025', '', '', '2025-08-31', 6000, 7380, 2, 'eur', 1),
	(97, '2025-09-22 05:06:10.295049+00', 'FA/000003/8/2025', '', '', '2025-08-31', 1700, 2091, 2, 'pln', 1);


--
-- Data for Name: project; Type: TABLE DATA; Schema: public; Owner: postgres
--

INSERT INTO "public"."project" ("id", "created_at", "client_id", "workspace_id", "description", "name", "status") VALUES
	(5, '2025-02-05 19:40:49.266904+00', 1, 1, 'jakakolwiek nadwysza wypracowana dla eko, a nie zapacona z parpu, zostanie zaraportowana tutaj do tego projektu. jeden raport - jeden projekt', 'eKoszt po parpie', 'draft'),
	(2, '2025-02-05 19:37:52.15385+00', 2, 1, 'caa praca za 13k eur', 'V1 fixed price', 'closed'),
	(3, '2025-02-05 19:38:55.690149+00', 3, 1, NULL, 'Atellio Passionware Gold', 'active'),
	(4, '2025-02-05 19:40:30.568489+00', 1, 1, 'suma z umowy z part. z tytuu tej umowy bdziemy wystawia kilka faktur.
raporty pracy za ten czas powinny linkowa si do projektu, a nie do samej faktury, bo faktury nie s porwnywane do raportw.', 'ekoszt PARP', 'active'),
	(1, '2025-02-05 19:24:05.634721+00', 2, 1, 'Flat rate project, billed periodically', 'Passionware silver adjusted', 'active'),
	(10, '2025-02-26 06:24:07.799077+00', 2, 1, 'Kredytowany ficzer in-app payments, do rozliczenia dopiero po ustaleniu finansowania Countful', 'In app payments', 'draft'),
	(6, '2025-02-07 19:48:54.749912+00', 5, 3, 'Gold package work for Cliento companta', 'Client.io gold', 'closed'),
	(11, '2025-08-12 21:54:20.624724+00', 2, 3, NULL, 'ongoing', 'draft');


--
-- Data for Name: project_iteration; Type: TABLE DATA; Schema: public; Owner: postgres
--

INSERT INTO "public"."project_iteration" ("id", "created_at", "period_start", "period_end", "status", "description", "project_id", "ordinal_number", "currency", "events") VALUES
	(2, '2025-02-08 21:43:57.393685+00', '2024-12-20', '2025-02-19', 'active', 'Drugi etap, co prawda juz dostalismy fakture, ale dostalismy na wyrost aby upchnac koszty w 2024. tutaj jeszcze dojd raporty aby pokry t kwot.', 1, 2, 'eur', '{"{\"id\": \"a0eebc99-9c0b-4ef8-bb6d-6bb9bd380a11\", \"moves\": [{\"to\": {\"type\": \"iteration\"}, \"from\": {\"type\": \"client\"}, \"unit\": \"pc\", \"amount\": 300, \"unit_price\": 1}, {\"to\": {\"type\": \"cost\"}, \"from\": {\"type\": \"iteration\"}, \"unit\": \"pc\", \"amount\": 300, \"unit_price\": 1}], \"description\": \"License fee transferred from client\"}","{\"id\": \"b1eebc99-9c0b-4ef8-bb6d-6bb9bd380a22\", \"moves\": [{\"to\": {\"type\": \"iteration\"}, \"from\": {\"type\": \"client\"}, \"unit\": \"h\", \"amount\": 3, \"unit_price\": 80}, {\"to\": {\"type\": \"contractor\", \"contractorId\": 1}, \"from\": {\"type\": \"iteration\"}, \"unit\": \"h\", \"amount\": 3, \"unit_price\": 40}], \"description\": \"adamw worked 3 hours\"}","{\"id\": \"c2eebc99-9c0b-4ef8-bb6d-6bb9bd380a33\", \"moves\": [{\"to\": {\"type\": \"iteration\"}, \"from\": {\"type\": \"client\"}, \"unit\": \"h\", \"amount\": 10, \"unit_price\": 80}, {\"to\": {\"type\": \"contractor\", \"contractorId\": 2}, \"from\": {\"type\": \"iteration\"}, \"unit\": \"h\", \"amount\": 10, \"unit_price\": 115}], \"description\": \"adamb worked 10 hours\"}","{\"id\": \"d3eebc99-9c0b-4ef8-bb6d-6bb9bd380a44\", \"moves\": [{\"to\": {\"type\": \"iteration\"}, \"from\": {\"type\": \"contractor\", \"contractorId\": 1}, \"unit\": \"pc\", \"amount\": 100, \"unit_price\": 1}, {\"to\": {\"type\": \"iteration\"}, \"from\": {\"type\": \"contractor\", \"contractorId\": 2}, \"unit\": \"pc\", \"amount\": 100, \"unit_price\": 1}, {\"to\": {\"type\": \"cost\"}, \"from\": {\"type\": \"iteration\"}, \"unit\": \"pc\", \"amount\": 200, \"unit_price\": 1}], \"description\": \"Company cost deductions\"}"}'),
	(12, '2025-02-26 06:24:34.521086+00', '2025-02-26', '2025-05-03', 'draft', 'The only iteration', 10, 1, 'eur', NULL),
	(13, '2025-03-09 21:29:24.760745+00', '2025-03-09', '2025-03-09', 'draft', 'asd', 1, 1, 'eur', NULL),
	(14, '2025-08-12 21:58:05.58301+00', '2025-08-13', '2025-09-12', 'draft', NULL, 11, 1, 'eur', NULL),
	(15, '2025-09-25 19:40:30.794466+00', '2025-09-25', '2025-09-25', 'draft', NULL, 3, 1, 'eur', NULL),
	(4, '2025-02-09 19:32:14.226162+00', '2025-02-09', '2025-03-01', 'draft', 'Nastpna iteracja?? Chyba ta po 8 h/mo', 1, 4, 'pln', NULL),
	(1, '2025-02-08 21:42:29.057691+00', '2024-12-01', '2024-12-19', 'closed', 'praca before xmas', 1, 1, 'eur', '{"{}","{}"}'),
	(10, '2025-02-21 19:28:55.227435+00', '2024-07-15', '2024-09-09', 'closed', 'v0', 2, 1, 'eur', NULL),
	(11, '2025-02-21 19:34:38.790031+00', '2023-12-31', '2025-02-21', 'draft', 'jedyna iteracja', 4, 1, 'eur', NULL);


--
-- Data for Name: report; Type: TABLE DATA; Schema: public; Owner: postgres
--

INSERT INTO "public"."report" ("id", "created_at", "contractor_id", "description", "net_value", "period_start", "period_end", "currency", "client_id", "workspace_id", "project_iteration_id") VALUES
	(22, '2025-01-06 22:38:23.477886+00', 3, 'test', 1230, '2024-11-25', '2025-01-06', 'eur', 3, 3, NULL),
	(25, '2025-01-12 12:52:24.780229+00', 3, 'dorota zaraportowaa prac za 5000 euro dla Countful na demo workspace', 5000, '2024-12-20', '2025-01-12', 'eur', 2, 3, NULL),
	(28, '2025-01-12 15:48:07.48876+00', 4, 'praca okres probny Piotra, chargujemy anyway 80/h
10*80 = 800 eur', 800, '2024-12-31', '2025-01-12', 'eur', 4, 3, NULL),
	(30, '2025-01-12 15:49:28.157719+00', 2, 'godzina zarzdzania projektem', 115, '2025-01-13', '2025-01-12', 'eur', 4, 3, NULL),
	(36, '2025-01-14 08:18:21.679957+00', 5, 'raport na fakture 1', 21120, '2024-08-30', '2024-08-30', 'pln', 1, 1, 11),
	(4, '2024-12-29 19:03:10.118593+00', 1, 'padziernik AWitz 15h56m x 35eur
', 557.55, '2024-09-25', '2024-10-24', 'eur', 3, 1, NULL),
	(5, '2024-12-29 19:06:55.732922+00', 1, '16h56min x 35eur
listopad AWitz', 592.55, '2024-10-25', '2024-11-24', 'eur', 3, 1, NULL),
	(58, '2025-01-24 08:32:22.964422+00', 5, 'raport na fakture 2', 20160, '2024-09-29', '2024-09-29', 'pln', 1, 1, 11),
	(43, '2025-01-18 17:51:48.595371+00', 1, 'brak pracy dla Atellio', 0, '2024-11-25', '2024-12-24', 'eur', 3, 1, NULL),
	(8, '2024-12-29 19:16:20.01498+00', 1, 'Tmetric report: from 2024-12-02 to 2024-12-19
Time: 6h 6min
Hours: 6.1
Rate: 40 per hour
Final value: 244', 244, '2024-12-02', '2024-12-19', 'eur', 2, 1, 1),
	(55, '2025-01-23 20:09:16.305579+00', 4, '', 50, '2025-01-03', '2025-01-18', 'eur', 2, 3, NULL),
	(56, '2025-01-23 20:21:33.361769+00', 4, 'klj dupl', 10, '2025-01-08', '2025-01-18', 'eur', 2, 3, NULL),
	(20, '2025-01-06 22:36:19.277196+00', 2, 'praca listopadowa dla Atellio, fakturowana przez JDG!!!

(9+31/60)*75eur = 713,75 euro
', 714, '2024-10-25', '2024-11-24', 'eur', 3, 2, NULL),
	(57, '2025-01-23 20:23:16.758538+00', 1, 'test copy', 3, '2024-12-24', '2025-01-15', 'eur', 3, 3, NULL),
	(54, '2025-01-23 15:57:37.136368+00', 1, 'Tmetric report: from 2024-12-25 to 2025-01-24
Time: 14h 31min
Hours: 14.52
Rate: 35 per hour
Final value: 508.2', 508.2, '2024-12-25', '2025-01-24', 'eur', 3, 1, NULL),
	(38, '2025-01-15 12:36:13.41451+00', 1, 'test', 3, '2024-12-24', '2025-01-15', 'eur', 3, 3, NULL),
	(39, '2025-01-16 08:56:22.029674+00', 1, 'godzina praca WW, jego stawka to 40eur (flat rate 80eur)', 40, '2025-01-13', '2025-01-16', 'eur', 5, 3, NULL),
	(3, '2024-12-29 18:57:20.822973+00', 2, 'caa praca nad V1 (fixed price)
221 h 52 min
115 eur/h
dug do odzyskania z nadwyki Countful', 25515, '2024-06-26', '2024-11-15', 'eur', 2, 1, 10),
	(32, '2025-01-12 20:30:42.088077+00', 2, 'Tmetric report: from 2024-11-25 to 2025-01-24
Time: 12h 2min
Hours: 12.03
Rate: 75 per hour
Final value: 902.25', 902.25, '2024-11-25', '2025-01-24', 'eur', 3, 2, NULL),
	(45, '2025-01-19 00:24:01.456836+00', 4, '', 50, '2025-01-03', '2025-01-18', 'eur', 2, 3, NULL),
	(50, '2025-01-20 20:01:33.168803+00', 2, '', 6447.666666666667, '2024-12-31', '2025-01-20', 'eur', 2, 3, NULL),
	(64, '2025-02-10 12:37:00.020912+00', 2, 'konsultacje', 100, '2025-02-09', '2025-02-10', 'pln', 4, 4, NULL),
	(31, '2025-01-12 15:49:42.519908+00', 2, 'godzina zarz projektem', 116, '2025-01-13', '2025-01-12', 'eur', 5, 3, NULL),
	(59, '2025-01-24 08:33:10.425164+00', 5, 'raport na fakture 3', 22080, '2024-10-30', '2024-10-30', 'pln', 1, 1, 11),
	(62, '2025-01-24 08:59:27.278489+00', 6, 'refakturujemy eko/Laminar', 3220, '2024-11-20', '2024-11-20', 'pln', 1, 1, 11),
	(51, '2025-01-21 14:08:36.06968+00', 2, '', 98, '2025-01-21', '2025-01-21', 'eur', 3, 3, NULL),
	(46, '2025-01-19 00:25:31.498154+00', 4, 'klj', 10, '2025-01-08', '2025-01-18', 'eur', 2, 3, NULL),
	(66, '2025-02-19 08:01:38.097605+00', 1, 'Tmetric report: from 2025-01-25 to 2025-02-24
Time: 17h 21min
Hours: 17.35
Rate: 35 per hour
Final value: 607.25', 607.25, '2025-01-25', '2025-02-24', 'eur', 3, 1, NULL),
	(52, '2025-01-21 14:08:49.316003+00', 2, '', 1, '2025-01-16', '2025-01-20', 'eur', 5, 3, NULL),
	(65, '2025-02-10 12:38:32.486081+00', 1, 'development', 10000, '2025-01-31', '2025-02-10', 'pln', 4, 4, NULL),
	(53, '2025-01-22 13:16:12.3023+00', 2, '', 1, '2025-01-16', '2025-01-21', 'eur', 5, 3, NULL),
	(42, '2025-01-17 07:48:26.474093+00', 2, 'Na podstawie analizy logw innego projektu, ktry zaj 323 godziny, oszacowany czas pracy nad Twoim biecym projektem wynosi okoo 64 godzin. 

Chat gpt ustali 64 godzin, przyjmijmy stawk 115, czyli 7360 eur.', 7360, '2024-12-28', '2025-01-24', 'eur', 6, 1, NULL),
	(24, '2025-01-07 14:07:32.853152+00', 1, '1298*120zl/h = 155760 - cay raport za okres PARP.
', 155760, '2024-06-09', '2025-01-07', 'pln', 1, 1, 11),
	(23, '2025-01-07 14:05:29.25393+00', 1, '103h x 120z - zalege 100 godzin sprzed PARP-u nie rozliczone jeszcze (praca w czasie AdamW na JDG).', 12360, '2023-09-30', '2024-06-08', 'pln', 1, 1, 11),
	(60, '2025-01-24 08:33:37.801105+00', 5, 'raport na fakture 4', 20160, '2024-11-28', '2024-11-28', 'pln', 1, 1, 11),
	(44, '2025-01-19 00:18:06.82431+00', 2, 'Tmetric report: from 2024-12-20 to 2025-02-18
Time: 164h 33min
Hours: 164.55
Rate: 115 per hour
Final value: 18923.25', 18923.25, '2024-12-20', '2025-02-18', 'eur', 2, 1, 2),
	(49, '2025-01-20 12:54:43.715911+00', 1, 'Tmetric report: from 2024-12-20 to 2025-02-18
Time: 37h 42min
Hours: 37.7
Rate: 40 per hour
Final value: 1508', 1508, '2024-12-20', '2025-02-18', 'eur', 2, 1, 2),
	(6, '2024-12-29 19:14:02.383553+00', 2, 'Tmetric report: from 2024-12-02 to 2024-12-19
Time: 69h 2min
Hours: 69.03
Rate: 115 per hour
Final value: 7938.45', 7938.45, '2024-12-02', '2024-12-19', 'eur', 2, 1, 1),
	(63, '2025-01-24 08:59:42.447546+00', 6, 'refakturujemy eko/Laminar', 3220, '2024-12-05', '2024-12-05', 'pln', 1, 1, 11),
	(61, '2025-01-24 08:33:59.806906+00', 5, 'raport na fakture 5', 17280, '2024-12-19', '2024-12-19', 'pln', 1, 1, 11),
	(68, '2025-03-09 19:40:22.812503+00', 2, 'Tmetric report: from 2025-02-19 to 2025-03-22
Time: 32h 56min
Hours: 32.93
Rate: 115 per hour
Final value: 3786.95', 3786.95, '2025-02-19', '2025-03-22', 'eur', 2, 1, NULL),
	(67, '2025-02-19 08:55:56.112007+00', 2, 'Tmetric report: from 2025-01-25 to 2025-02-24
Time: 65h 20min
Hours: 65.33
Rate: 75 per hour
Final value: 4899.75', 4899.75, '2025-01-25', '2025-02-24', 'eur', 3, 2, NULL),
	(69, '2025-03-22 20:44:55.065317+00', 1, 'Tmetric report: from 2025-02-19 to 2025-03-22
Time: 0h 49min
Hours: 0.82
Rate: 40 per hour
Final value: 32.8', 32.8, '2025-02-19', '2025-03-22', 'eur', 2, 1, NULL),
	(70, '2025-03-24 21:48:53.926485+00', 2, 'Tmetric report: from 2025-02-25 to 2025-03-24
Time: 135h 33min
Hours: 135.55
Rate: 75 per hour
Final value: 10166.25', 10166.25, '2025-02-25', '2025-03-24', 'eur', 3, 2, NULL),
	(71, '2025-03-24 21:49:48.021707+00', 1, 'Tmetric report: from 2025-02-25 to 2025-03-24
Time: 15h 52min
Hours: 15.87
Rate: 35 per hour
Final value: 555.45', 555.45, '2025-02-25', '2025-03-24', 'eur', 3, 1, NULL),
	(35, '2025-01-13 14:32:50.201192+00', 2, '395842.5 - 17806,10 (OPACONO Z KNAJ)
Tmetric report: from 2023-04-01 to 2025-02-02
Time: 879h 39min
Hours: 879.65
Rate: 450 per hour
Final value: 395842.5', 378036.4, '2023-04-01', '2025-02-02', 'pln', 1, 1, 11),
	(72, '2025-04-08 13:35:39.957373+00', 2, 'Tmetric report: from 2025-03-23 to 2025-04-24
Time: 7h 46min
Hours: 7.77
Rate: 115 per hour
Final value: 893.55', 893.55, '2025-03-23', '2025-04-24', 'eur', 2, 1, NULL),
	(73, '2025-04-24 07:25:13.187706+00', 1, 'Tmetric report: from 2025-03-23 to 2025-04-24
Time: 0h 0min
Hours: 0
Rate: 40 per hour
Final value: 0', 0, '2025-03-23', '2025-04-24', 'eur', 2, 1, NULL),
	(74, '2025-04-24 20:30:44.150768+00', 2, 'Tmetric report: from 2025-03-25 to 2025-04-24
Time: 167h 13min
Hours: 167.22
Rate: 75 per hour
Final value: 12541.5', 12541.5, '2025-03-25', '2025-04-24', 'eur', 3, 2, NULL),
	(75, '2025-04-24 20:32:57.421784+00', 1, 'Tmetric report: from 2025-03-25 to 2025-04-24
Time: 17h 58min
Hours: 17.97
Rate: 35 per hour
Final value: 628.95', 628.95, '2025-03-25', '2025-04-24', 'eur', 3, 1, NULL),
	(96, '2025-08-20 09:45:12.609664+00', 1, 'Tmetric report: from 2025-07-22 to 2025-08-21
Time: 36h 33min
Hours: 36.55
Rate: 40 per hour
Final value: 1462', 1462, '2025-07-22', '2025-08-21', 'eur', 2, 1, NULL),
	(95, '2025-08-20 09:44:58.934777+00', 2, 'Tmetric report: from 2025-07-22 to 2025-08-21
Time: 73h 34min
Hours: 73.57
Rate: 115 per hour
Final value: 8460.55', 8460.55, '2025-07-22', '2025-08-21', 'eur', 2, 1, NULL),
	(89, '2025-07-24 11:18:28.969052+00', 1, 'Tmetric report: from 2025-06-20 to 2025-07-21
Time: 15h 52min
Hours: 15.87
Rate: 40 per hour
Final value: 634.80', 634.8, '2025-06-20', '2025-07-21', 'eur', 2, 1, NULL),
	(77, '2025-05-08 06:25:06.526638+00', 1, 'Tmetric report: from 2025-04-25 to 2025-05-24
Time: 12h 15min
Hours: 12.25
Rate: 40 per hour
Final value: 490', 490, '2025-04-25', '2025-05-24', 'eur', 2, 1, NULL),
	(76, '2025-05-08 06:24:45.467885+00', 2, 'Tmetric report: from 2025-04-25 to 2025-05-24
Time: 34h 45min
Hours: 34.75
Rate: 115 per hour
Final value: 3996.25', 3996.25, '2025-04-25', '2025-05-24', 'eur', 2, 1, NULL),
	(97, '2025-08-29 13:29:05.661882+00', 2, 'Tmetric report: from 2025-07-25 to 2025-08-24
Time: 56h 38min
Hours: 56.63
Rate: 75 per hour
Final value: 4247.25', 4247.25, '2025-07-25', '2025-08-24', 'eur', 3, 2, NULL),
	(98, '2025-08-29 13:43:09.342937+00', 4, 'Tmetric report: from 2025-07-25 to 2025-08-24
Time: 50h 15min
Hours: 50.25
Rate: 100 per hour
Final value: 5025', 5025, '2025-07-25', '2025-08-24', 'pln', 3, 1, NULL),
	(91, '2025-08-01 21:23:58.639476+00', 1, 'Tmetric report: from 2025-06-25 to 2025-07-24
Time: 56h 7min
Hours: 56.12
Rate: 35 per hour
Final value: 1964.2', 1964.2, '2025-06-25', '2025-07-24', 'eur', 3, 1, NULL),
	(80, '2025-05-25 08:01:54.04337+00', 2, 'Tmetric report: from 2025-04-25 to 2025-05-24
Time: 54h 34min
Hours: 54.57
Rate: 75 per hour
Final value: 4092.75', 4092.75, '2025-04-25', '2025-05-24', 'eur', 3, 2, NULL),
	(82, '2025-05-25 08:55:28.692136+00', 1, 'Stawka ustalona indywidualnie - In App payments 
Zobacz description billingu', 1246.25, '2025-03-10', '2025-05-04', 'eur', 2, 1, 12),
	(83, '2025-05-25 08:55:59.147428+00', 2, 'Stawka ustalona indywidualnie - In App payments 
Zobacz description billingu', 6693.75, '2025-03-10', '2025-05-04', 'eur', 2, 1, 12),
	(81, '2025-05-25 08:14:13.210834+00', 1, 'Tmetric report: from 2025-04-25 to 2025-05-24
Time: 14h 20min
Hours: 14.33
Rate: 35 per hour
Final value: 501.55', 501.55, '2025-04-25', '2025-05-24', 'eur', 3, 1, NULL),
	(85, '2025-06-20 19:15:29.546094+00', 2, 'Tmetric report: from 2025-05-25 to 2025-06-19
Time: 117h 40min
Hours: 117.67
Rate: 115 per hour
Final value: 13532.05', 13532.05, '2025-05-25', '2025-06-19', 'eur', 2, 1, NULL),
	(84, '2025-06-20 19:14:59.195837+00', 1, 'Tmetric report: from 2025-05-25 to 2025-06-19
Time: 14h 50min
Hours: 14.83
Rate: 40 per hour
Final value: 593.2', 593.2, '2025-05-25', '2025-06-19', 'eur', 2, 1, NULL),
	(92, '2025-08-01 21:37:16.030368+00', 2, 'Tmetric report: from 2025-06-25 to 2025-07-24
Time: 92h 35min
Hours: 92.58
Rate: 75 per hour
Final value: 6943.5', 6943.5, '2025-06-25', '2025-07-24', 'eur', 3, 2, NULL),
	(86, '2025-07-02 18:30:28.03276+00', 2, 'Tmetric report: from 2025-05-25 to 2025-06-23
Time: 38h 32min
Hours: 38.53
Rate: 75 per hour
Final value: 2889.75', 2889.75, '2025-05-25', '2025-06-24', 'eur', 3, 2, NULL),
	(87, '2025-07-02 18:35:11.288399+00', 1, 'Tmetric report: from 2025-05-25 to 2025-06-24
Time: 54h 5min
Hours: 54.08
Rate: 35 per hour
Final value: 1892.8', 1892.8, '2025-05-25', '2025-06-24', 'eur', 3, 1, NULL),
	(88, '2025-07-03 08:56:24.866366+00', 4, 'Tmetric report: from 2025-05-25 to 2025-06-24
Time: 38h 4min
Hours: 38.07
Rate: 100 per hour
Final value: 3807', 3807, '2025-05-25', '2025-06-24', 'pln', 3, 1, NULL),
	(93, '2025-08-01 21:38:15.949411+00', 4, 'Tmetric report: from 2025-06-25 to 2025-07-24
Time: 53h 45min
Hours: 53.75
Rate: 100 per hour
Final value: 5375', 5375, '2025-06-25', '2025-07-24', 'pln', 3, 1, NULL),
	(90, '2025-07-24 11:20:06.099027+00', 2, 'Tmetric report: from 2025-06-20 to 2025-07-21
Time: 40h 29min
Hours: 40.48
Rate: 115 per hour
Final value: 4655.2', 4655.2, '2025-06-20', '2025-07-21', 'eur', 2, 1, NULL),
	(17, '2025-01-06 21:02:40.473309+00', 3, 'Dorota - praca Grudniowa dla Cliento LTD (cznie caa praca)', 10000, '2024-11-30', '2024-12-01', 'eur', 4, 3, NULL),
	(94, '2025-08-12 21:50:05.459521+00', 2, '', 2, '2025-01-22', '2026-08-13', 'eur', 2, 3, NULL),
	(99, '2025-08-29 13:44:19.635007+00', 1, 'Tmetric report: from 2025-07-25 to 2025-08-24
Time: 27h 33min
Hours: 27.55
Rate: 35 per hour
Final value: 964.25', 964.25, '2025-07-25', '2025-08-24', 'eur', 3, 1, NULL),
	(101, '2025-09-16 09:44:38.037486+00', 2, 'Tmetric report: from 2025-08-22 to 2025-08-31
Time: 6h 37min
Hours: 6.62
Rate: 115 per hour
Final value: 761.3', 761.3, '2025-08-22', '2025-08-31', 'eur', 2, 1, NULL),
	(100, '2025-09-16 09:43:46.432825+00', 1, 'Tmetric report: from 2025-08-22 to 2025-08-31
Time: 0h 42min
Hours: 0.7
Rate: 40 per hour
Final value: 28', 28, '2025-08-22', '2025-08-31', 'eur', 2, 1, NULL),
	(102, '2025-09-16 10:02:30.072613+00', 1, 'Tmetric report: from 2025-09-01 to 2025-09-15
Time: 50h 32min
Hours: 50.53
Rate: 40 per hour
Final value: 2021.2', 2021.2, '2025-09-01', '2025-09-15', 'eur', 2, 1, NULL),
	(103, '2025-09-16 10:02:50.463228+00', 2, 'Tmetric report: from 2025-09-01 to 2025-09-15
Time: 108h 24min
Hours: 108.4
Rate: 115 per hour
Final value: 12466', 12466, '2025-09-01', '2025-09-15', 'eur', 2, 1, NULL);


--
-- Data for Name: link_billing_report; Type: TABLE DATA; Schema: public; Owner: postgres
--

INSERT INTO "public"."link_billing_report" ("id", "created_at", "billing_id", "report_id", "report_amount", "description", "billing_amount") VALUES
	(78, '2025-01-17 07:49:29.190702+00', NULL, 42, 7360, 'jak zarobimy to sobie zapac :)', NULL),
	(96, '2025-01-24 11:32:32.048759+00', 3, 36, 21120, NULL, 21120),
	(19, '2025-01-06 09:05:26.145736+00', 13, 8, 244, '6h6min x 80 eur - wypracowane, x40eur zarobek bezporedni
', 488),
	(97, '2025-01-24 11:36:29.830861+00', 5, 58, 20160, NULL, 20160),
	(98, '2025-01-24 11:37:58.473717+00', 10, 59, 22080, NULL, 22080),
	(99, '2025-01-24 11:39:47.646163+00', 10, 62, 3220, NULL, 3220),
	(125, '2025-02-10 16:47:38.784706+00', NULL, 3, 12515, 'niestety fixed price', NULL),
	(100, '2025-01-24 11:40:11.934952+00', 12, 60, 20160, NULL, 20160),
	(101, '2025-01-24 11:40:57.207302+00', 12, 63, 3220, NULL, 3220),
	(15, '2025-01-06 00:54:52.104851+00', 13, 6, 7923.5, '69.04h
flat rate.AdamW nie zdy wypracowa tyle, by starczyo na pokrycie cakowitego wynagrodzenia AdamaB.
Dla przypomnienia: 
flat rate: 80eur, adamW:40eur, adamB: 115eur.

AdamB dostanie reszte, jeli pozostali wykonawcy zwiksz swj czasowy udzia w projekcie', 5512),
	(1, '2024-12-29 19:25:29.434698+00', 4, 3, 4500, NULL, 4500),
	(2, '2024-12-29 19:26:10.483476+00', 6, 3, 2000, NULL, 2000),
	(3, '2024-12-29 19:26:51.49163+00', 8, 3, 4000, NULL, 4000),
	(102, '2025-01-24 11:41:15.23127+00', 30, 61, 17280, NULL, 17280),
	(5, '2024-12-29 19:28:58.261547+00', 7, 4, 557.55, NULL, 557.55),
	(82, '2025-01-18 22:06:37.957016+00', 27, 6, 15.3400000000001, NULL, 10.671304344),
	(51, '2025-01-12 13:41:14.524838+00', 14, 20, 714, NULL, 714),
	(52, '2025-01-12 13:41:25.287192+00', 11, 5, 592.55, NULL, 592.55),
	(53, '2025-01-12 15:55:14.788152+00', 17, 28, 800, NULL, 800),
	(54, '2025-01-12 15:55:22.658238+00', 17, 30, 115, NULL, 115),
	(148, '2025-03-26 22:07:38.085286+00', NULL, 32, 902.25, 'jdg', NULL),
	(71, '2025-01-14 08:14:36.770411+00', 1, 35, 45000, NULL, 45000),
	(149, '2025-03-26 22:09:03.611546+00', 41, 71, 555.45, NULL, 555.45),
	(76, '2025-01-16 09:04:17.417031+00', 22, 31, 115, NULL, 80),
	(77, '2025-01-16 21:09:57.951921+00', 22, 39, 40, NULL, 80),
	(103, '2025-01-24 11:45:22.417554+00', 2, 35, 16000, NULL, 16000),
	(104, '2025-01-24 11:56:43.195912+00', 2, 24, 5900, NULL, 5900),
	(109, '2025-01-24 14:14:02.417159+00', 3, 35, 390, NULL, 390),
	(83, '2025-01-19 00:20:23.836474+00', 27, 44, 18923.25, 'flat rate 115/80', 13164),
	(88, '2025-01-19 00:36:19.222278+00', 28, 45, 50, '
', 100),
	(89, '2025-01-20 20:22:41.557856+00', 27, 49, 1508, 'flat rate (40->80)', 3016),
	(105, '2025-01-24 11:59:10.943463+00', 5, 35, 65000, NULL, 65000),
	(126, '2025-02-19 08:56:06.81041+00', NULL, 32, 902.25, 'jdg', NULL),
	(90, '2025-01-22 19:12:27.997834+00', 29, 25, 999, NULL, 5000),
	(91, '2025-01-22 19:38:02.294513+00', 29, 25, 400, NULL, 400),
	(92, '2025-01-22 21:57:22.517644+00', 29, 25, 3601, NULL, 3601),
	(93, '2025-01-22 21:57:44.764567+00', 29, 46, 10, NULL, 10),
	(106, '2025-01-24 12:00:41.665775+00', 5, 24, 34840, NULL, 34840),
	(110, '2025-01-24 14:19:29.65599+00', 10, 35, 20300, NULL, 20300),
	(111, '2025-01-24 14:20:19.939952+00', 10, 24, 19400, NULL, 19400),
	(112, '2025-01-24 14:21:34.455613+00', 3, 24, 390, NULL, 390),
	(113, '2025-01-24 14:21:45.64575+00', 12, 24, 7000, NULL, 7000),
	(114, '2025-01-24 14:22:16.23458+00', 12, 35, 14620, NULL, 14620),
	(115, '2025-01-24 14:22:43.359483+00', 30, 24, 960, NULL, 960),
	(116, '2025-01-24 14:22:55.089125+00', 30, 35, 960, NULL, 960),
	(119, '2025-01-26 20:41:51.076435+00', 22, NULL, NULL, 'jedno euro bo tak :)', 1),
	(70, '2025-01-14 08:14:29.256636+00', 1, 24, 45000, 'test', 45000),
	(127, '2025-02-19 08:56:12.588721+00', NULL, 32, 902.25, 'jdg', NULL),
	(95, '2025-01-23 16:01:08.478011+00', 31, 54, 508.2, NULL, 508.2),
	(118, '2025-01-24 23:04:10.413613+00', 34, 32, 902.25, NULL, 902.25),
	(128, '2025-02-19 08:56:25.217571+00', NULL, 32, 902.25, 'jdg', NULL),
	(130, '2025-02-19 08:58:36.213693+00', NULL, 32, 902.25, 'jdg', NULL),
	(150, '2025-03-28 09:42:35.158093+00', 42, 23, 12360, NULL, 12360),
	(131, '2025-02-19 08:58:45.927654+00', NULL, 32, 902.25, 'jdg
', NULL),
	(132, '2025-02-19 08:59:29.995603+00', NULL, 32, 902.25, 'jdg', NULL),
	(151, '2025-04-24 07:34:00.928544+00', 43, 72, 893.55, NULL, 621.6),
	(121, '2025-02-10 12:49:23.698214+00', 35, 64, 100, NULL, 25),
	(120, '2025-02-10 12:49:23.693643+00', 35, 64, 0, NULL, 0),
	(122, '2025-02-10 12:57:40.159187+00', 35, 65, 10000, NULL, 2392.6),
	(123, '2025-02-10 12:59:07.19368+00', 35, NULL, NULL, 'zysk', 82.4000000000001),
	(124, '2025-02-10 12:59:07.207325+00', 35, NULL, NULL, 'zysk', 82.4000000000001),
	(4, '2024-12-29 19:27:29.319446+00', 9, 3, 2500, 'jest to kwota wynikajca z tego, e Adam Borowski pracowa bardzo duo na fixed price (v1), niestety nie dogadalimy si, i nie mamy pki co mu z czego zapaci. 
Klient jest rozliczony, dlatego dajemy link clarify do raportu z v1 (ale nie do konkretnego billingu - bo takiego nie ma i nie bdzie). Dziki temu linkowi, nie bdziemy widzieli w systemie e nadal jest 12515 euro widoczne jako nieopacone przez klienta. Natomiast ta kwota bdzie cay czas widoczna jako dug dla wykonawcy Adama Borowskiego', 2500),
	(152, '2025-04-24 20:34:13.342505+00', 45, 75, 628.95, NULL, 628.95),
	(134, '2025-02-24 20:21:22.618598+00', NULL, 32, 902.25, 'JDG', NULL),
	(135, '2025-02-24 20:21:33.463658+00', NULL, 32, 902.25, 'JDG', NULL),
	(136, '2025-02-25 08:15:02.827851+00', 38, 66, 607.25, NULL, 607.25),
	(129, '2025-02-19 08:57:31.793002+00', 37, 67, 4899.75, NULL, 4899.75),
	(141, '2025-03-22 21:06:29.507792+00', 27, 68, 1220.91, NULL, 849.328695656),
	(142, '2025-03-22 21:08:02.13681+00', NULL, 6, -0.390000000000327, 'grosze', NULL),
	(143, '2025-03-22 21:08:46.02198+00', 39, 69, 32.8, NULL, 65.6),
	(144, '2025-03-22 21:10:04.482676+00', 39, 68, 2566.04, NULL, 1785.07),
	(145, '2025-03-26 22:05:55.796001+00', 40, 70, 10166.25, NULL, 10166.25),
	(153, '2025-04-24 20:34:24.289883+00', 44, 74, 12541.5, NULL, 12541.5),
	(156, '2025-05-25 08:17:09.171997+00', 46, 81, 501.55, NULL, 501.55),
	(157, '2025-05-25 08:46:05.530292+00', 47, 77, 490, NULL, 980),
	(163, '2025-06-20 19:56:31.374218+00', 50, 85, 13532.05, NULL, 9504.8),
	(158, '2025-05-25 08:46:39.960912+00', 47, 76, 3996.25, NULL, 2780),
	(159, '2025-05-25 09:11:55.124913+00', 48, 82, 1246.25, NULL, 1246.25),
	(160, '2025-05-25 09:12:02.49644+00', 48, 83, 6693.75, NULL, 6693.75),
	(161, '2025-05-26 12:05:12.974321+00', 49, 80, 4092.75, NULL, 4092.75),
	(162, '2025-06-20 19:53:52.458088+00', 50, 84, 593.2, NULL, 1186.4),
	(164, '2025-07-03 09:04:38.44157+00', 51, 88, 3807, NULL, 1132.48),
	(165, '2025-07-03 09:20:05.26109+00', 51, 87, 1892.8, 'rnice w zaokrglaniu excel - tmetric', 1892.92),
	(166, '2025-07-03 09:29:39.083895+00', 52, 86, 2889.75, 'zaokrglanie excel vs tmetric', 2890),
	(167, '2025-07-24 12:23:11.257843+00', 53, 89, 634.8, NULL, 634.8),
	(171, '2025-08-01 21:57:16.565757+00', 55, 92, 6943.5, 'excel sums differences?', 6943.75),
	(168, '2025-07-24 12:23:24.178477+00', 53, 90, 4655.2, NULL, 3873.2),
	(94, '2025-01-22 21:58:05.793386+00', 29, 50, 1111.2, NULL, 2999.99),
	(170, '2025-08-01 21:55:50.612661+00', 54, 93, 5375, 'pln -> eur + 23% mary', 1599.06),
	(169, '2025-08-01 21:55:09.011976+00', 54, 91, 1964.2, 'rnice wynikaj z innego sposobu zaokrglania przy sumowaniu w excel sheecie dla Scotta', 1964.08),
	(172, '2025-08-22 10:24:43.602737+00', 59, 96, 1462, NULL, 2924),
	(173, '2025-08-22 10:24:58.318274+00', 59, 95, 8460.55, NULL, 5885.33),
	(174, '2025-08-29 13:42:10.324343+00', 60, 97, 4247.25, NULL, 4247.25),
	(175, '2025-08-29 13:47:26.401289+00', 61, 99, 964.25, NULL, 964.25),
	(176, '2025-08-29 13:48:47.610258+00', 61, 98, 5025, NULL, 1494.94),
	(177, '2025-09-16 09:51:40.028099+00', 62, 100, 28, NULL, 56),
	(178, '2025-09-16 09:51:52.079864+00', 62, 101, 761.3, NULL, 529.33),
	(179, '2025-09-16 10:04:03.30283+00', 63, 102, 2021.2, NULL, 4042.4),
	(180, '2025-09-16 10:04:16.393699+00', 63, 103, 12466, NULL, 8672.27);


--
-- Data for Name: role; Type: TABLE DATA; Schema: public; Owner: postgres
--

INSERT INTO "public"."role" ("id", "created_at", "project_id", "name", "description", "billing_schema") VALUES
	(1, '2025-02-05 19:29:49.794687+00', 1, 'Developer', 'praca dewelopera, patne flat rate za development, bugfixing, spotkanie - wszytko', '{"type": "flat_rate", "rate_per_hour": {"value": 80, "currency": "eur"}}');


--
-- Data for Name: link_contractor_project; Type: TABLE DATA; Schema: public; Owner: postgres
--

INSERT INTO "public"."link_contractor_project" ("id", "created_at", "contractor_id", "project_id", "description", "default_role_id", "allowed_role_ids") VALUES
	(1, '2025-02-05 19:33:44.371128+00', 1, 1, NULL, 1, NULL),
	(9, '2025-02-26 06:41:40.823569+00', 2, 2, NULL, NULL, NULL),
	(10, '2025-02-26 06:41:52.879841+00', 1, 10, NULL, NULL, NULL),
	(11, '2025-02-26 06:42:00.160339+00', 2, 10, NULL, NULL, NULL),
	(12, '2025-02-26 06:43:27.700586+00', 2, 1, NULL, NULL, NULL),
	(13, '2025-02-28 16:33:47.29273+00', 1, 5, NULL, NULL, NULL),
	(14, '2025-02-28 16:33:49.619061+00', 2, 5, NULL, NULL, NULL),
	(15, '2025-02-28 16:34:00.906695+00', 1, 4, NULL, NULL, NULL),
	(16, '2025-02-28 16:34:04.561046+00', 2, 4, NULL, NULL, NULL),
	(17, '2025-02-28 16:34:05.924551+00', 5, 4, NULL, NULL, NULL),
	(18, '2025-02-28 16:34:06.994785+00', 6, 4, NULL, NULL, NULL),
	(19, '2025-03-09 20:32:38.86466+00', 1, 3, NULL, NULL, NULL),
	(20, '2025-09-25 19:16:10.379606+00', 4, 3, NULL, NULL, NULL),
	(21, '2025-09-25 19:16:12.653236+00', 2, 3, NULL, NULL, NULL);


--
-- Data for Name: link_cost_report; Type: TABLE DATA; Schema: public; Owner: postgres
--

INSERT INTO "public"."link_cost_report" ("id", "created_at", "report_amount", "cost_id", "report_id", "cost_amount", "description") VALUES
	(51, '2025-01-28 09:08:37.45233+00', 35000, 44, 24, 32900, '+ podatek'),
	(52, '2025-01-28 09:11:33.459328+00', 557.55, 45, 4, 2099.66, 'konwersja z euro na pln + prowizje'),
	(3, '2024-12-29 19:52:14.800405+00', 2000, 1, 3, 2000, NULL),
	(55, '2025-01-28 09:13:04.20368+00', 18957.45, 46, 24, 17820, '+ podatek'),
	(56, '2025-01-28 09:13:48.4913+00', 592.55, 47, 5, 2192.3, 'euro do pln + prowizja'),
	(57, '2025-01-28 09:14:33.57386+00', 6543.83, 48, 24, 6151.2, 'Currency exchange, 1 pln = [...] pln, exchange cost: [...]'),
	(1, '2024-12-29 19:51:19.080264+00', 4500, 16, 3, 4500, NULL),
	(2, '2024-12-29 19:51:45.351057+00', 6500, 10, 3, 6500, NULL),
	(10, '2025-01-12 13:30:45.927657+00', 1230, 25, 22, 4000, 'Currency exchange, 1 eur = 4 pln, exchange cost: 230 eur'),
	(13, '2025-01-12 21:42:59.937404+00', 4700, 27, 6, 4700, 'wyplacam sobie czesc naleznego raportu ze wzgledu na problem z nadwyzka vat'),
	(20, '2025-01-15 11:03:58.060699+00', 15901.2, 21, 35, 15901.2, ''),
	(26, '2025-01-16 21:13:14.243463+00', 115, 39, 31, 115, ''),
	(58, '2025-01-28 09:21:02.06141+00', 4400.4, 49, 24, 4400.4, 'to nie jest umowa o dzieo'),
	(21, '2025-01-15 20:50:31.237124+00', 200, 25, 25, 1000, 'Currency exchange, 1 eur = [...] pln, exchange cost: [...]'),
	(59, '2025-01-28 09:21:40.058461+00', 244, 29, 8, 900, ''),
	(60, '2025-02-10 13:07:18.390547+00', 8130, 50, 65, 8130, 'Currency exchange, 1 pln = [...] pln, exchange cost: [...]'),
	(33, '2025-01-22 08:15:08.118408+00', 714, NULL, 20, 0, 'jdg'),
	(25, '2025-01-16 21:12:18.593149+00', 100, 38, 39, 100, ''),
	(34, '2025-01-22 19:49:38.246858+00', 3, 34, 22, 3, 'Currency exchange, 1 eur = [...] eur, exchange cost: [...]'),
	(19, '2025-01-14 08:19:34.091899+00', 21120, 17, 36, 21120, ''),
	(35, '2025-01-24 08:57:01.456532+00', 20160, 13, 58, 20160, 'refakturujemy eko / Dawid'),
	(36, '2025-01-24 08:57:56.301266+00', 22080, 14, 59, 22080, 'refakturujemy eko / Dawid'),
	(37, '2025-01-24 08:58:06.583138+00', 20160, 5, 60, 20160, 'refakturujemy eko / Dawid'),
	(38, '2025-01-24 08:58:13.941599+00', 17280, 6, 61, 17280, 'refakturujemy eko / Dawid'),
	(39, '2025-01-24 09:00:03.123169+00', 3220, 2, 62, 3220, 'refakturujemy eko/Laminar'),
	(40, '2025-01-24 09:00:08.977498+00', 3220, 3, 63, 3220, 'refakturujemy eko/Laminar'),
	(41, '2025-01-24 21:49:12.132097+00', 44002, 20, 35, 44002, 'Currency exchange, 1 pln = [...] pln, exchange cost: [...]'),
	(42, '2025-01-24 21:50:01.16158+00', 65002, 12, 35, 65002, 'Currency exchange, 1 pln = [...] pln, exchange cost: [...]'),
	(43, '2025-01-24 21:50:07.503487+00', 20300, 4, 35, 20300, 'Currency exchange, 1 pln = [...] pln, exchange cost: [...]'),
	(44, '2025-01-24 21:50:29.892706+00', 12664.4, 9, 35, 12664.4, 'Currency exchange, 1 pln = [...] pln, exchange cost: [...]'),
	(61, '2025-02-19 08:10:50.75945+00', 508.2, 51, 54, 1830.18, 'eur to pln + opaty + zaliczka na podatek dochodowy'),
	(45, '2025-01-24 22:16:18.730897+00', 4400.4, 41, 35, 4400.4, 'Currency exchange, 1 pln = [...] pln, exchange cost: [...]'),
	(47, '2025-01-28 09:02:56.708156+00', 44000, 42, 24, 41360, '+ podatek'),
	(50, '2025-01-28 09:08:08.491952+00', 5936.17, 43, 24, 5580, '+ podatek'),
	(62, '2025-02-19 12:51:42.495007+00', 101.68, 54, 44, 425, 'odjte z wynagrodzenia na prowadzenie spki'),
	(63, '2025-02-19 12:52:15.290761+00', 101.68, 53, 49, 425, 'odjte z wyn. na prowadz. spki'),
	(64, '2025-02-26 16:00:03.118447+00', 1406.32, 55, 49, 4389.12, ''),
	(65, '2025-02-26 16:05:38.718843+00', 3238.45, 56, 6, 3238.45, ''),
	(66, '2025-02-26 16:06:29.029049+00', 9231.5, 56, 44, 9231.5, ''),
	(68, '2025-03-28 09:45:13.725938+00', 12360, 58, 23, 12360, 'Currency exchange, 1 pln = [...] pln, exchange cost: [...]'),
	(70, '2025-03-31 19:49:36.004453+00', 95.69, 59, 71, 400, 'przelicznik googlowy - bo nie ma de facto konwersji walut fizycznego pienidza'),
	(69, '2025-03-31 19:47:31.417706+00', 508.2, 61, 66, 1835.5, 'nie wypacono wszystkiego bo Nick wysa o 99 eur mniej'),
	(73, '2025-03-31 20:24:36.018717+00', 459.76, 62, 71, 1665.85, '459.76 * (eur) 4,1174 * (tax) *0.88'),
	(72, '2025-03-31 20:22:02.052884+00', 32.8, 62, 69, 118.85, '32.8 * (euro) 4,1174 * (tax) 0.88'),
	(71, '2025-03-31 20:21:26.849807+00', 99.05, 62, 66, 358.9, '99.05 * (euro) 4,1174 * (tax) 0.88'),
	(74, '2025-03-31 20:31:08.761493+00', 95.67, 60, 44, 400, 'kurs euro google 4,18 Polish zlotys
brak faktycznego przewalutowania pki co'),
	(75, '2025-03-31 20:45:19.075157+00', 1263.75, 63, 68, 1263.75, ''),
	(76, '2025-04-29 14:10:10.034906+00', 199, 64, 72, 825, 'konwersja z gogla'),
	(77, '2025-04-29 14:10:34.337552+00', 234.34, 65, 75, 1000, 'kurs z google'),
	(78, '2025-05-05 19:31:16.034248+00', 600, 66, 68, 600, ''),
	(80, '2025-05-05 19:35:19.347993+00', 577.05, 66, 72, 577.05, ''),
	(83, '2025-05-23 06:56:55.0045+00', 124.695, 68, 75, 425, 'pokrycie kosztu z wynagordzenia eur 4.19'),
	(84, '2025-05-23 06:58:30.553115+00', 124.695, 68, 68, 425, 'pokrycie kosztu z wynagrodzenia'),
	(85, '2025-05-23 07:10:45.08128+00', 78.84, 69, 75, 268.5, 'z wyngarodzenia'),
	(86, '2025-05-23 07:11:08.631181+00', 78.84, 69, 72, 268.5, ''),
	(91, '2025-05-25 09:24:49.769043+00', 6693.75, 71, 83, 6693.75, 'Currency exchange, 1 eur = [...] eur, exchange cost: [...]'),
	(92, '2025-05-25 09:26:10.07478+00', 1330.25, 71, 76, 1330.25, 'tutaj wypacam duo mniej poniewa patrzc na oba raporty (in app payments) koniec kocw nie mogem sobie wypaci z vatem.'),
	(96, '2025-06-14 04:06:13.053468+00', 501.55, 73, 81, 2105.31, '4.1976'),
	(88, '2025-05-25 09:23:06.769187+00', 1246.25, 70, 82, 5245.09, 'Currency exchange, 1 eur = [...] eur, exchange cost: [...]'),
	(90, '2025-05-25 09:24:24.270205+00', 365.98, 70, 77, 1544.01, 'pozostao wynagrodzenia'),
	(95, '2025-06-09 09:45:03.504252+00', 191.08, 70, 75, 804.64, ''),
	(93, '2025-06-09 09:27:01.379429+00', 99, 72, 77, 425, 'zrzutka na ksigowo'),
	(97, '2025-06-25 08:50:12.837801+00', 584.65, 77, 84, 2443.86, '4.18 kurs z 25.06'),
	(99, '2025-07-02 11:57:41.633662+00', 38.66, 72, 72, 164.32, ''),
	(101, '2025-07-02 12:02:14.825035+00', 61.33, 72, 44, 260.68000000000006, ''),
	(102, '2025-07-02 12:08:49.78641+00', 9619, 78, 85, 9619, 'Currency exchange, 1 eur = [...] eur, exchange cost: [...]'),
	(103, '2025-07-02 12:19:23.250645+00', 872.53, 79, 85, 872.53, 'Currency exchange, 1 eur = [...] eur, exchange cost: [...]'),
	(104, '2025-07-03 09:00:33.558962+00', 3807, 80, 88, 3807, 'Currency exchange, 1 pln = [...] pln, exchange cost: [...]'),
	(105, '2025-07-15 14:58:39.461493+00', 123.61, 81, 87, 425, '4.2472 - 525 zl z vat'),
	(106, '2025-07-15 15:03:00.220262+00', 1769.19, 82, 87, 6550.3, '4.2472 kurs'),
	(107, '2025-07-24 13:14:02.81012+00', 634.8, 84, 89, 2693.14, 'kurs 4.2425'),
	(108, '2025-08-10 20:03:20.59226+00', 5375, 85, 93, 5375, 'Currency exchange, 1 pln = [...] pln, exchange cost: [...]'),
	(109, '2025-08-11 13:02:49.091152+00', 3148.94, 86, 90, 3148.94, 'Currency exchange, 1 eur = [...] eur, exchange cost: [...]'),
	(110, '2025-08-14 06:44:03.386497+00', 1964.2, 88, 91, 7337.64, '4.24'),
	(112, '2025-08-27 14:22:49.19612+00', 1339, 89, 96, 5704.14, ''),
	(113, '2025-08-27 14:23:18.796221+00', 123, 90, 96, 425, ''),
	(114, '2025-09-11 15:55:01.446017+00', 964.25, 91, 99, 4090.73, '4,2424 kurs'),
	(115, '2025-09-11 16:10:28.970464+00', 5025, 92, 98, 5025, ''),
	(116, '2025-09-18 15:12:46.464841+00', 28, 93, 100, 118.95, '4,2481 kurs'),
	(117, '2025-09-18 15:13:09.140039+00', 2021.2, 93, 102, 8586.26, '4,2481 kurs'),
	(118, '2025-09-22 05:09:27.407686+00', 6000, 96, 95, 6000, 'Currency exchange, 1 eur = [...] eur, exchange cost: [...]'),
	(119, '2025-09-22 05:12:39.974351+00', 398.28, 97, 95, 1700, 'Kurs: 4,2684 PLN (wfirma 2025-08-31)'),
	(120, '2025-09-22 05:18:20.43705+00', 761.3, 94, 101, 3240.02, 'redni kurs euro 17.09 czyli daty zwrotu z US 4,2559'),
	(121, '2025-09-22 05:20:02.479793+00', 2947.95, 94, 103, 12546.16, 'redni kurs euro 17.09 czyli daty zwrotu z US 4,2559'),
	(122, '2025-09-22 05:22:04.302802+00', 9154.23, 95, 103, 9154.23, '');


--
-- Data for Name: link_report_project; Type: TABLE DATA; Schema: public; Owner: postgres
--



--
-- Data for Name: link_workspace_client; Type: TABLE DATA; Schema: public; Owner: postgres
--

INSERT INTO "public"."link_workspace_client" ("id", "created_at", "workspace_id", "client_id") VALUES
	(1, '2025-01-06 19:52:51.224445+00', 1, 1),
	(2, '2025-01-06 19:52:59.612817+00', 1, 2),
	(3, '2025-01-06 19:53:07.150932+00', 1, 3),
	(4, '2025-01-06 19:53:14.437814+00', 2, 3),
	(5, '2025-01-06 19:58:32.695478+00', 3, 4),
	(6, '2025-01-06 19:58:41.132483+00', 3, 5),
	(7, '2025-01-17 07:43:12.829561+00', 1, 6),
	(9, '2025-02-10 12:31:09.035458+00', 3, 3),
	(8, '2025-02-10 12:28:54.798803+00', 3, 2),
	(10, '2025-02-10 15:50:17.684353+00', 4, 4);


--
-- Data for Name: link_workspace_user; Type: TABLE DATA; Schema: public; Owner: postgres
--

-- INSERT INTO "public"."link_workspace_user" ("id", "created_at", "workspace_id", "user_id") VALUES
-- 	(1, '2025-01-06 19:41:41.002074+00', 1, '880198ad-e709-438d-9214-26a6fc279549'),
-- 	(3, '2025-01-06 19:45:23.475164+00', 2, '880198ad-e709-438d-9214-26a6fc279549'),
-- 	(4, '2025-01-06 19:45:41.534012+00', 3, '4f6bd1c5-a30c-4087-9c75-c3ed1a7277ef'),
-- 	(5, '2025-01-06 19:45:59.741503+00', 3, '6e844969-24aa-499e-9805-e033f2b044dd'),
-- 	(6, '2025-01-06 19:46:08.517796+00', 3, '880198ad-e709-438d-9214-26a6fc279549'),
-- 	(2, '2025-01-06 19:42:01.717522+00', 1, '6e844969-24aa-499e-9805-e033f2b044dd'),
-- 	(7, '2025-01-06 20:57:07.527921+00', 3, '072e54ef-4b3b-40d0-a42f-8748313be19f'),
-- 	(8, '2025-01-06 21:47:05.190844+00', 3, '778e9059-0abc-479f-8dd1-7a76b19605d7'),
-- 	(9, '2025-02-10 11:53:08.088628+00', 4, '4f6bd1c5-a30c-4087-9c75-c3ed1a7277ef'),
-- 	(10, '2025-02-10 11:56:10.194155+00', 4, '880198ad-e709-438d-9214-26a6fc279549'),
-- 	(12, '2025-05-13 22:18:03.549076+00', 3, '4aa4e1ba-f11b-4587-a59e-b55c6398f1b5');


--
-- Data for Name: project_iteration_position; Type: TABLE DATA; Schema: public; Owner: postgres
--

INSERT INTO "public"."project_iteration_position" ("id", "created_at", "project_iteration_id", "quantity", "order", "unit", "unit_price", "description") VALUES
	(1, '2025-02-19 20:46:48.385142+00', 2, 164.55, 0, 'h', 80, 'aborowski flat rate services to be linked with invoice'),
	(2, '2025-02-19 20:47:34.52557+00', 2, 37.7, 1, 'h', 80, 'adamw flat rate services'),
	(37, '2025-02-21 19:41:22.376238+00', 11, -1, 1, 'pc', 21120, 'faktura zajac 1'),
	(38, '2025-02-21 19:41:53.257634+00', 11, -1, 2, 'pc', 20160, 'faktura zajac 2'),
	(43, '2025-02-21 19:46:35.223265+00', 11, -1, 3, 'pc', 22080, 'faktura zajac 3'),
	(39, '2025-02-21 19:42:36.838733+00', 11, -1, 4, 'pc', 20160, 'faktura zajac 4'),
	(40, '2025-02-21 19:43:06.131582+00', 11, -1, 5, 'pc', 17280, 'faktura zajac 5'),
	(5, '2025-02-19 20:53:53.878679+00', 2, -37.7, 4, 'h', 40, 'praca AdamW
Tmetric report: from 2024-12-20 to 2025-02-18
Time: 37h 42min
Hours: 37.7
Rate: 40 per hour
Final value: 1508'),
	(41, '2025-02-21 19:43:31.4806+00', 11, -1, 6, 'pc', 3220, 'laminar 1'),
	(42, '2025-02-21 19:43:47.866725+00', 11, -1, 7, 'pc', 3220, 'laminar 2'),
	(34, '2025-02-21 19:38:50.574108+00', 11, -100, 8, 'h', 120, 'adamw services before parp'),
	(4, '2025-02-19 20:52:52.992954+00', 2, -164.55, 3, 'h', 115, 'praca AdamB
Tmetric report: from 2024-12-20 to 2025-02-18
Time: 164h 33min
Hours: 164.55
Rate: 115 per hour
Final value: 18923.25'),
	(35, '2025-02-21 19:39:38.184434+00', 11, -1298, 9, 'h', 120, 'adamw 1298*120zl/h = 155 760 - cay raport za okres PARP.'),
	(3, '2025-02-19 20:51:09.546107+00', 2, -1, 2, 'pc', 203.36, '[virtual] koszty firmy  ksigowo stycze/luty

203.36
PLN 850,00
'),
	(13, '2025-02-20 11:24:08.270173+00', 1, 6.1, NULL, 'h', 80, 'AdamW client charge'),
	(14, '2025-02-20 11:26:05.150205+00', 1, -6.1, NULL, 'h', 40, 'AdamW refund'),
	(16, '2025-02-20 11:27:44.342902+00', 1, -69.03, NULL, 'h', 115, 'AdamB refund'),
	(15, '2025-02-20 11:27:27.775718+00', 1, 69.03, NULL, 'h', 80, 'AdamB client charge'),
	(17, '2025-02-20 21:06:08.948972+00', 4, 1, NULL, 'h', 80, 'pos1'),
	(18, '2025-02-20 21:06:18.576398+00', 4, 30, NULL, 'h', 80, 'pos2'),
	(19, '2025-02-20 21:06:22.778651+00', 4, 1, NULL, 'h', 80, 'pos3'),
	(20, '2025-02-20 21:06:32.0331+00', 4, -30, NULL, 'h', 80, 'pos4'),
	(21, '2025-02-20 21:06:37.181421+00', 4, 30, NULL, 'h', 80, 'pos5'),
	(36, '2025-02-21 19:40:17.70802+00', 11, -846.8, 10, 'h', 450, 'adamb Tmetric report: from 2024-02-12 to 2025-02-02 Time: 846h 48min Hours: 846.8 Rate: 450 per hour Final value: 381060'),
	(22, '2025-02-20 21:06:41.270246+00', 4, 30, NULL, 'h', 80, 'pos8'),
	(23, '2025-02-20 21:06:51.241889+00', 4, 30, NULL, 'h', 80, 'pos9'),
	(24, '2025-02-20 21:06:53.873124+00', 4, 30, NULL, 'h', 80, 'pos10'),
	(25, '2025-02-20 21:06:57.898302+00', 4, 30, NULL, 'h', 80, 'pos12'),
	(26, '2025-02-20 21:07:16.056336+00', 4, 30, NULL, 'h', 80, 'pos15'),
	(27, '2025-02-20 21:07:24.916235+00', 4, 30, NULL, 'h', 80, 'poas16'),
	(28, '2025-02-20 21:07:31.282488+00', 4, 30, NULL, 'h', 80, 'pos17'),
	(29, '2025-02-20 21:07:34.295753+00', 4, 30, NULL, 'h', 80, 'pos18'),
	(30, '2025-02-20 21:07:43.057467+00', 4, 30, NULL, 'h', 80, 'pos19'),
	(31, '2025-02-20 21:07:46.507458+00', 4, 30, NULL, 'h', 80, 'pos20'),
	(32, '2025-02-20 21:07:49.816173+00', 4, 30, NULL, 'h', 80, 'pos30'),
	(33, '2025-02-21 19:37:45.683586+00', 11, 1, 0, 'pc', 383000, 'fixed price zapata');


--
-- Data for Name: variable; Type: TABLE DATA; Schema: public; Owner: postgres
--

INSERT INTO "public"."variable" ("id", "name", "type", "value", "workspace_id", "client_id", "contractor_id", "defined_by", "updated_by", "created_at", "updated_at") OVERRIDING SYSTEM VALUE VALUES
	(1, 'hour_rate', 'const', '115', 1, 2, 2, NULL, NULL, '2025-01-19 08:25:44.26413+00', '2025-01-19 08:25:44.26413+00'),
	(2, 'hour_rate', 'const', '40', 1, 2, 1, NULL, NULL, '2025-01-19 08:26:23.69377+00', '2025-01-19 08:26:23.69377+00'),
	(5, 'dupsona', 'const', 'huluhulua', 3, 5, NULL, '880198ad-e709-438d-9214-26a6fc279549', '880198ad-e709-438d-9214-26a6fc279549', '2025-01-19 11:09:44.649665+00', '2025-01-19 11:09:44.649665+00'),
	(30, 'tmetric_account', 'const', '205657', NULL, NULL, NULL, '880198ad-e709-438d-9214-26a6fc279549', '880198ad-e709-438d-9214-26a6fc279549', '2025-01-20 12:31:50.554589+00', '2025-01-20 12:31:50.554589+00'),
	(38, 'tmetric_token', 'const', '3B3A56DD7F513B907C88A2DE24FA5D686FD1EE0E5E09A9EA65EA7C02EF94C5F8', 3, NULL, NULL, '880198ad-e709-438d-9214-26a6fc279549', '880198ad-e709-438d-9214-26a6fc279549', '2025-01-20 19:59:47.636018+00', '2025-01-20 19:59:47.636018+00'),
	(20, 'report_url', 'expression', 'function format(date){
  return api.dateFns.format(date, ''yyyyMMdd'');
}

const reportStart = format(args.reportStart);
const reportEnd = format(args.reportEnd);
const user = vars.user;

return `https://app.tmetric.com/#/reports/205657/detailed?range=${reportStart}-${reportEnd}&user=${user}&project=${vars.tmetric_project}&groupby=description`;', 3, 2, NULL, '880198ad-e709-438d-9214-26a6fc279549', '880198ad-e709-438d-9214-26a6fc279549', '2025-01-19 20:42:57.084892+00', '2025-01-19 20:42:57.084892+00'),
	(23, 'user', 'const', '412817', 3, NULL, 1, '880198ad-e709-438d-9214-26a6fc279549', '880198ad-e709-438d-9214-26a6fc279549', '2025-01-20 09:24:32.085951+00', '2025-01-20 09:24:32.085951+00'),
	(24, 'user', 'const', '352387', 3, 2, 2, '880198ad-e709-438d-9214-26a6fc279549', '880198ad-e709-438d-9214-26a6fc279549', '2025-01-20 09:24:49.031457+00', '2025-01-20 09:24:49.031457+00'),
	(25, 'tmetric_project', 'const', '902501,937224,899366,960961', 3, 2, NULL, '880198ad-e709-438d-9214-26a6fc279549', '880198ad-e709-438d-9214-26a6fc279549', '2025-01-20 09:25:40.925813+00', '2025-01-20 09:25:40.925813+00'),
	(39, 'flat_rate', 'const', '80', 3, 2, NULL, '880198ad-e709-438d-9214-26a6fc279549', '880198ad-e709-438d-9214-26a6fc279549', '2025-01-20 20:03:36.580345+00', '2025-01-20 20:03:36.580345+00'),
	(22, 'hour_rate', 'const', '115', 3, 2, 2, '880198ad-e709-438d-9214-26a6fc279549', '880198ad-e709-438d-9214-26a6fc279549', '2025-01-19 22:14:44.075003+00', '2025-01-19 22:14:44.075003+00'),
	(26, 'tmetric_project', 'const', '814864,816406,814862,814863', 1, 1, NULL, '880198ad-e709-438d-9214-26a6fc279549', '880198ad-e709-438d-9214-26a6fc279549', '2025-01-20 10:11:07.198321+00', '2025-01-20 10:11:07.198321+00'),
	(17, 'user', 'const', '352387', NULL, NULL, 2, '880198ad-e709-438d-9214-26a6fc279549', '880198ad-e709-438d-9214-26a6fc279549', '2025-01-19 19:39:31.101545+00', '2025-01-19 19:39:31.101545+00'),
	(16, 'user', 'const', '412817', NULL, NULL, 1, '880198ad-e709-438d-9214-26a6fc279549', '880198ad-e709-438d-9214-26a6fc279549', '2025-01-19 19:39:09.101768+00', '2025-01-19 19:39:09.101768+00'),
	(27, 'hour_rate', 'const', '120', 1, 1, 1, '880198ad-e709-438d-9214-26a6fc279549', '880198ad-e709-438d-9214-26a6fc279549', '2025-01-20 10:14:57.678831+00', '2025-01-20 10:14:57.678831+00'),
	(28, 'hour_rate', 'const', '450', 1, 1, 2, '880198ad-e709-438d-9214-26a6fc279549', '880198ad-e709-438d-9214-26a6fc279549', '2025-01-20 10:15:07.2073+00', '2025-01-20 10:15:07.2073+00'),
	(29, 'tmetric_token', 'const', '3B3A56DD7F513B907C88A2DE24FA5D686FD1EE0E5E09A9EA65EA7C02EF94C5F8', 1, NULL, NULL, '880198ad-e709-438d-9214-26a6fc279549', '880198ad-e709-438d-9214-26a6fc279549', '2025-01-20 11:24:01.901942+00', '2025-01-20 11:24:01.901942+00'),
	(18, 'hours_to_report_value', 'expression', 'function parseHours(expression) {
  const regex = /(?:(\d+)\s*h(?:ours?)?)?\s*(?:(\d+)\s*min(?:utes?)?)?/i;
  const match = expression.match(regex);

  if (!match || (!match[1] && !match[2])) {
    throw new Error(`Invalid time format: "${expression}"`);
  }

  const hours = match[1] ? parseInt(match[1], 10) : 0;
  const minutes = match[2] ? parseInt(match[2], 10) : 0;

  return hours + minutes / 60;
}

return parseHours(args.input) * await vars.hour_rate', NULL, NULL, NULL, '880198ad-e709-438d-9214-26a6fc279549', '880198ad-e709-438d-9214-26a6fc279549', '2025-01-19 19:54:11.413286+00', '2025-01-19 19:54:11.413286+00'),
	(32, 'open_report_action', 'expression', 'function format(date) {
  return api.dateFns.format(date, ''yyyyMMdd'');
}

const startDate = format(args.reportStart);
const endDate = format(args.reportEnd);
const userId = await vars.user;
const projectIds = await vars.tmetric_project;
const accountId = await vars.tmetric_account;

// Generowanie URL do TMetric
const tmetricUrl = `https://app.tmetric.com/#/reports/${accountId}/detailed?range=${startDate}-${endDate}&user=${userId}&project=${projectIds}&groupby=day`
//const tmetricUrl = `https://app.tmetric.com/#/accounts/${accountId}/reports/projects?userId=${userId}&startDate=${startDate}&endDate=${endDate}&${projectIds}`;

// Otwieranie TMetric w nowym oknie
api.openWindow(tmetricUrl)
', NULL, NULL, NULL, '880198ad-e709-438d-9214-26a6fc279549', '880198ad-e709-438d-9214-26a6fc279549', '2025-01-20 12:38:26.615112+00', '2025-01-20 12:38:26.615112+00'),
	(33, 'failing', 'expression', 'await new Promise(resolve=>setTimeout(resolve, 500))

throw new Error(''dupaska'')', 3, 4, NULL, '880198ad-e709-438d-9214-26a6fc279549', '880198ad-e709-438d-9214-26a6fc279549', '2025-01-20 13:46:05.648171+00', '2025-01-20 13:46:05.648171+00'),
	(34, 'not_failing', 'expression', 'await new Promise(resolve=>setTimeout(resolve,500))
return ''ok!''', 3, 4, NULL, '880198ad-e709-438d-9214-26a6fc279549', '880198ad-e709-438d-9214-26a6fc279549', '2025-01-20 16:21:27.432151+00', '2025-01-20 16:21:27.432151+00'),
	(35, 'flat_rate', 'const', '80', 1, 2, NULL, '880198ad-e709-438d-9214-26a6fc279549', '880198ad-e709-438d-9214-26a6fc279549', '2025-01-20 18:12:17.645429+00', '2025-01-20 18:12:17.645429+00'),
	(36, 'hour_to_flat', 'expression', 'args.input / await vars.hour_rate * await vars.flat_rate', NULL, NULL, NULL, '880198ad-e709-438d-9214-26a6fc279549', '880198ad-e709-438d-9214-26a6fc279549', '2025-01-20 19:51:47.992193+00', '2025-01-20 19:51:47.992193+00'),
	(21, 'hour_rate', 'const', '40', 3, 2, 1, '880198ad-e709-438d-9214-26a6fc279549', '880198ad-e709-438d-9214-26a6fc279549', '2025-01-19 22:14:22.733416+00', '2025-01-19 22:14:22.733416+00'),
	(41, 'hour_rate', 'const', '75', 2, 3, 2, '880198ad-e709-438d-9214-26a6fc279549', '880198ad-e709-438d-9214-26a6fc279549', '2025-01-22 08:03:00.922556+00', '2025-01-22 08:03:00.922556+00'),
	(42, 'tmetric_token', 'const', '3B3A56DD7F513B907C88A2DE24FA5D686FD1EE0E5E09A9EA65EA7C02EF94C5F8', 2, 3, 2, '880198ad-e709-438d-9214-26a6fc279549', '880198ad-e709-438d-9214-26a6fc279549', '2025-01-22 08:04:04.156206+00', '2025-01-22 08:04:04.156206+00'),
	(44, 'hour_rate', 'const', '35', 1, 3, 1, '880198ad-e709-438d-9214-26a6fc279549', '880198ad-e709-438d-9214-26a6fc279549', '2025-01-23 16:00:04.465804+00', '2025-01-23 16:00:04.465804+00'),
	(45, 'hour_rate', 'const', '115', 3, 5, 2, '880198ad-e709-438d-9214-26a6fc279549', '880198ad-e709-438d-9214-26a6fc279549', '2025-01-23 20:21:54.771771+00', '2025-01-23 20:21:54.771771+00'),
	(43, 'tmetric_project', 'const', '943025,768260,761232,764393,781493,983057', 1, 3, NULL, '880198ad-e709-438d-9214-26a6fc279549', '880198ad-e709-438d-9214-26a6fc279549', '2025-01-23 15:58:30.253361+00', '2025-01-23 15:58:30.253361+00'),
	(40, 'tmetric_project', 'const', '943025,768260,761232,764393,781493,983057,1025663', 2, 3, NULL, '880198ad-e709-438d-9214-26a6fc279549', '880198ad-e709-438d-9214-26a6fc279549', '2025-01-22 08:02:25.567888+00', '2025-01-22 08:02:25.567888+00'),
	(19, 'tmetric_project', 'const', '902501,937224,899366,960961,1050793', 1, 2, NULL, '880198ad-e709-438d-9214-26a6fc279549', '880198ad-e709-438d-9214-26a6fc279549', '2025-01-19 20:36:42.326238+00', '2025-01-19 20:36:42.326238+00'),
	(3, 'report_amount_tmetric', 'expression', 'function format(date) {
  return api.dateFns.format(date, "yyyy-MM-dd");
}

const startDate = format(args.reportStart);
const endDate = format(args.reportEnd);
const userId = await vars.user;
const projectId = await vars.tmetric_project;
const token = await vars.tmetric_token;
const projectIds = projectId
  .split(",")
  .map((x) => `projectId=${x}`)
  .join("&");
const accountId = await vars.tmetric_account;

const response = await (
  await fetch(
    `https://tmetricprx.fl-borovsky.workers.dev/api/v3/accounts/${accountId}/reports/projects?userId=${userId}&startDate=${startDate}&endDate=${endDate}&${projectIds}`,
    {
      headers: {
        Authorization: `Bearer ${token}`,
      },
    },
  )
).json();

const sum = response.reduce((acc, item) => acc + item.totalSeconds, 0);
const sumHr = sum / 3600;
const sumMin = sum / 60;

const hourRate = await vars.hour_rate;


const roundedHours = Math.round((sumHr)*100)/100;
const finalValue = Math.round(roundedHours * hourRate * 100)/100;

return {
  netValue: finalValue,
  description: `Tmetric report: from ${startDate} to ${endDate}
Time: ${Math.floor(sumHr)}h ${Math.floor(sumMin % 60)}min
Hours: ${roundedHours}
Rate: ${hourRate} per hour
Final value: ${finalValue}`,
};
', NULL, NULL, NULL, NULL, '880198ad-e709-438d-9214-26a6fc279549', '2025-01-19 08:29:54.197197+00', '2025-01-19 08:29:54.197197+00'),
	(46, 'tmetric_token', 'const', '61951BC8887E2B130FD69736061362FC02D668BFD5EDAC1604256A003BC9C3EC', 1, NULL, 4, '880198ad-e709-438d-9214-26a6fc279549', '880198ad-e709-438d-9214-26a6fc279549', '2025-07-03 08:50:41.478847+00', '2025-07-03 08:50:41.478847+00'),
	(47, 'user', 'const', '478032', NULL, NULL, 4, '880198ad-e709-438d-9214-26a6fc279549', '880198ad-e709-438d-9214-26a6fc279549', '2025-07-03 08:51:56.847583+00', '2025-07-03 08:51:56.847583+00'),
	(48, 'tmetric_account', 'const', '263714', NULL, NULL, 4, '880198ad-e709-438d-9214-26a6fc279549', '880198ad-e709-438d-9214-26a6fc279549', '2025-07-03 08:52:39.209342+00', '2025-07-03 08:52:39.209342+00'),
	(49, 'tmetric_project', 'const', '1021592', 1, 3, 4, '880198ad-e709-438d-9214-26a6fc279549', '880198ad-e709-438d-9214-26a6fc279549', '2025-07-03 08:53:03.358225+00', '2025-07-03 08:53:03.358225+00'),
	(50, 'hour_rate', 'const', '100', 1, 3, 4, '880198ad-e709-438d-9214-26a6fc279549', '880198ad-e709-438d-9214-26a6fc279549', '2025-07-03 08:54:27.626081+00', '2025-07-03 08:54:27.626081+00');


--
-- Data for Name: buckets; Type: TABLE DATA; Schema: storage; Owner: supabase_storage_admin
--



--
-- Data for Name: buckets_analytics; Type: TABLE DATA; Schema: storage; Owner: supabase_storage_admin
--



--
-- Data for Name: objects; Type: TABLE DATA; Schema: storage; Owner: supabase_storage_admin
--



--
-- Data for Name: prefixes; Type: TABLE DATA; Schema: storage; Owner: supabase_storage_admin
--



--
-- Data for Name: s3_multipart_uploads; Type: TABLE DATA; Schema: storage; Owner: supabase_storage_admin
--



--
-- Data for Name: s3_multipart_uploads_parts; Type: TABLE DATA; Schema: storage; Owner: supabase_storage_admin
--



--
-- Name: refresh_tokens_id_seq; Type: SEQUENCE SET; Schema: auth; Owner: supabase_auth_admin
--

SELECT pg_catalog.setval('"auth"."refresh_tokens_id_seq"', 700, true);


--
-- Name: client_billing_id_seq; Type: SEQUENCE SET; Schema: public; Owner: postgres
--

SELECT pg_catalog.setval('"public"."client_billing_id_seq"', 63, true);


--
-- Name: client_id_seq; Type: SEQUENCE SET; Schema: public; Owner: postgres
--

SELECT pg_catalog.setval('"public"."client_id_seq"', 6, true);


--
-- Name: contractor_earnings_id_seq; Type: SEQUENCE SET; Schema: public; Owner: postgres
--

SELECT pg_catalog.setval('"public"."contractor_earnings_id_seq"', 103, true);


--
-- Name: contractors_id_seq; Type: SEQUENCE SET; Schema: public; Owner: postgres
--

SELECT pg_catalog.setval('"public"."contractors_id_seq"', 6, true);


--
-- Name: costs_id_seq; Type: SEQUENCE SET; Schema: public; Owner: postgres
--

SELECT pg_catalog.setval('"public"."costs_id_seq"', 97, true);


--
-- Name: link_billing_report_id_seq; Type: SEQUENCE SET; Schema: public; Owner: postgres
--

SELECT pg_catalog.setval('"public"."link_billing_report_id_seq"', 180, true);


--
-- Name: link_contractor_project_id_seq; Type: SEQUENCE SET; Schema: public; Owner: postgres
--

SELECT pg_catalog.setval('"public"."link_contractor_project_id_seq"', 21, true);


--
-- Name: link_cost_report_id_seq; Type: SEQUENCE SET; Schema: public; Owner: postgres
--

SELECT pg_catalog.setval('"public"."link_cost_report_id_seq"', 122, true);


--
-- Name: link_report_project_id_seq; Type: SEQUENCE SET; Schema: public; Owner: postgres
--

SELECT pg_catalog.setval('"public"."link_report_project_id_seq"', 1, false);


--
-- Name: link_workspace_client_id_seq; Type: SEQUENCE SET; Schema: public; Owner: postgres
--

SELECT pg_catalog.setval('"public"."link_workspace_client_id_seq"', 10, true);


--
-- Name: link_workspace_user_id_seq; Type: SEQUENCE SET; Schema: public; Owner: postgres
--

SELECT pg_catalog.setval('"public"."link_workspace_user_id_seq"', 12, true);


--
-- Name: project2_id_seq; Type: SEQUENCE SET; Schema: public; Owner: postgres
--

SELECT pg_catalog.setval('"public"."project2_id_seq"', 11, true);


--
-- Name: project_iteration_id_seq; Type: SEQUENCE SET; Schema: public; Owner: postgres
--

SELECT pg_catalog.setval('"public"."project_iteration_id_seq"', 15, true);


--
-- Name: project_iteration_position_id_seq; Type: SEQUENCE SET; Schema: public; Owner: postgres
--

SELECT pg_catalog.setval('"public"."project_iteration_position_id_seq"', 43, true);


--
-- Name: role_id_seq; Type: SEQUENCE SET; Schema: public; Owner: postgres
--

SELECT pg_catalog.setval('"public"."role_id_seq"', 1, true);


--
-- Name: variables_id_seq; Type: SEQUENCE SET; Schema: public; Owner: postgres
--

SELECT pg_catalog.setval('"public"."variables_id_seq"', 50, true);


--
-- Name: workspaces_id_seq; Type: SEQUENCE SET; Schema: public; Owner: postgres
--

SELECT pg_catalog.setval('"public"."workspaces_id_seq"', 4, true);


--
-- PostgreSQL database dump complete
--

RESET ALL;
